,disclosed,mean_variance,black_litterman
2018-08-01,0.9994415204239641,0.9974282572104654,0.9975431892577545
2018-08-02,0.99955072892356,0.998261210773865,0.994928079418635
2018-08-03,0.9997454165657081,1.0011272610094095,0.9977815308402544
2018-08-06,0.9999572581578091,1.002751477348886,0.9991567307236934
2018-08-07,1.0003283523680502,1.0035845658566733,1.0010375167890602
2018-08-08,1.000203279533868,1.002202714541407,0.9960918339283732
2018-08-09,0.9999184316285972,1.0009139905907272,0.992937814968193
2018-08-10,0.9997551450664814,0.9990019713210386,0.9917188781316226
2018-08-13,0.9991904798697261,0.995977964668265,0.9856804642687157
2018-08-14,0.999587737044916,0.9991508297581249,0.9891950569560151
2018-08-15,0.998446389722,0.9949649453646925,0.9786138309850274
2018-08-16,0.9989672707507598,1.0004325845847994,0.9851888307898254
2018-08-17,0.9993666254750817,1.0037234151687373,0.9900751033195543
2018-08-20,0.9996698029263974,1.0059417474264736,0.9933443040061688
2018-08-21,0.9999484208334984,1.006421100443145,0.9932418787581226
2018-08-22,1.0001817601395073,1.0069431496673649,0.9957920340233182
2018-08-23,0.9999806504746702,1.0054754590730897,0.9929340214104848
2018-08-24,1.000306010251372,1.0088724144504653,0.9984615770288539
2018-08-27,1.0006325446541846,1.0113513004297174,1.0003763410536297
2018-08-28,1.0004712286676742,1.0119382328911384,1.0037693752920267
2018-08-29,1.000844685777974,1.014248198686305,1.0068894147792427
2018-08-30,1.0005744625961541,1.0114803517701154,1.0028707577402387
2018-08-31,1.0004783499697127,1.0113675930781951,1.0015689397029057
2018-09-04,1.0000238907604453,1.007572282356113,0.9942424241373238
2018-09-05,0.9999595746310382,1.0088072169636928,0.9954051094772413
2018-09-06,0.9994269442013048,1.0087815971560103,0.9929569494190792
2018-09-07,0.9992262770174012,1.0049139480382137,0.9881214843314258
2018-09-10,0.9994056025550729,1.0069139905999516,0.990646721202808
2018-09-11,0.9997745055749162,1.007406734261196,0.9927968148462616
2018-09-12,0.9999800355831988,1.008155073358658,0.9941452089145755
2018-09-13,1.0001820433753679,1.0104556924147945,0.9961555240223876
2018-09-14,1.000229496003735,1.0090051476856938,0.9935969142571971
2018-09-17,1.00022839213747,1.0089778408955146,0.9951228530470329
2018-09-18,1.0008718397882355,1.0104760069306722,0.9974944628412417
2018-09-19,1.0009355870079528,1.008372102725997,0.9938605058930949
2018-09-20,1.0014607420941164,1.0131518114740352,0.999960210013262
2018-09-21,1.0017483447628306,1.014471896165552,1.001782448618039
2018-09-24,1.00201265772885,1.010924384759645,0.9988385741943206
2018-09-25,1.0021235088020262,1.0102467756508806,0.9997030354364494
2018-09-26,1.0016139053315123,1.0071557265814246,0.9926737781194089
2018-09-27,1.0018743231331868,1.0089919818743518,0.9964018680025438
2018-09-28,1.0017511819841256,1.010557008180355,0.9994126984037321
2018-10-01,1.0024491872378678,1.0141021934175583,1.0066487047866377
2018-10-02,1.002571854486498,1.015486783826579,1.0086970114229634
2018-10-03,1.0028545916678666,1.015193880489003,1.0117643889419468
2018-10-04,1.0022315049240058,1.0103111609430295,1.004484629105802
2018-10-05,1.0019315547809873,1.0070656391601658,1.0003366310974349
2018-10-08,1.0022994100302731,1.01014028952608,1.0071586155251597
2018-10-09,1.0024605124697596,1.0095046621029702,1.0073014768041932
2018-10-10,1.0003615100606484,0.9939511563763603,0.9847809651412257
2018-10-11,0.9984996277391088,0.9816303489324848,0.9640561012731301
2018-10-12,0.9988361861533837,0.9851173488213811,0.9672381867707326
2018-10-15,0.9987536155858076,0.98497951770585,0.9686253676128412
2018-10-16,0.9997753513770504,0.9944036438387805,0.9811086386753524
2018-10-17,0.9996643027703892,0.9948156113776717,0.9820564984427972
2018-10-18,0.9987916698920799,0.9874629624432998,0.9709275456812013
2018-10-19,0.9986335927626132,0.9869319983027425,0.9708532176939264
2018-10-22,0.9979370771491806,0.9824025430107592,0.9625686911041758
2018-10-23,0.9972029260429178,0.9815249057329679,0.9589478697198915
2018-10-24,0.9950531322135112,0.9669318470791111,0.9388620581160816
2018-10-25,0.9959033697160623,0.973159766433426,0.9477751895700831
2018-10-26,0.9951320663876723,0.9670785431836395,0.9383006474875734
2018-10-29,0.9944294645981684,0.9646016249755155,0.933747030279157
2018-10-30,0.9957342585736251,0.9730551138032583,0.9472643763199919
2018-10-31,0.9962050207865653,0.9766511833879143,0.9524549849022993
2018-11-01,0.996832640026661,0.9829197888368263,0.9577715572427854
2018-11-02,0.996652130880091,0.9811585969524323,0.9567977091187139
2018-11-05,0.9979794668770237,0.9916944894058576,0.9763890002503437
2018-11-06,0.9983012785884333,0.9949886546472688,0.9801427159197379
2018-11-07,0.9994454351854501,1.005259277109521,0.9907827192051613
2018-11-08,0.9988314408304169,1.00246457944552,0.9924241248699446
2018-11-09,0.9988262976557367,1.0027646816392763,0.9965086260409209
2018-11-12,0.9979640128739269,0.9959396784801977,0.9952250077200758
2018-11-13,0.9975928379727744,0.9948606164932445,1.0025372750368067
2018-11-14,0.998637395148556,1.0041336888224637,1.0308968849738864
2018-11-15,0.9981068057611213,0.9999460442991527,1.0031400201487508
2018-11-16,0.9993543945320034,1.010727822477423,1.026066302916225
2018-11-19,0.9991961968857179,1.0073742709701714,1.0277310263649637
2018-11-20,0.9974217476259961,0.9926854631354569,1.0123871703711695
2018-11-21,0.9979309590723088,0.9952608862441171,1.0113726791996567
2018-11-23,0.9968945366540836,0.9897432080396809,1.0094156408063721
2018-11-26,0.9974772460323045,0.9938403921556723,1.0080389021475964
2018-11-27,0.9974281367964858,0.993732080026859,1.0089735451803752
2018-11-28,0.9994181654498213,1.012310748805433,1.039530771458469
2018-11-29,0.9993897779967601,1.0114172588412627,1.0354143184335283
2018-11-30,0.9996641196883114,1.015289927121794,1.0437033928259323
2018-12-03,1.0003225715285933,1.0171759475573765,1.041769523495713
2018-12-04,0.9986092701800207,1.003540291494846,1.0225750958868092
2018-12-06,0.9978938510834054,1.0010326079262841,1.017690372363949
2018-12-07,0.997194657587682,0.9915881795243238,1.0049045399558505
2018-12-10,0.9967771517242784,0.9932703045179766,1.0062132268589314
2018-12-11,0.9965806206146337,0.9918090873865598,1.002529618558488
2018-12-12,0.9964267427796009,0.9919545318318738,0.9972345611273175
2018-12-13,0.9965640527038292,0.9921483962715235,0.9983771589354576
2018-12-14,0.9947109524461769,0.9787207402282765,0.9739280673545114
2018-12-17,0.9929493607994585,0.966055062061463,0.9483702836505059
2018-12-18,0.9928335500340147,0.9688475332042146,0.9570593540239316
2018-12-19,0.9917921176574936,0.9607915468672706,0.9429830683906533
2018-12-20,0.9904495513608942,0.9526097212259826,0.9317588667365407
2018-12-21,0.9895076509131491,0.9455511672065543,0.9212646429555923
2018-12-24,0.9871688438385653,0.9302117059424682,0.8958763205181384
2018-12-26,0.9903088944031204,0.9501072094041655,0.9237588364816379
2018-12-27,0.9910142263356462,0.9580871802997022,0.934506327837638
2018-12-28,0.9904591594892779,0.9572097270453929,0.9279134723138023
2018-12-31,0.9902864965589593,0.9602886703108696,0.9233711280103747
2019-01-02,0.9906983362572149,0.9617160789844043,0.9224121841194823
2019-01-03,0.9896462710401629,0.9556459081438667,0.915731757848549
2019-01-04,0.9920057542443474,0.9677773970391089,0.9276339246049233
2019-01-07,0.9924882585902686,0.9699719068579933,0.9286700752998074
2019-01-08,0.9932050830754764,0.9731752926250018,0.9325258562413004
2019-01-09,0.9938287858353488,0.976203620440905,0.9341618143155908
2019-01-10,0.9940572817450679,0.9775435241130284,0.9354758208715247
2019-01-11,0.9942701376739571,0.9782359263854248,0.9380327278238374
2019-01-14,0.9949330312931722,0.9770007607476777,0.9409296124778532
2019-01-15,0.9951596927054402,0.980142326446972,0.9426310307126174
2019-01-16,0.9950899163735765,0.9808619483357325,0.9424212351978172
2019-01-17,0.9956438398068733,0.9843212950461513,0.9458853892272481
2019-01-18,0.9967809858659478,0.9913010498050351,0.9523545780336682
2019-01-22,0.9952528783984158,0.9858605714820003,0.9459725108098973
2019-01-23,0.9950034634041457,0.9862666596230902,0.9474275128639635
2019-01-24,0.9954360267774802,0.9883253596963948,0.9502295415889537
2019-01-25,0.9961855245761275,0.9905693755510365,0.9522980718132432
2019-01-28,0.995249276317883,0.9860811924865241,0.9468051490389515
2019-01-29,0.9954403746952997,0.9880213533376283,0.9484826264394227
2019-01-30,0.9963075869175898,0.9949730516303499,0.95409557826783
2019-01-31,0.9967564804182127,1.0001086216757176,0.9588606765927093
2019-02-01,0.9969451870435625,0.9999033775680021,0.9563982940467926
2019-02-04,0.9970983912691138,1.0008524647402288,0.9565104339939516
2019-02-05,0.9973793723799713,1.0032876006513083,0.959607922878945
2019-02-06,0.9970964791198921,1.0024958385321765,0.9583979280071324
2019-02-07,0.9959626001582054,0.9990911845210761,0.9574325871012146
2019-02-08,0.9959456002530193,0.9991528253906231,0.9580591777161495
2019-02-11,0.9962210656986374,0.9993029924233662,0.9579309735953662
2019-02-12,0.9971186382985763,1.0037355011931337,0.9603967478103289
2019-02-13,0.9974110820738552,1.0048195012149617,0.9598742313188876
2019-02-14,0.9973987325999136,1.005653817850357,0.9608430067476746
2019-02-15,0.9984484520473589,1.0106763852728957,0.9639658623789207
2019-02-19,0.998720447108684,1.0121075117522578,0.9650726742014523
2019-02-20,0.9988483326837482,1.0128905884257244,0.9645825073837393
2019-02-21,0.9984016328133096,1.0100081635758809,0.9634518805190911
2019-02-22,0.998782694880696,1.0133574773782643,0.9671405570486574
2019-02-25,0.9990338589217249,1.0135150944707767,0.9668499609561035
2019-02-26,0.9988126266408458,1.0139503218124173,0.9674864349656624
2019-02-27,0.9989257663819019,1.013350869882394,0.9661734004630707
2019-02-28,0.9985930272539112,1.0114087687924196,0.9655052852281794
2019-03-01,0.9993276625237036,1.0145441920895204,0.9641302465598426
2019-03-04,0.999285570065048,1.0140672573888994,0.9644153698643408
2019-03-05,0.9992305891408662,1.013178169350006,0.964663244272859
2019-03-06,0.9985707618160244,1.0094920041688944,0.9641528346706635
2019-03-07,0.9981663394273372,1.006425756196007,0.963905252309545
2019-03-08,0.9975684304935989,1.0033129934342488,0.9649317911410179
2019-03-11,0.9983647931346742,1.0103637338157558,0.9675966440178115
2019-03-12,0.9987418063924044,1.0132719036624709,0.9699063294496278
2019-03-13,0.9993228837505768,1.0166802856350354,0.9707231827970285
2019-03-14,0.9993325905930228,1.0162204144935871,0.9697097889967263
2019-03-15,0.9994160232043647,1.0190326382522175,0.972277826741438
2019-03-18,1.0000598575967976,1.0227713850877915,0.9729002544364663
2019-03-19,0.9999657372357619,1.0220461089420085,0.9728750379236066
2019-03-20,1.0000902935484521,1.0255486734717691,0.9769631296429924
2019-03-21,1.000712457747142,1.0294087391019677,0.9789475578539544
2019-03-22,0.9992230970861528,1.019331595761819,0.977109093509858
2019-03-25,0.9992309615972896,1.021307365278228,0.9794892043767149
2019-03-26,0.999928529842797,1.026648590406417,0.981211736383641
2019-03-27,0.9995395485267632,1.0241082339160907,0.9803566274262633
2019-03-28,0.9998085023425497,1.0265175486297344,0.9819042775689483
2019-03-29,0.9998540667653818,1.0276650423278606,0.9821274222894522
2019-04-01,1.0006844007103832,1.0298935897173662,0.9807092084649995
2019-04-02,1.0004286274311207,1.029552760162169,0.9819556901295926
2019-04-03,1.0001402514180564,1.0274147217824348,0.9803892377244736
2019-04-04,1.00041633011965,1.0293994985894492,0.9810215405873733
2019-04-05,1.0011877729875034,1.0335057059811263,0.983030266447184
2019-04-08,1.001407252502887,1.0332481642719082,0.981456479019301
2019-04-09,1.0008294215030802,1.0310470565437233,0.9816603876470875
2019-04-10,1.0010841418921903,1.033302603438845,0.9843807715653723
2019-04-11,1.0010214069357584,1.032494612168932,0.9830708529822988
2019-04-12,1.0013059194830962,1.0328945254172768,0.9826403668239041
2019-04-15,1.0009740316233913,1.0325774642502172,0.9823919917339263
2019-04-16,1.0011035045766086,1.0323241757954547,0.9791796643231521
2019-04-17,1.0008358448001935,1.0317284411834433,0.9784884998225322
2019-04-18,1.000737902458634,1.0322808688454905,0.9801510080710846
2019-04-22,1.0013323846357314,1.0342463783678335,0.978492040055462
2019-04-23,1.0015190679719532,1.036847492352622,0.9819584584767268
2019-04-24,1.001000191295288,1.0356190362094808,0.9839734383543847
2019-04-25,1.0008182077899312,1.03457512462428,0.9833611842713611
2019-04-26,1.0008120655810242,1.0348431308858081,0.9857173260201118
2019-04-29,1.0007893642603818,1.0344140996312199,0.9837953870181012
2019-04-30,1.000861177141458,1.0364315570898344,0.9859055647173388
2019-05-01,1.0000817550352483,1.0333791340998595,0.9846497927735564
2019-05-02,0.9994940928423449,1.0302281630992152,0.9829834456822437
2019-05-03,1.00008268265881,1.0339022990054245,0.9868158335591182
2019-05-06,0.999851731101814,1.034543704458947,0.9868809100159978
2019-05-07,0.9990087420742672,1.032101153558808,0.9840874445983117
2019-05-08,0.9990835700735611,1.0309814346542283,0.9828118783991204
2019-05-09,0.9989300028417158,1.0317120792860057,0.982888258528192
2019-05-10,0.9994212259573536,1.0333046552752188,0.9845890194330834
2019-05-13,0.9980781325403224,1.0293933517669054,0.9814642516913259
2019-05-14,0.9988402961581967,1.0324766756812755,0.9835704386839004
2019-05-15,0.9991007228476897,1.0351734346235457,0.9863253104868941
2019-05-16,0.9996257058763057,1.036436429812129,0.98671499905992
2019-05-17,0.9990731154820882,1.034723567149666,0.9856881895391439
2019-05-20,0.9989284759945706,1.034058255904205,0.9844624568087574
2019-05-21,0.9994600604413172,1.036005555243969,0.9857244874633644
2019-05-22,0.9986954652354229,1.0345612817304548,0.9862959903317285
2019-05-23,0.997495868635947,1.0300563825901026,0.9864058132310379
2019-05-24,0.9977133591804623,1.0314292138515615,0.9874229327884185
2019-05-28,0.9969584182171144,1.02948579552932,0.986764296549502
2019-05-29,0.9966570097935373,1.0282025563420922,0.9857183491350022
2019-05-30,0.9963055367053251,1.0282178470520627,0.9886855359225838
2019-05-31,0.9951788971159913,1.0262495730996632,0.9893145806427901
2019-06-03,0.9955442282852281,1.028627801816964,0.9914144704507486
2019-06-04,0.9967976562348805,1.0325430056231373,0.9934828246775148
2019-06-05,0.9967020416791014,1.0338704366831442,0.9954203682480766
2019-06-06,0.9973074965398014,1.0359343901104925,0.9969073339365514
2019-06-07,0.9978331755197903,1.0404695367453964,1.0012356222117886
2019-06-10,0.9980489559412465,1.0394685013658385,0.9993218070240014
2019-06-11,0.9982163357541317,1.0389935713729377,0.9989711776776736
2019-06-12,0.9977102307317829,1.03886529271026,0.9998814301799231
2019-06-13,0.9980960360376867,1.0407901104764319,1.0019624928107913
2019-06-14,0.9980036203203463,1.040514259639729,1.0019354040899628
2019-06-17,0.9981763161455538,1.040375170942513,1.0021242523692917
2019-06-18,0.9988495929482647,1.0457117846975554,1.007209342989171
2019-06-19,0.9988722501595043,1.0488625529806666,1.0119390278465847
2019-06-20,0.9996708584450463,1.053206651637048,1.0156505925894435
2019-06-21,0.9996510816098333,1.050091825245215,1.011095347410707
2019-06-24,0.9996775660424141,1.0509991183042258,1.0127426068117473
2019-06-25,0.9990626892788999,1.0482268993563475,1.0101282119710067
2019-06-26,0.9993596893838371,1.0477965853572875,1.0082436129033145
2019-06-27,0.9995204408072543,1.0505249019444176,1.0120512673239195
2019-06-28,1.0000417211949122,1.0524939152908674,1.0137117319416513
2019-07-01,1.0002489919516044,1.0540846788138825,1.0160344012223075
2019-07-02,0.9998799289247273,1.0547614223078439,1.0190547754556671
2019-07-03,1.0004702554774685,1.0576993121104399,1.0229604442861726
2019-07-05,1.000739362856917,1.0547401189011023,1.0183368428526043
2019-07-08,1.000543145246772,1.053973566422698,1.017130327711631
2019-07-09,1.0005760253758726,1.054165760408979,1.0164168215578075
2019-07-10,1.0012147825545854,1.0567065799373605,1.0185849039303403
2019-07-11,1.00113826558127,1.0555130700557636,1.0158996229511352
2019-07-12,1.001591338565923,1.0578443310910983,1.0178363801710961
2019-07-15,1.00123448704167,1.0575550491749184,1.0188214915175875
2019-07-16,1.0005721713939613,1.0553748704919885,1.0172243822576326
2019-07-17,1.0000006445041472,1.055066780952551,1.0177817801358116
2019-07-18,1.0000870149423278,1.0569184808296295,1.0200032118696987
2019-07-19,0.9999168925925892,1.055807467176319,1.0171944557864903
2019-07-22,1.000274359739756,1.0572407256965834,1.0186256690174469
2019-07-23,1.0006364117051836,1.0587517184440127,1.0211564025635307
2019-07-24,1.0008044686857183,1.0613142169681065,1.023788016787207
2019-07-25,1.0003339015776087,1.059280541516516,1.021705296167804
2019-07-26,1.000238434560439,1.0599023884265977,1.023227143742446
2019-07-29,0.9999425104318609,1.0594465658993568,1.0233391862191759
2019-07-30,1.000263829745465,1.0606333739026765,1.0234318602418313
2019-07-31,1.0000326124796504,1.0582838081238173,1.0207514091856689
2019-08-01,0.9989157435295857,1.057128814050593,1.0215438764469136
2019-08-02,0.998224712306267,1.0550158215846324,1.0199492917451811
2019-08-05,0.9960827390303366,1.0463421021435748,1.010894626866631
2019-08-06,0.9966780385491694,1.0512340571217302,1.0175841259662248
2019-08-07,0.9965267113418098,1.0527457577512598,1.0192867314106766
2019-08-08,0.9981618483707434,1.0607697081068739,1.0268683851949312
2019-08-09,0.9975589752716744,1.0578708483297279,1.0236474677251453
2019-08-12,0.9967701857644319,1.0555013395175423,1.02109876187463
2019-08-13,0.9976866218725844,1.0590512293065486,1.0250369316527173
2019-08-14,0.995554645643269,1.0506391449456938,1.0172570612407834
2019-08-15,0.9958357845979774,1.0532022723916403,1.0212764642407628
2019-08-16,0.9967512693379257,1.058118928627541,1.0269650908313055
2019-08-19,0.9977549570203104,1.0611165506319034,1.0288865804446923
2019-08-20,0.9973663595969443,1.0599967260616563,1.0286073823423383
2019-08-21,0.9977448056909967,1.062324755410932,1.0316229471573022
2019-08-22,0.9975273570524961,1.061241697965816,1.0308081733264103
2019-08-23,0.9956893651515334,1.0533248871151077,1.0238144328661987
2019-08-26,0.9964315322548786,1.0560710067951475,1.0272216524153492
2019-08-27,0.9960937643900903,1.0567350691394426,1.0286916867843707
2019-08-28,0.996915598345902,1.0602588252677074,1.0316827007066502
2019-08-29,0.99793665561453,1.0639516996594816,1.0352279040844312
2019-08-30,0.9979545950047767,1.0641653518876335,1.035776861402213
2019-09-03,0.9978410596389364,1.0629167494992005,1.035502314604559
2019-09-04,0.9989853494529732,1.0674054483671191,1.039834079357234
2019-09-05,0.9997085467026252,1.0677301104361476,1.0375587798053314
2019-09-06,1.0000698847779728,1.0694906461586282,1.0395198300980726
2019-09-09,1.000897960270741,1.06751564062542,1.03485136681944
2019-09-10,1.0011241933118615,1.0651434864680778,1.0298809403082656
2019-09-11,1.0013158711954617,1.0653622622341943,1.0304692289281305
2019-09-12,1.001365154806307,1.065420926032101,1.0309377903668278
2019-09-13,1.0015545725023665,1.061345197156858,1.0246166312653167
2019-09-16,1.00261114316319,1.063431475032726,1.0260627889606402
2019-09-17,1.0022532495017773,1.0644583778078978,1.0287695199646267
2019-09-18,1.0020292735092025,1.0655618812462644,1.0297120398014592
2019-09-19,1.001744295500109,1.067138428009842,1.0314904503350142
2019-09-20,1.001625216412518,1.0687065075387152,1.033875935161136
2019-09-23,1.001676705008576,1.06920752031492,1.034200049608828
2019-09-24,1.0009195958436559,1.0678651525875797,1.0343189891671352
2019-09-25,1.0010650993391768,1.066589744055662,1.0320749779168221
2019-09-26,1.000538537051147,1.065973443062746,1.033425933051514
2019-09-27,1.0002196790677524,1.0653944875941226,1.032849178441665
2019-09-30,1.0000396199425958,1.0665530395516571,1.0350101101077869
2019-10-01,0.9988198594385693,1.060073079224926,1.0314060430697811
2019-10-02,0.9973883563297462,1.052631926476976,1.0270014785493622
2019-10-03,0.9982891037787336,1.0578742455099022,1.0317741763337416
2019-10-04,0.9990488276529211,1.0640146942252686,1.0379355989237022
2019-10-07,0.9984112936734217,1.0599783501277378,1.033894272455942
2019-10-08,0.9973400979680391,1.0544062559395728,1.0297739707738496
2019-10-09,0.9977724933675002,1.0573105368780553,1.032020126000862
2019-10-10,0.9982061430893807,1.058700688931955,1.031297285728949
2019-10-11,0.9990286516416303,1.0618458194241756,1.0325268269208343
2019-10-14,0.9991218302376352,1.0629735093768573,1.0333597307046027
2019-10-15,0.9997106694178325,1.0651809098085865,1.0342618859240669
2019-10-16,0.9991731069616869,1.0635055116850098,1.0344785207815093
2019-10-17,0.9993931367925692,1.0645308411476282,1.0356925057201536
2019-10-18,0.9992203041251306,1.0639365877695797,1.0356647844581193
2019-10-21,0.9997023662523786,1.0658501466714876,1.0356103474032148
2019-10-22,1.0000040158271524,1.067959438401848,1.0363082323462087
2019-10-23,1.0002411113161815,1.0692201638841343,1.0365507404965506
2019-10-24,1.0002295678651023,1.0692041062268167,1.0371873239617941
2019-10-25,1.0005701825302442,1.0708332416087603,1.0373137275898723
2019-10-28,1.0008049348203054,1.071079457093271,1.0369212667296075
2019-10-29,1.0011064505638567,1.0722033507155575,1.0367253305650488
2019-10-30,1.0008618881993716,1.0724876018728942,1.0396056834981071
2019-10-31,1.0005102919455016,1.0733432722871035,1.0416044628093826
2019-11-01,1.0016716388105213,1.0792253674061378,1.0437203929701422
2019-11-04,1.002915024785125,1.083944509550349,1.0418528415004824
2019-11-05,1.002975954742044,1.0825457151476088,1.037317368852895
2019-11-06,1.0023676810450388,1.0817258078273,1.0398604920098575
2019-11-07,1.0027157016497883,1.0817578345927559,1.0356817005639278
2019-11-08,1.002655651209986,1.0816799201707394,1.035441550172171
2019-11-11,1.002026226087634,1.0800469790664349,1.034900949103052
2019-11-12,1.001870565287488,1.0802032467263083,1.034659261873886
2019-11-13,1.0018827541694495,1.081132913579057,1.0369598710878323
2019-11-14,1.001856794945845,1.082380292560489,1.0404960850845821
2019-11-15,1.0023851805199537,1.0855570050999122,1.0422006128258972
2019-11-18,1.0017550351851483,1.0843112499223606,1.042759438537102
2019-11-19,1.0011653237348925,1.0820942083961174,1.0428517566071454
2019-11-20,1.0014299052745557,1.083270621571296,1.0435254214293201
2019-11-21,1.0017873843490617,1.0844289857097105,1.040949437547472
2019-11-22,1.0019848595498797,1.0856281205546738,1.042236575168409
2019-11-25,1.0020310129544816,1.0885876799459995,1.0445546735849123
2019-11-26,1.0017711997140732,1.0887860471874384,1.04766590539097
2019-11-27,1.00193018755961,1.0902935983287625,1.0484048246473907
2019-11-29,1.0009690188993159,1.0868495047764766,1.0459642444525958
2019-12-02,1.0006710609431988,1.0830763868787572,1.0411987169323484
2019-12-03,1.0003725671252341,1.0802900093483545,1.0420301258710882
2019-12-04,1.0009899029733818,1.084924199937758,1.0441540841612416
2019-12-05,1.0009343027280575,1.0843867205520674,1.0442243605085009
2019-12-06,1.0016160951321307,1.0905672985132382,1.0473032368416195
2019-12-09,1.0012470853200495,1.0898096667259234,1.0466578478659891
2019-12-10,1.0012613067354337,1.089526946387456,1.0455994774727342
2019-12-11,1.001292995014619,1.0916988294557446,1.0486068267569317
2019-12-12,1.0023447944509414,1.0967393580862488,1.0494822956086978
2019-12-13,1.0021168883786646,1.0971767449835577,1.0522642988315802
2019-12-16,1.0028286441497312,1.1005416194763156,1.0532646211816137
2019-12-17,1.002781823700302,1.100954427818238,1.053015384850864
2019-12-18,1.0027671792302082,1.1005072386604264,1.0520221807076218
2019-12-19,1.0029473579814139,1.10154157335053,1.0536935723107468
2019-12-20,1.0034919598424588,1.1052007501613286,1.0559166925107113
2019-12-23,1.0035399791081467,1.1069308554391497,1.0556669467092163
2019-12-24,1.0034926357589613,1.1072959334683625,1.0562260513042545
2019-12-26,1.0038382817137244,1.1089229220577497,1.0584114584541422
2019-12-27,1.0037027789696704,1.1089303631102803,1.0596267508655401
2019-12-30,1.0032450907267072,1.1065079826561468,1.0576688257309037
2019-12-31,1.0034735598498998,1.107430907679494,1.057405696922716
2020-01-02,1.003802958300288,1.1115565977356157,1.060695145346945
2020-01-03,1.0034731539642585,1.1098819654005954,1.0593394685111963
2020-01-06,1.0038399528744044,1.110383165999211,1.0590160724798763
2020-01-07,1.003637368306248,1.1083951938035816,1.0570684866104179
2020-01-08,1.0033277640421951,1.1086082862327944,1.0584662367805926
2020-01-09,1.003797299513733,1.113146208421089,1.0625453830508629
2020-01-10,1.0037043101904797,1.112048692091722,1.0624622097426528
2020-01-13,1.0039584530869425,1.1141872255884095,1.0652015524014522
2020-01-14,1.003918239650424,1.1149173239728685,1.0655836007572488
2020-01-15,1.0036861641694903,1.1156481119926949,1.0676360565790102
2020-01-16,1.0039031740521271,1.1198170298485168,1.0717105787573311
2020-01-17,1.0036078648927143,1.1201572463119895,1.0727899014294966
2020-01-21,1.0027347479048816,1.1190002864335804,1.0734702098769549
2020-01-22,1.0025380929768948,1.119164419589081,1.0743475750785476
2020-01-23,1.002493835239927,1.1204095535453191,1.0756730825249041
2020-01-24,1.0017294896569415,1.1169211585612147,1.07295366615633
2020-01-27,1.0004300491468128,1.110313400187055,1.0676261556638122
2020-01-28,1.0010057667692227,1.1130750417824378,1.0706412932144325
2020-01-29,1.0005457036906382,1.1128468417959796,1.0709664222475654
2020-01-30,1.000688467341314,1.115148063901797,1.0722678551075635
2020-01-31,0.9991958757822058,1.1058311441745075,1.0651099129978594
2020-02-03,0.999002171648422,1.108608197405203,1.067196831008087
2020-02-04,0.9998236079508158,1.114511022952381,1.071677596982946
2020-02-05,1.001333369688873,1.1211145048254387,1.076059953892862
2020-02-06,1.001115205263565,1.1222283212078072,1.077339218602354
2020-02-07,1.0006330531025205,1.1203846372517143,1.0763317814486009
2020-02-10,1.0004280793140352,1.1238833893742113,1.079695028306131
2020-02-11,1.0009046941086894,1.1245786679801943,1.0803838749598615
2020-02-12,1.0016744051729694,1.126770888810173,1.0820166316732276
2020-02-13,1.0014790051387386,1.125795565747659,1.0812367768251678
2020-02-14,1.0014452530361242,1.1267308307960007,1.0829412233222508
2020-02-18,1.0014201422758588,1.1248638416184764,1.0814971558616875
2020-02-19,1.001957771974699,1.1269560004441008,1.0819231084277587
2020-02-20,1.0017046892174903,1.1264214946784232,1.0822119970521513
2020-02-21,1.0010526324746967,1.1237462853609075,1.0808324809151066
2020-02-24,0.9983797029037111,1.109377608832817,1.0692230079194776
2020-02-25,0.9960327321986522,1.0951484094117807,1.0587096380314638
2020-02-26,0.9949108639345425,1.0923566722768017,1.056032796534002
2020-02-27,0.9913535330985132,1.070533831127604,1.0371053417926086
2020-02-28,0.9910281142894114,1.0679258605229074,1.0366308544459937
2020-03-02,0.9938493601868279,1.0935113987537923,1.0524116139426483
2020-03-03,0.9923575069537884,1.0783774961546224,1.0469865614854332
2020-03-04,0.9947400615108418,1.1031436400661652,1.0638759974894139
2020-03-05,0.9922420505827737,1.0842265097692654,1.0512609814343192
2020-03-06,0.9899881402567996,1.0759715846681854,1.0468839621624295
2020-03-09,0.9817614447673605,1.0330728397573323,1.0058371237496972
2020-03-10,0.9850210591223174,1.055711740568967,1.0189926743487567
2020-03-11,0.9809982492986163,1.0204943497357188,0.9858152143880945
2020-03-12,0.9731118994423783,0.9458207568561761,0.9221197151220307
2020-03-13,0.9795582671816936,1.0024898335496104,0.9674520529875161
2020-03-16,0.9710255246934484,0.9400073719914271,0.9207456910519737
2020-03-17,0.9730907790063609,0.9704122487211105,0.9357667496570159
2020-03-18,0.9663586797107204,0.9229287967812081,0.8907899180948865
2020-03-19,0.9680081610474797,0.9149592218733636,0.8836494916826029
2020-03-20,0.9665087128854104,0.8957314469663684,0.8789874745796293
2020-03-23,0.9638871608801748,0.8880866609087347,0.8824211703933338
2020-03-24,0.9720865469589307,0.9394014304038044,0.9219768667812092
2020-03-25,0.9743069763372602,0.960448317411053,0.9446958691912734
2020-03-26,0.9783631516400939,1.004170054429601,0.9746643313865244
2020-03-27,0.9754369844772149,0.9847656887376082,0.9607981500578743
2020-03-30,0.9770405088131152,1.003055566858301,0.9743482935549361
2020-03-31,0.9765504753981885,0.9907047916400373,0.9645924635036913
2020-04-01,0.9730902446510952,0.9620412578752964,0.9528077495400857
2020-04-02,0.9763402131488705,0.9856698877873866,0.9594575516277057
2020-04-03,0.975848367365536,0.977225963327061,0.9555954866627544
2020-04-06,0.9803928787824195,1.015241396090538,0.9724725407062688
2020-04-07,0.9815386824745493,1.0178251952120034,0.9716475559712706
2020-04-08,0.9843917264556702,1.0442162470849212,0.9805102973230646
2020-04-09,0.9850166746866068,1.0524556117814663,0.9876230257470656
2020-04-13,0.9843216141192257,1.0456760216123433,0.9832287104929263
2020-04-14,0.9849977965841193,1.0591245059662484,0.991501760139829
2020-04-15,0.9825323540529844,1.0416669361904394,0.9885792893991806
2020-04-16,0.9818789635154065,1.0366388434946274,0.9895807910426084
2020-04-17,0.9860692512220227,1.0665462259037488,0.9964493025371486
2020-04-20,0.9849638763098193,1.0529475236548564,0.9913850215189259
2020-04-21,0.9831263816741171,1.0355399924601212,0.9843653472546822
2020-04-22,0.9850897338570812,1.0502707998721195,0.9887401380688046
2020-04-23,0.9856132030888081,1.0550930337773632,0.9884263129526533
2020-04-24,0.9859240079584458,1.0623959842472164,0.9919041518506445
2020-04-27,0.987312273403388,1.0730351628508439,0.9944105289954217
2020-04-28,0.9881198779527554,1.0761673878464406,0.9955005521369465
2020-04-29,0.9907926096489836,1.1002900520340266,1.0010965766659652
2020-04-30,0.9898399258859013,1.0900783975764314,0.9964523162056964
2020-05-01,0.987012209928621,1.0689971451716371,0.9915024723609636
2020-05-04,0.9884020147193422,1.0785268575776463,0.9921975197902536
2020-05-05,0.9891425898595579,1.080774115124465,0.9936115051367546
2020-05-06,0.9875144177258317,1.0714513235563639,0.9898494113610112
2020-05-07,0.9884933433252181,1.0829546198413913,0.994612007576962
2020-05-08,0.9901870324880478,1.098125406537221,0.9965762339373677
2020-05-11,0.989727817041134,1.0926534379887753,0.9947242959831053
2020-05-12,0.987901163138959,1.0837157381670042,0.9923115850962176
2020-05-13,0.9857009005823812,1.0681314129383475,0.9895016694155149
2020-05-14,0.9864726296115094,1.0745741232313628,0.9928691012140273
2020-05-15,0.9864651205547721,1.0744349170452612,0.9937608677524923
2020-05-18,0.9905964821640485,1.1014118118688092,0.9986105821042907
2020-05-19,0.9894075222511706,1.0923298336136962,0.9971215921332209
2020-05-20,0.9909204059505712,1.1071194803424027,1.0010908748811715
2020-05-21,0.990090152114163,1.1011134700205485,0.9998968811440522
2020-05-22,0.9900613169780418,1.1006181524499759,1.000956262935351
2020-05-26,0.9917723843961468,1.1107803425598184,1.0032239255749371
2020-05-27,0.9926363865953856,1.1183264199390068,1.0069375101307279
2020-05-28,0.9916545462290202,1.1104133517629367,1.0069240057766602
2020-05-29,0.9916716052629052,1.111273310220433,1.009385202681477
2020-06-01,0.9921676327059072,1.11576951111228,1.0095625781238595
2020-06-02,0.9933390575250517,1.1229745189582738,1.010908594676585
2020-06-03,0.9949446023368639,1.1299708775162944,1.0110815655099323
2020-06-04,0.9949035620807742,1.1280349931717482,1.0088581826742165
2020-06-05,0.9979759000805869,1.1475192275609858,1.01138267654962
2020-06-08,0.999926164277849,1.1603747234331387,1.0140819131860472
2020-06-09,0.9982699772478747,1.152118079645453,1.0137443305255835
2020-06-10,0.9966383146969022,1.143477609593557,1.0160753067786596
2020-06-11,0.99167061499693,1.1102722915049101,1.0057660802442352
2020-06-12,0.9927203698887813,1.117753323926682,1.0073867538513104
2020-06-15,0.9929677843636038,1.120364060692612,1.0090714058069188
2020-06-16,0.9942306366465604,1.1302570699951269,1.011719891743623
2020-06-17,0.9931866031200948,1.1224475625460828,1.0112329798223576
2020-06-18,0.9934636765552106,1.125776973690756,1.012061748726121
2020-06-19,0.9928603195172768,1.121466139782061,1.011129610810705
2020-06-22,0.9930122907935802,1.1236409907420954,1.011588356360315
2020-06-23,0.9929776296967173,1.124740341093366,1.0120479288542286
2020-06-24,0.9902784435349112,1.108076718541873,1.0083210755484993
2020-06-25,0.9907238142821327,1.1144794087797765,1.0103058991633458
2020-06-26,0.9889884975974415,1.1027680402164286,1.0077299209145147
2020-06-29,0.9906621713918451,1.1095552634286232,1.0112715791362474
2020-06-30,0.9919634250566453,1.1166675695054442,1.0132697065391352
2020-07-01,0.9911859971123362,1.1128220758297973,1.0132900586307338
2020-07-02,0.9919007016694902,1.1172917837164538,1.0153063158104834
2020-07-06,0.9929263946473512,1.120860441892301,1.0164083496393763
2020-07-07,0.9917710075037852,1.1129519053815204,1.0165337167600146
2020-07-08,0.9917867760051406,1.1141651323166548,1.0167258770963548
2020-07-09,0.9898809767841867,1.1035834173058092,1.017160098492753
2020-07-10,0.9913481820909927,1.1117527866334076,1.0177240838235593
2020-07-13,0.9906779422282854,1.1090689752550429,1.0173849923045741
2020-07-14,0.9922636732532187,1.1191934350271304,1.0197356107864457
2020-07-15,0.9934909506013423,1.1258824798952785,1.021274740465601
2020-07-16,0.9930506473299231,1.12429016090337,1.021349168320583
2020-07-17,0.9927394208132317,1.122269180317694,1.0222768908332662
2020-07-20,0.9920423498034163,1.1209182907761954,1.0230228081392776
2020-07-21,0.9940699844513201,1.1341484204328067,1.0241910960866258
2020-07-22,0.9941133418158142,1.1330285650445981,1.025515878390038
2020-07-23,0.9942470539947633,1.1299985710737481,1.0247304815935225
2020-07-24,0.9939573369915862,1.1271547072045145,1.0236908681755983
2020-07-27,0.993949392112351,1.1285611280567296,1.0236366916879909
2020-07-28,0.99364132428481,1.1244653093174817,1.0238739131243024
2020-07-29,0.9949293456231504,1.1324216839360963,1.0265904975008517
2020-07-30,0.99344517171917,1.1240744550825985,1.0266817967799613
2020-07-31,0.9931945790586785,1.1250024940968317,1.0273496708873688
2020-08-03,0.9946932844183153,1.1270831796887242,1.0285490667958896
2020-08-04,0.9958766935229416,1.1320816700206713,1.0307112761226627
2020-08-05,0.9965212613329278,1.133840624870187,1.0305250805509216
2020-08-06,0.996254484689853,1.134263229542426,1.0319380120142023
2020-08-07,0.9968641172746138,1.134774138397143,1.0319577854019129
2020-08-10,0.9976826871531482,1.1393890267666518,1.0321703596165357
2020-08-11,0.9973622210038113,1.1366095750643728,1.0296965207777973
2020-08-12,0.9981050016115927,1.1393544926729693,1.029990059358655
2020-08-13,0.9974827163132404,1.1354263020233144,1.0277889497555264
2020-08-14,0.9982199271075469,1.1371820711575116,1.027746388130028
2020-08-17,0.9981406068537356,1.137410538876388,1.0288580556553
2020-08-18,0.9979462152435106,1.136717751966823,1.0298028702751874
2020-08-19,0.9974616370963031,1.1337064739536467,1.0282076354265843
2020-08-20,0.9966844280901702,1.1322891560557706,1.0295010890018266
2020-08-21,0.9967419283373549,1.1321808431628957,1.0304609998948775
2020-08-24,0.9981225670388737,1.1380950385348916,1.031709656919439
2020-08-25,0.9976726377262711,1.1358717878387674,1.030621943465095
2020-08-26,0.997038919064867,1.1346909047586167,1.0312376833402876
2020-08-27,0.9976854037453279,1.1347048242553188,1.0301483812909207
2020-08-28,0.998416732893322,1.1394827970800565,1.0324333225917461
2020-08-31,0.9974767418471792,1.1359454568625997,1.0324468535754685
2020-09-01,0.9972851677463249,1.1394589278217218,1.0345588214656967
2020-09-02,0.9978008703883637,1.1451377537124947,1.039722978330985
2020-09-03,0.9964305434079239,1.1346768645583745,1.0311104505394306
2020-09-04,0.9963924529736128,1.1311147964820227,1.0286109150625165
2020-09-08,0.9939320737355215,1.1224391712963835,1.0207820937237648
2020-09-09,0.9947861553111255,1.128146792401122,1.0254426620541564
2020-09-10,0.9929479973826145,1.1228162331237868,1.0207233142988832
2020-09-11,0.9929933341095368,1.1242675630933388,1.0220417018110757
2020-09-14,0.9939466996192056,1.128815711567395,1.0264738544841983
2020-09-15,0.9940031390959668,1.129678370538177,1.0277382093171274
2020-09-16,0.9948834527665702,1.1290346240358078,1.0265226647383903
2020-09-17,0.9942640514221986,1.1264917308496467,1.0233847100878797
2020-09-18,0.993768847988158,1.1227806771235178,1.0213221752049702
2020-09-21,0.9923297355386953,1.118066774268667,1.0179090496419092
2020-09-22,0.9920209772124647,1.120033710313397,1.0184566883255617
2020-09-23,0.9904505454613756,1.1133332638025981,1.0151996808760912
2020-09-24,0.9906973994454501,1.1143253322173026,1.0161452902890027
2020-09-25,0.9910869173358512,1.1194441367231338,1.019522093655193
2020-09-28,0.9923613680931251,1.1255210967612013,1.0241733769608365
2020-09-29,0.9907483916486658,1.1229798550392702,1.0200931802845012
2020-09-30,0.9909639081656291,1.124315511052757,1.0212425006919474
2020-10-01,0.9902597048443601,1.119299272348434,1.0234537109152324
2020-10-02,0.9903335561016137,1.1203022040068702,1.0210334368882572
2020-10-05,0.992265932497144,1.1337013604736053,1.0252981979481715
2020-10-06,0.9911375117496803,1.1266860610616647,1.0228786785611317
2020-10-07,0.9923826989395449,1.1370817070512458,1.027621413243422
2020-10-08,0.9939702403093974,1.1525788085747959,1.0331648980785066
2020-10-09,0.994065055290304,1.151094408250902,1.0358335292655365
2020-10-12,0.9948154714130587,1.1568096022688603,1.0404291013679212
2020-10-13,0.9940014376163995,1.1501567485207027,1.0381373531572875
2020-10-14,0.9934760079673789,1.1499495028175999,1.0374844376429266
2020-10-15,0.9941762179490352,1.1526177332511225,1.0357098516708283
2020-10-16,0.993513251951355,1.1473086590349142,1.0358040239739692
2020-10-19,0.9924911790511468,1.136562910070858,1.0305786446844936
2020-10-20,0.9929185864278876,1.1405082874687873,1.0309332086147613
2020-10-21,0.9923995493901782,1.1334881149615241,1.0290080196830813
2020-10-22,0.9935915395836247,1.1446470065064818,1.0283493841099554
2020-10-23,0.9934858497839701,1.146473921173392,1.0312656104653595
2020-10-26,0.9918901237027984,1.1304191696904389,1.025978858815631
2020-10-27,0.9913676308121598,1.1255274841027652,1.0268660734280983
2020-10-28,0.9889335900438432,1.102473922965558,1.0156008429960368
2020-10-29,0.9901494159285731,1.1127803239503848,1.0171693149191385
2020-10-30,0.9901194436490851,1.1108609917619177,1.013255357359128
2020-11-02,0.9914036365115427,1.1207775122383143,1.0184270554816415
2020-11-03,0.9916826839071837,1.1256953320103382,1.0266723106863107
2020-11-04,0.9921768181922269,1.1314703858242605,1.0380550471123169
2020-11-05,0.9927266193871489,1.138369895078245,1.0463162512862818
2020-11-06,0.9919457734722734,1.1334815082345928,1.0442648668556134
2020-11-09,0.9966702676595973,1.1650447901278298,1.0528602660769024
2020-11-10,0.9979309507394221,1.1709294028352015,1.0534034163924697
2020-11-11,0.9980786509115557,1.1717680236104493,1.0567220483122086
2020-11-12,0.9965341947159866,1.162075610468101,1.0522157971751485
2020-11-13,0.9982670731453924,1.1736270681682859,1.0588781418316224
2020-11-16,1.0000440118749852,1.1886517396201217,1.0641088217689942
2020-11-17,1.0001686853336451,1.1905977575422888,1.0631051298549128
2020-11-18,0.9989220863357788,1.1846296117685093,1.0604968979647724
2020-11-19,0.9993111981693102,1.1901275871119839,1.0634394129882747
2020-11-20,0.9990638065718814,1.1893546695585873,1.063813608000796
2020-11-23,1.001431684777197,1.2040168033079846,1.0661267509717864
2020-11-24,1.003675874638863,1.2175840191766791,1.072071286827402
2020-11-25,1.0030381801417427,1.212033450428307,1.0703832430308453
2020-11-27,1.0025459310398102,1.211623639259108,1.073192738963744
2020-11-30,1.0009126375162907,1.1977194090757075,1.0684563991248528
2020-12-01,1.0013753694471572,1.2029258679161228,1.073965664831136
2020-12-02,1.0019756243830444,1.2066000084974542,1.073995797986327
2020-12-03,1.0017472931141553,1.2102181650897519,1.0764991202971517
2020-12-04,1.0038026009365555,1.2198162755639923,1.0802131347508628
2020-12-07,1.0026007695945758,1.2149723087790363,1.0773091399565522
2020-12-08,1.003194448371384,1.2183157482789424,1.077975619795956
2020-12-09,1.0030266405816242,1.218587442650398,1.0770113627509132
2020-12-10,1.0042638728992885,1.2234453478784901,1.0794626194369816
2020-12-11,1.0039532356203043,1.2215353146696029,1.0796402376195446
2020-12-14,1.0029100531989819,1.2153738926047704,1.077905024895299
2020-12-15,1.0040345661556638,1.2221253469632847,1.0838836508655518
2020-12-16,1.0039651057534404,1.2219182379447413,1.0837924897969142
2020-12-17,1.0040167373675952,1.223073191981813,1.0866659881342458
2020-12-18,1.0034410922928625,1.2195607735331004,1.0843769481742191
2020-12-21,1.0027167547441795,1.2153303069595347,1.080811790594412
2020-12-22,1.0022950195056064,1.2128154014660848,1.0799409644245246
2020-12-23,1.0026787879430215,1.217808411582586,1.082194859151647
2020-12-24,1.0025691756543653,1.2190058713080605,1.0848099071509634
2020-12-28,1.0020816379892967,1.219251614554684,1.0873682088016965
2020-12-29,1.0021266196134975,1.218970496890598,1.0888056325081408
2020-12-30,1.002645700792971,1.2224464951121548,1.091046348268256
2020-12-31,1.0029842921871903,1.2234812730693625,1.0933086175755482
2021-01-04,1.002635037642953,1.2188123709919743,1.0854973721630479
2021-01-05,1.00437042218126,1.2281764250832536,1.0903430696331629
2021-01-06,1.0056918628264022,1.2379795871008101,1.0966804818650264
2021-01-07,1.0063595354132508,1.2416641638964239,1.0995898574851357
2021-01-08,1.0065011540875426,1.2419287195549433,1.1039683767297597
2021-01-11,1.0069762509694975,1.242117429735057,1.0992975677415855
2021-01-12,1.00793201598563,1.250255071265748,1.101444281903748
2021-01-13,1.0078186283686552,1.2495836421866378,1.1030330128991186
2021-01-14,1.0084437198439042,1.2546372942416237,1.1035438331078746
2021-01-15,1.007329470310078,1.245518835905487,1.097575685744505
2021-01-19,1.0075966608936724,1.2502092682087846,1.1009001805668412
2021-01-20,1.008053069772936,1.2525585111131334,1.105608810476698
2021-01-21,1.0069737275230244,1.2468678057978058,1.104159294770105
2021-01-22,1.0065548475049824,1.24373450311787,1.1009997593679999
2021-01-25,1.0069048868015813,1.2460045417028487,1.105483105199729
2021-01-26,1.006365888741442,1.2435342450511646,1.1042775609759439
2021-01-27,1.0051847507738547,1.2340191422951665,1.0893622042529378
2021-01-28,1.0058601348085399,1.2380290876339326,1.0946165167380983
2021-01-29,1.003869630386679,1.2251789672110964,1.0812315553505836
2021-02-01,1.0053702292284585,1.2340185026851918,1.0948268385751878
2021-02-02,1.0061925097239304,1.240580110475624,1.1041374217624884
2021-02-03,1.0071852536752879,1.2487339720123591,1.1068175328848058
2021-02-04,1.0083312271586693,1.253509564856894,1.1115328474171522
2021-02-05,1.0085605157297288,1.2584554649154618,1.1175300112261386
2021-02-08,1.0100969661800878,1.2706078053129992,1.125922213044142
2021-02-09,1.0096451680606697,1.2700765220014112,1.1279967276385496
2021-02-10,1.010557404111528,1.2741092940617849,1.1286904594614613
2021-02-11,1.0099162490295415,1.2721464210059334,1.1313638934181265
2021-02-12,1.0105957663621994,1.2767076405570554,1.1353312226988084
2021-02-16,1.0114523866970164,1.2809072223676727,1.137012864469241
2021-02-17,1.0120279653822983,1.2817184802206303,1.1362650444610123
2021-02-18,1.010970704230505,1.272981442361529,1.129062241973356
2021-02-19,1.0115316054200458,1.2775161030291313,1.1328635842347445
2021-02-22,1.0121536704122085,1.2796055556008528,1.1288219175650596
2021-02-23,1.0125432948689737,1.2829919184894494,1.1310384725916682
2021-02-24,1.0137991271124467,1.2912802850327683,1.1320295272568481
2021-02-25,1.0121471465226424,1.2752197256246904,1.1144958827045954
2021-02-26,1.0112371948385208,1.2674745005914012,1.1031813500293701
2021-03-01,1.0129033538851924,1.2856635302400585,1.1258383976068211
2021-03-02,1.012655987852092,1.280936240823463,1.1179749581492378
2021-03-03,1.012588666986951,1.2805530036103068,1.1167721443609118
2021-03-04,1.0125529155986752,1.2795060504205396,1.112208058069592
2021-03-05,1.0142563238872035,1.2967900094298783,1.1287325654478495
2021-03-08,1.0141880562747367,1.2953888406509897,1.1231770722156114
2021-03-09,1.0140543202900305,1.295879829163672,1.1276163008989712
2021-03-10,1.0152927808822994,1.3082379805790474,1.134727904527486
2021-03-11,1.0155485042547365,1.310992182820245,1.1371020703781929
2021-03-12,1.015510629309681,1.3107752546701281,1.1420570119398046
2021-03-15,1.0152577752450547,1.3127848036408212,1.1464316019056981
2021-03-16,1.0145325760488622,1.3052391332374336,1.143182875763014
2021-03-17,1.0148027093855805,1.3090119000924696,1.1485568634003296
2021-03-18,1.0129880014275572,1.292942472407974,1.137956288028784
2021-03-19,1.0131056423517124,1.2949597817577811,1.1425113196843113
2021-03-22,1.013149627655378,1.2942325157239019,1.1400863097192533
2021-03-23,1.012216863888449,1.283721600968856,1.1234654445978944
2021-03-24,1.0128593317546486,1.2883854249150746,1.1218122765114944
2021-03-25,1.0134566834608278,1.2944887160323482,1.131444005691587
2021-03-26,1.0149701631306958,1.31075996207257,1.1508863785591208
2021-03-29,1.0145445103814736,1.3045566154250121,1.1433835236569905
2021-03-30,1.014141484421868,1.3015401744029873,1.1378767747962244
2021-03-31,1.0138985484212237,1.299500631083803,1.1337793807721703
2021-04-01,1.0151428877384998,1.307663275258522,1.1449171418600044
2021-04-05,1.0146053785028757,1.3098028800449215,1.1507675121274936
2021-04-06,1.014404729261036,1.310399104830467,1.1478871764290555
2021-04-07,1.0146353160489943,1.310363250760555,1.1484564462308429
2021-04-08,1.014422303035397,1.3110305706622378,1.1480820737480832
2021-04-09,1.0144388395832047,1.3127257774421357,1.1511942550084546
2021-04-12,1.0143518737519286,1.312826824504716,1.1500440853769254
2021-04-13,1.0146119219058112,1.313099252380743,1.1510820124216758
2021-04-14,1.0153584194333773,1.3172181233265974,1.1561317218898857
2021-04-15,1.0157252250066076,1.3225635294222504,1.1618771543969408
2021-04-16,1.0156961244290812,1.323118210835575,1.1645136190482228
2021-04-19,1.0156206541519976,1.3201907460794946,1.1607680383833618
2021-04-20,1.0146185936352345,1.3142391155947826,1.150536955534439
2021-04-21,1.0153165526946912,1.3214831152637991,1.1601985630540788
2021-04-22,1.0147798475063818,1.3154923420595466,1.151385246696901
2021-04-23,1.0153577481521963,1.3213387755895232,1.160551606283497
2021-04-26,1.0156953124016408,1.3220650474182127,1.1612684695174533
2021-04-27,1.0160938468430976,1.3215895379327107,1.1609227774413275
2021-04-28,1.017014679807545,1.3235026649529464,1.1638877886059944
2021-04-29,1.017513361775968,1.327014676695439,1.1706165702120177
2021-04-30,1.0166280183095668,1.3213598334734427,1.1610045633222004
2021-05-03,1.0177167848308581,1.327709744574405,1.1678402510833268
2021-05-04,1.0177020289326224,1.3261403907788771,1.16601377092162
2021-05-05,1.0185862677296198,1.3322532778120568,1.1685352759702676
2021-05-06,1.0190791682706926,1.3371186400746493,1.1762506215618864
2021-05-07,1.0199659397981176,1.346015953444294,1.1855475169332188
2021-05-10,1.0196579700567765,1.34175260492279,1.182287396740239
2021-05-11,1.0185964741325209,1.332342748953851,1.1700163196384263
2021-05-12,1.017816147632146,1.3224996305419927,1.1522609989164245
2021-05-13,1.0180584374574444,1.325344418785459,1.1621739954149575
2021-05-14,1.0194991939350548,1.3395096784379936,1.1766006276491447
2021-05-17,1.02038582054361,1.343504227621712,1.178206620482902
2021-05-18,1.0192395404598973,1.3359771043630166,1.17029487973957
2021-05-19,1.0183073092773665,1.3289921928677955,1.1644292293834555
2021-05-20,1.0186426627038434,1.3338319606679974,1.1719313950982344
2021-05-21,1.0186298855683595,1.3343798983716126,1.1723753356938478
2021-05-24,1.0191723812586486,1.3404683311873742,1.1802593736884843
2021-05-25,1.0186103757488951,1.3362014863276617,1.175634458903367
2021-05-26,1.0189860266192232,1.3397408269608044,1.1785376260609304
2021-05-27,1.018907874282036,1.3401962235232363,1.1792177556285461
2021-05-28,1.0191294387985224,1.3413455030170371,1.1817555518699647
2021-06-01,1.020507675760321,1.355033844309751,1.193144050835815
2021-06-02,1.0210966614788346,1.3632775747249601,1.200519438548548
2021-06-03,1.0210376962036312,1.3624639021554439,1.199059746801451
2021-06-04,1.0216783668844938,1.3690449315783426,1.2050897458701548
2021-06-07,1.0214556852594592,1.368329104495292,1.2057185146906755
2021-06-08,1.0218419086033814,1.3723864762549134,1.2093315580505473
2021-06-09,1.0216914710628728,1.3717205595934745,1.2079486202449017
2021-06-10,1.021850526867184,1.374049268537415,1.2119587664693043
2021-06-11,1.0221016258063134,1.373473843600459,1.2122834286413011
2021-06-14,1.0220808080512138,1.3725298643982424,1.212256340973195
2021-06-15,1.0222558121889818,1.3759709760912606,1.2105300880833363
2021-06-16,1.0218676746331923,1.3698087091935525,1.203614165659519
2021-06-17,1.0207315570182252,1.3574858691016356,1.1935267966065146
2021-06-18,1.0192339455222705,1.3409736761470297,1.1738180763172799
2021-06-21,1.0210093885459697,1.3612379741199707,1.1957917076523252
2021-06-22,1.0214522204727614,1.3642935129883629,1.197678363082666
2021-06-23,1.0214809248154433,1.3626497228742174,1.19549495137293
2021-06-24,1.022207001735263,1.3680833164111181,1.2011863928044044
2021-06-25,1.022729570211859,1.3721542791175163,1.2080022678056814
2021-06-28,1.0219537195655408,1.3632365138853733,1.202271437766046
2021-06-29,1.021941256227705,1.3614456077048271,1.200989982447662
2021-06-30,1.0225074866427994,1.3660801626702748,1.2039722798185188
2021-07-01,1.0230418221325215,1.3733917826826016,1.2080597300707878
2021-07-02,1.0232923580238213,1.3769479530543027,1.2122222669887883
2021-07-06,1.022225236756205,1.3678587562460105,1.2052540640462683
2021-07-07,1.0217970570022576,1.3656689847613808,1.2012637737503964
2021-07-08,1.0215017665757053,1.3616031365946266,1.1997531446378857
2021-07-09,1.0225991817683031,1.3760519710486339,1.2154985039977364
2021-07-12,1.022815704947916,1.3797730352446296,1.2222323064272673
2021-07-13,1.0222584865520736,1.3719356933436997,1.211317661959832
2021-07-14,1.0214923901178552,1.3660518444750738,1.2070860930990193
2021-07-15,1.0210088223802798,1.3618849401626227,1.202862182735521
2021-07-16,1.020056266295646,1.351369985769732,1.196112760514848
2021-07-19,1.0186488942098635,1.3325571198061008,1.179702037195377
2021-07-20,1.0198728251821145,1.3493065386201388,1.2017440870073899
2021-07-21,1.0211366648341376,1.3620038366008944,1.2128332133484157
2021-07-22,1.0209487370746273,1.358466888311903,1.2099725968489472
2021-07-23,1.0212295180621482,1.363820515897619,1.2171652727399347
2021-07-26,1.0220478006533502,1.3722909123644258,1.2252925982055085
2021-07-27,1.021441898143946,1.3670429659758367,1.218712850575893
2021-07-28,1.0217219907017292,1.3685660279932834,1.2200251314251302
2021-07-29,1.022331964179103,1.3740729882461449,1.2279174953253404
2021-07-30,1.0215874111919627,1.3668361544426366,1.2190554655209815
2021-08-02,1.0213934440571715,1.3657292217929513,1.2178608136977447
2021-08-03,1.0224170051376957,1.374410999150411,1.2287880350262335
2021-08-04,1.0214942687102537,1.3676834124093846,1.2241717211386833
2021-08-05,1.022048706916266,1.373783624557249,1.2319372167756637
2021-08-06,1.022254672870581,1.3734014834721806,1.2321151606567151
2021-08-09,1.0216099188155754,1.3680759381203003,1.2253381253726772
2021-08-10,1.0223422695959765,1.3709623129453024,1.2286144189787578
2021-08-11,1.022647274218782,1.3743170495377754,1.2320025801763552
2021-08-12,1.0224164796804713,1.373898404171697,1.228572822564235
2021-08-13,1.0220947854781517,1.374888243245182,1.2289106027217593
2021-08-16,1.0218755982064291,1.375551201805733,1.2333600207493793
2021-08-17,1.0211510426665065,1.3697914099543702,1.224708601012954
2021-08-18,1.020082066997375,1.3590705400014114,1.2128248426940988
2021-08-19,1.0194569893343057,1.3580886282945024,1.21474476323929
2021-08-20,1.0197672442409305,1.3629035733484698,1.2200152532792152
2021-08-23,1.021247419621285,1.3721257612419209,1.2287359728018628
2021-08-24,1.02163650332628,1.3721303131644869,1.226469831120662
2021-08-25,1.0219374178578242,1.3735473219043488,1.2284739890659753
2021-08-26,1.0217941680566658,1.372539949373298,1.2340025008370186
2021-08-27,1.0232660114374397,1.3856366545837586,1.2499598861616572
2021-08-30,1.022939500549765,1.3868532022845408,1.2511815004405353
2021-08-31,1.0228577561019938,1.3868783688185589,1.2537884424546817
2021-09-01,1.0229130028136582,1.3895051953428301,1.2634779503881521
2021-09-02,1.0238644532946646,1.3968264953409437,1.2681810440936356
2021-09-03,1.0238161480215153,1.395443046073295,1.2686642479622008
2021-09-07,1.023109885390922,1.3863439026634583,1.2568715773999914
2021-09-08,1.023334712159497,1.3910317186630181,1.269168594156867
2021-09-09,1.0233264912567404,1.3883191745991612,1.266045045963452
2021-09-10,1.022944605931673,1.3817811029734997,1.2579696473999191
2021-09-13,1.0242593864791911,1.3914200668367018,1.2671656733348549
2021-09-14,1.023740383283712,1.3863578498429296,1.266301716193337
2021-09-15,1.0253408102671904,1.3979721194194086,1.2751847767808726
2021-09-16,1.0246501725637562,1.3922886167270443,1.2686406033166946
2021-09-17,1.0237234508007138,1.382335953908924,1.2556379620130242
2021-09-20,1.022137062043429,1.3687129702920804,1.243908771245545
2021-09-21,1.0220238494293776,1.3666136758713037,1.24009935954467
2021-09-22,1.0231306882134663,1.3760987314295534,1.2452730673967194
2021-09-23,1.0248658570064202,1.389155046052955,1.2571215563748186
2021-09-24,1.0252242567759509,1.3914506703496456,1.258675481926766
2021-09-27,1.0270595529332285,1.4022537665476864,1.272030042117085
2021-09-28,1.0263184065801558,1.3896267399193274,1.2582700257086683
2021-09-29,1.0259987443972733,1.3881329061849306,1.2529502868487596
2021-09-30,1.0255465520803184,1.380830164910353,1.2509609857299517
2021-10-01,1.0256923212193125,1.3946254778357936,1.2516903688810928
2021-10-04,1.0243063081141621,1.3981839735020063,1.259123242172592
2021-10-05,1.0259745735313492,1.411397873521701,1.274451433989708
2021-10-06,1.0243650388394883,1.4022634142000188,1.258367038036495
2021-10-07,1.029384653154211,1.410843621666932,1.262839285282313
2021-10-08,1.0282993432361442,1.4122028339210801,1.2538682164331059
2021-10-11,1.027687108284951,1.4025569331557401,1.2432969626709955
2021-10-12,1.029638573898803,1.40517577403885,1.2494771478430513
2021-10-13,1.0291277731848696,1.412881191864951,1.2616091140987218
2021-10-14,1.0311269669981904,1.4299645909293914,1.2728743497763595
2021-10-15,1.0302733248316962,1.431067168034342,1.2662183691615483
2021-10-18,1.0306230181801759,1.4248718030704977,1.2514770612035655
2021-10-19,1.035204370089623,1.4339921745706472,1.2572498185582022
2021-10-20,1.0311517453454773,1.4436661500973287,1.2668928107688397
2021-10-21,4.377032753387651,1.4398751081072623,1.2664568688274465
2021-10-22,8.640037155364123,1.4459833118529044,1.2720493938760642
2021-10-25,7.788848800919513,1.4653524242616804,1.297813772249834
2021-10-26,5.694898206747918,1.4658471862460665,1.295246839131514
2021-10-27,6.200156130892994,1.4562417347297039,1.2977879599292457
2021-10-28,6.8848730196946555,1.4590955060433155,1.2917184725872417
2021-10-29,6.450364470090888,1.4523043876999702,1.2801907513686002
2021-11-01,5.851210605564282,1.452167383052414,1.2743804880710332
2021-11-02,6.215658789632049,1.4600017815742308,1.287110298108747
2021-11-03,6.068862721574831,1.4642894888833062,1.2973716001926987
2021-11-04,5.6838820573921875,1.465192697814612,1.2941131058254787
2021-11-05,5.4867134156568556,1.473554599372965,1.2985860658713722
2021-11-08,5.7769007930394825,1.4720714016490113,1.2930359572776682
2021-11-09,5.550139689912719,1.4681556226502868,1.2806417954320974
2021-11-10,5.631859127993457,1.4550147857727733,1.2694127554179038
2021-11-11,5.614934457311863,1.4574804147161142,1.2766259155576227
2021-11-12,5.710198481848614,1.4563921096368697,1.2688857174523387
2021-11-15,5.776222454357616,1.4588006108813898,1.2769413540182195
2021-11-16,5.785604493419973,1.4613885455349438,1.2800075493522332
2021-11-17,5.649796356281018,1.4550111639829455,1.2708372251193234
2021-11-18,5.4473270479633475,1.4555673986445108,1.272198140611649
2021-11-19,5.001785524124264,1.4488280136146852,1.269619826111904
2021-11-22,4.437049013555941,1.4445281548041164,1.2599189754989337
2021-11-23,3.9595013812972435,1.4536065257802495,1.2725099858529678
2021-11-24,4.295501058245388,1.4592940277864876,1.2786351240530902
2021-11-26,4.283779201442325,1.4407705659474703,1.2666260007271835
2021-11-29,4.250865957118729,1.4432804661942054,1.2596949795870542
2021-11-30,4.121175660345656,1.4205539282818243,1.2361327303871006
2021-12-01,4.3844876823222165,1.408650710723217,1.2200598490976946
2021-12-02,4.6381523692323725,1.4249098107129774,1.2352505351684724
2021-12-03,4.444971755405745,1.421752892404117,1.2317116227407474
2021-12-06,4.341665443635226,1.4293983457203,1.2347319404378627
2021-12-07,5.002036880688098,1.4460695600528504,1.250817185380003
2021-12-08,6.28116163325257,1.4468378106149384,1.2537431002388861
2021-12-09,5.503405871624177,1.440342580861854,1.2461232206428394
2021-12-10,5.460756012052564,1.4505281012173203,1.256200675992453
2021-12-13,4.96503014662765,1.445545775276623,1.2526033743691865
2021-12-14,4.903910252036835,1.4377050784855478,1.244314516618715
2021-12-15,5.232771968083577,1.4499148790980363,1.2559997272686787
2021-12-16,5.041565872465659,1.4458133766331995,1.2522977862293851
2021-12-17,4.9223164594723015,1.4347364293673128,1.241559044653614
2021-12-20,4.970812926422338,1.425111809753802,1.2351900538452234
2021-12-21,4.977417722008779,1.4403171280930516,1.2488517153653542
2021-12-22,5.107482107008632,1.4499181728153696,1.2587367196599448
2021-12-23,5.200571078889209,1.4521407289259864,1.257615726924113
2021-12-27,5.196832935640099,1.4696048618221456,1.2784298674737562
2021-12-28,5.151011052550897,1.4695532574059522,1.2784869704242798
2021-12-29,4.989981703363949,1.4691994045142045,1.2784383563406507
2021-12-30,5.098553810995733,1.4658137000787859,1.272393196957426
2021-12-31,5.0575918919667116,1.4666914810413025,1.2763787449076964
2022-01-03,5.08654381766342,1.4737434186741942,1.2748629052626783
2022-01-04,5.138920929905707,1.4849463469391333,1.2788680989989631
2022-01-05,4.969951658035705,1.4741318797609408,1.2612083527209723
2022-01-06,5.861210996825335,1.479281862967429,1.2606821103200645
2022-01-07,5.306903200512728,1.480584257342907,1.256925516177617
2022-01-10,5.480363367300933,1.4781420897429498,1.2538101750202468
2022-01-11,6.191309957952408,1.4905576560434195,1.2593505688995392
2022-01-12,6.85643325269812,1.4929627366739806,1.2624591561652037
2022-01-13,6.528482418779952,1.4857406806004703,1.2540566567030116
2022-01-14,6.8186027093014845,1.4873364298109655,1.2485182064436748
2022-01-18,8.16463206372584,1.4746943821607357,1.2317574050143332
2022-01-19,7.394433390740948,1.4662184330913697,1.2205322242452117
2022-01-20,7.6551203474120655,1.4563714896344429,1.207855185727107
2022-01-21,7.006825247207621,1.4433162775489516,1.1965954417061355
2022-01-24,6.494509715430983,1.4462387866445867,1.2003915592830896
2022-01-25,6.655517090458014,1.449492479747925,1.1924708914728452
2022-01-26,6.690512339193323,1.4447873939579876,1.185810779101062
2022-01-27,6.435469949980479,1.4447997366054395,1.1799260758257497
2022-01-28,6.647537794051635,1.4584568166267715,1.2036892044057248
2022-01-31,7.033780399928401,1.467632827627182,1.2169483375048202
2022-02-01,7.933863968738559,1.492370229846243,1.2469126252418874
2022-02-02,7.647479235512717,1.5034735718935675,1.2603184229143054
2022-02-03,7.744688775474305,1.4859827987743424,1.2413240218846096
2022-02-04,8.034680242536076,1.4911453057158375,1.2470325181961877
2022-02-07,7.984647537426913,1.4969810789379778,1.252619301682432
2022-02-08,8.039862094347502,1.488368484638335,1.2360206664142397
2022-02-09,7.943137413314793,1.5003416199690727,1.2451192512969027
2022-02-10,7.889295337943573,1.4825478633666669,1.2326108557821984
2022-02-11,7.815381560457879,1.4915334189695844,1.2512611553073771
2022-02-14,7.633142613546719,1.473102666018096,1.2331646681115918
2022-02-15,7.741063385263905,1.475711825372962,1.2312569481869582
2022-02-16,8.093714625441326,1.4824010388969324,1.2408217454500579
2022-02-17,8.116241072370096,1.471027921040168,1.2336041071520327
2022-02-18,8.011763511657046,1.4646644702022888,1.2259366422254128
2022-02-22,8.74720518043782,1.4495452501627686,1.21099292136927
2022-02-23,8.368478006611177,1.445391918692599,1.2159833431315799
2022-02-24,8.268068714285667,1.4421455146832203,1.2138359387424074
2022-02-25,8.466283725153893,1.4768854158969085,1.2423427792329187
2022-02-28,8.691719532948197,1.4875323443610469,1.2587503175887345
2022-03-01,8.953390960740856,1.4842445369835644,1.2699150193949387
2022-03-02,8.972411258309664,1.5151901298008001,1.300433626436833
2022-03-03,9.151726500678116,1.518652462189534,1.3030832558294139
2022-03-04,9.184813852993795,1.5387786605935374,1.3388468616130544
2022-03-07,7.960946902939231,1.5309179603652496,1.3522174510728817
2022-03-08,7.244177036754678,1.5323132618130948,1.3642137194082065
2022-03-09,7.29794173322118,1.525165352584792,1.332605426020368
2022-03-10,6.8257483846199145,1.5439606132924568,1.36798538040564
2022-03-11,6.91796263862615,1.5320961189439783,1.3580036905124533
2022-03-14,6.082844447766076,1.5103621356777426,1.3204685391282773
2022-03-15,6.465686472290924,1.498468843268731,1.281346357643968
2022-03-16,6.622227188130913,1.506033224671917,1.2802178884699758
2022-03-17,6.615925567191805,1.5386885476651486,1.3222697879756649
2022-03-18,6.943071022927263,1.5420143035152574,1.3213788451108948
2022-03-21,6.723349539220525,1.5690003035666915,1.3657207956455721
2022-03-22,6.911184294213249,1.569188512511669,1.3597602634808077
2022-03-23,6.933188682232509,1.57089886944808,1.3779231400240275
2022-03-24,7.052794371314269,1.5821069858677115,1.3848295075806807
2022-03-25,6.968803933768758,1.6047446004066226,1.416289812516513
2022-03-28,6.842481091231669,1.5899115286259573,1.3869715112124401
2022-03-29,6.817131114501232,1.5987671449002983,1.386133954634872
2022-03-30,6.700886377106642,1.6040063350681204,1.3999832286004035
2022-03-31,6.343004791114097,1.5830069898839945,1.3824938459740426
2022-04-01,6.233668111174639,1.591569157216439,1.3935816464211537
2022-04-04,5.669596037406957,1.5936248296372766,1.3950152590528133
2022-04-05,4.85633109482409,1.5750273687420313,1.380571579624315
2022-04-06,4.810313551449216,1.5770145815506478,1.3838312201277376
2022-04-07,4.861212719114372,1.5881596419593857,1.394008100862547
2022-04-08,4.705497789102837,1.604996281686769,1.4103594201541734
2022-04-11,4.622878288458295,1.5753516631193907,1.383874632993421
2022-04-12,4.8725110102853275,1.5838399362749238,1.391211457708495
2022-04-13,4.961941845642501,1.5997721628463726,1.4070921327189345
2022-04-14,4.994636458546671,1.5947284782952955,1.4041129730050028
2022-04-18,4.832637903926756,1.6019301812727513,1.4126787893641592
2022-04-19,4.942955683627106,1.6042966510191627,1.4188994607343481
2022-04-20,4.676832084355197,1.6153780505854065,1.4279773914480551
2022-04-21,3.9337721032710973,1.5848369982135506,1.400273445854286
2022-04-22,4.211869012827773,1.551114786663957,1.3654172832722296
2022-04-25,3.716902579438059,1.5361154865321003,1.3500899447934456
2022-04-26,4.19499334798103,1.5230325305605272,1.334191293963668
2022-04-27,4.549255052150396,1.5329715175104888,1.3447790918253624
2022-04-28,4.8810930523392715,1.5648399293079809,1.3762085212909243
2022-04-29,5.272283947667056,1.5243066510396943,1.3345952771054665
2022-05-02,4.865525079723289,1.5308718001306307,1.3345794108891489
2022-05-03,4.751638603651495,1.5519455117563437,1.3550199037868538
2022-05-04,4.87767597552778,1.5970009289053637,1.4003899799990125
2022-05-05,4.648420086826242,1.5652712315723936,1.3714058427964473
2022-05-06,4.830493049852384,1.5746967349171186,1.38189240368311
2022-05-09,4.349917242563629,1.5110806868015663,1.3036584449681523
2022-05-10,4.2458776217233005,1.514993436129945,1.3020377747609573
2022-05-11,4.04732247095142,1.5191888324648135,1.303952248710347
2022-05-12,4.0134314465177185,1.523440496317044,1.3088050189627771
2022-05-13,4.320986960192723,1.5511593759352194,1.3430471349217026
2022-05-16,4.677954038823639,1.5666925270188081,1.365090034704943
2022-05-17,4.726724346464676,1.5827812852022574,1.386377122550097
2022-05-18,4.57345209057133,1.5443486243668072,1.3463442142121522
2022-05-19,4.51730661180753,1.5369036949391184,1.3358557883931306
2022-05-20,4.608933257108436,1.5434048672940563,1.3424264890548072
2022-05-23,4.643969490670964,1.5695781085690643,1.3720720517856773
2022-05-24,4.601210490913965,1.5783245617551827,1.377171478744669
2022-05-25,4.631323921052597,1.5975965011522844,1.395567238593564
2022-05-26,4.610745493481278,1.6132690098686726,1.4080005929092674
2022-05-27,4.579490752754341,1.6386700651277164,1.4317803606189956
2022-05-31,4.502068127165967,1.6209609059623662,1.4121663445647434
2022-06-01,4.4370897584892095,1.6228200415239988,1.4301660113437362
2022-06-02,4.54655672501812,1.6266035451267937,1.4294954736617431
2022-06-03,4.539244355328286,1.6255521448661652,1.4368581507934584
2022-06-06,4.530769726351905,1.6269886645203955,1.4515849923314932
2022-06-07,4.570230173930883,1.6480558930224642,1.4801456886648576
2022-06-08,4.534204578930826,1.633780671563701,1.4618059472529152
2022-06-09,4.494636877230509,1.61142506198977,1.4408179060694157
2022-06-10,4.5027405742974205,1.584965190898847,1.4161945014001325
2022-06-13,3.9479220164988624,1.5329108918318581,1.3501976719778845
2022-06-14,2.930908993190793,1.5169531576980333,1.2989356406246007
2022-06-15,3.2081526675550154,1.522453495488119,1.299859738345766
2022-06-16,3.118985718000538,1.486737221582578,1.2483181558548606
2022-06-17,2.986167375776549,1.4616012417400566,1.1984772571684221
2022-06-21,3.0496161268672974,1.4868687641021163,1.2382569035024242
2022-06-22,2.981242851364366,1.4742325705199668,1.2073797213185833
2022-06-23,2.9817174970353473,1.4630265321234102,1.1747637382275051
2022-06-24,2.9736928136057235,1.4823367601207387,1.1927150353481626
2022-06-27,2.7177216544992215,1.4896815510086334,1.2085440784295396
2022-06-28,2.640813214846849,1.4942298192211314,1.2221474246581143
2022-06-29,2.4603252230335464,1.4802385883302183,1.1875147175371963
2022-06-30,2.614014482358592,1.4662917521575307,1.161859194735838
2022-07-01,2.6205779383366017,1.482503826854185,1.1771280739402559
2022-07-05,2.5989818416733805,1.468989109870342,1.1359269066327546
2022-07-06,2.5684521529575877,1.4664147140270545,1.1246506599427448
2022-07-07,2.6137873533377145,1.4869999966702707,1.1853635647896312
2022-07-08,2.6524616443588083,1.48378781380227,1.1785373450183743
2022-07-11,3.1372247545830656,1.4829773050037351,1.200501835347442
2022-07-12,3.0497019709700206,1.4729273618054397,1.1729784901358191
2022-07-13,2.9551555498278375,1.4760651105975036,1.185125463775952
2022-07-14,3.161479988826898,1.467334537986058,1.177728138055076
2022-07-15,3.192085460896721,1.4919422138054512,1.211089347992082
2022-07-18,3.1464755464315592,1.4885681266307487,1.239555553661375
2022-07-19,3.1577925325747125,1.5126457861198686,1.2622228381465905
2022-07-20,3.217028279325494,1.5191055477600062,1.2939717627820562
2022-07-21,3.4528759140738017,1.528651427195598,1.2864840103587043
2022-07-22,3.3575696575863154,1.5321163681110832,1.290519369532221
2022-07-25,3.3053404067727494,1.5404561811378161,1.3365590481293042
2022-07-26,3.2234010851442223,1.5349566852345704,1.331787124999474
2022-07-27,3.2385607184729355,1.5539288526733153,1.3500177607955124
2022-07-28,3.2312215319724977,1.5646431075221146,1.3402449520652557
2022-07-29,3.234571663189118,1.5797591279785577,1.3818141127922232
2022-08-01,3.2316467190175158,1.5768490045848371,1.3677613000598925
2022-08-02,3.2028505247196137,1.5598557756268645,1.3354494486583641
2022-08-03,3.3073054919530627,1.5696183946024456,1.3542831835646238
2022-08-04,3.37071064801305,1.5658067036154981,1.3327749657286265
2022-08-05,3.3764874695862592,1.560950021295447,1.3361130333698494
2022-08-08,3.2890258146001905,1.5626789668647831,1.3240650343279392
2022-08-09,3.2129035921824727,1.5625421055763418,1.341158085983389
2022-08-10,3.243836364669518,1.579978025203641,1.3712622248478108
2022-08-11,3.2529054663341874,1.583275328979976,1.408212634245193
2022-08-12,3.2014359418513307,1.5988443669263228,1.422266104296151
2022-08-15,3.1876152026688542,1.6004491708155388,1.4182811722319864
2022-08-16,3.304364945153812,1.60383535376641,1.4391671965752049
2022-08-17,3.272844001280844,1.5956641053332006,1.4350893355376555
2022-08-18,3.2702627581629833,1.6026648907554257,1.4463870214316896
2022-08-19,3.221579599130804,1.5913914261252264,1.4431442850085774
2022-08-22,3.2189447587619977,1.577439884862608,1.4510918048685502
2022-08-23,3.255636453040111,1.575500985285365,1.4438897015010386
2022-08-24,3.241168507635605,1.5764710143211758,1.4503637953704347
2022-08-25,3.1727891494201077,1.5907531265996029,1.466033341119174
2022-08-26,2.981067049683354,1.56630531121109,1.4395405042286546
2022-08-29,2.7644183981764727,1.5608425968502018,1.4398261965535735
2022-08-30,2.6878674273156036,1.5485931781204423,1.4091688305217906
2022-08-31,2.6656149738155577,1.539947578857119,1.404990051794609
2022-09-01,2.5884064852711575,1.5340931893805352,1.394423325737137
2022-09-02,2.7247879540521627,1.5313492879680146,1.3858533282861545
2022-09-06,2.4379349834047743,1.5161391582662738,1.3343577040152108
2022-09-07,2.532803497495151,1.5299049321778548,1.321261489567242
2022-09-08,2.5620357554834765,1.5355614469923828,1.3350442840779824
2022-09-09,2.6303846720205164,1.5511146938353035,1.3584782494334324
2022-09-12,2.6431437278035754,1.5614959621174496,1.389389356180722
2022-09-13,2.675799657852595,1.5258662003322174,1.3638758423805972
2022-09-14,2.649788371456078,1.5395426723368866,1.4175290247169692
2022-09-15,2.6262093292955764,1.5199496560890182,1.3566476127509144
2022-09-16,2.5663267678405415,1.5071657898130744,1.3151348270345637
2022-09-19,2.46473173969607,1.513291053370099,1.324950519069697
2022-09-20,2.0830371893024133,1.4975198264962641,1.3056319146500053
2022-09-21,2.008801082536662,1.4858863009627847,1.2976591182221835
2022-09-22,1.9067402573524521,1.4686949834691998,1.2624133119297503
2022-09-23,1.8581843559146434,1.4397861943747,1.2045468137622604
2022-09-26,1.9601134191668186,1.4199105599933264,1.1917640486612022
2022-09-27,1.8985968684058339,1.4111046862929058,1.1821517069306642
2022-09-28,1.884838009199889,1.443961610856886,1.2207289231583167
2022-09-29,1.8348966815213568,1.4294758104692196,1.2084017160762435
2022-09-30,1.8888417548310457,1.4175906868929171,1.1952067779176427
2022-10-03,2.020139702787413,1.4577218276716062,1.2228093032205167
2022-10-04,1.9289632520595474,1.4923904429832853,1.2705155041383998
2022-10-05,1.93489700840549,1.4984161213910103,1.288017268337796
2022-10-06,1.9787794402775543,1.4975776266336513,1.2919909683079793
2022-10-07,1.9491842285184469,1.4796677249339232,1.2668685575861593
2022-10-10,1.8130907610845088,1.4653223828845432,1.2461893493247411
2022-10-11,1.8259477192333173,1.460966243676985,1.2430191078551396
2022-10-12,1.8072714373924323,1.4630368537591367,1.2392377081363066
2022-10-13,2.0525341930542913,1.4927211253731034,1.2848560230841923
2022-10-14,1.9656007051435351,1.463963258073615,1.2467833376225252
2022-10-17,1.826235119113813,1.4809408881148405,1.240558578872031
2022-10-18,1.871471824934378,1.4914914122606944,1.2379364767483454
2022-10-19,1.8434885938691672,1.4953825899555497,1.2359961125962182
2022-10-20,1.8301265652811936,1.486964067648994,1.2283809474675487
2022-10-21,1.8965156370627336,1.5129167485465789,1.236447785009278
2022-10-24,1.8424846549646288,1.5217055111317823,1.2566909313055956
2022-10-25,1.945104689670066,1.53379235408363,1.2857373824384657
2022-10-26,1.9376225862695724,1.5441821291933382,1.2926186658200831
2022-10-27,1.8671766153038987,1.5485161519354929,1.280124865756469
2022-10-28,1.9339953262826162,1.5608695753570105,1.2875391657942725
2022-10-31,1.8989710002565778,1.562406017724311,1.3199661404335212
2022-11-01,1.8924273180283602,1.5658985239058116,1.3252615420148668
2022-11-02,1.8438080616100976,1.5445439755189447,1.2979053128548337
2022-11-03,1.8559760738476658,1.5440433863561562,1.3021336811973783
2022-11-04,1.9779660439084064,1.5588745574866907,1.3211382044419662
2022-11-07,3.1760531400300573,1.5713384086177653,1.3393977668659527
2022-11-08,3.0744656409866176,1.577777470626232,1.3457926669732518
2022-11-09,2.5162987460579087,1.549811495913157,1.3051525882092496
2022-11-10,2.545994634481547,1.599605955731139,1.3506212763733643
2022-11-11,2.7850710174068234,1.611370912886316,1.3686920730402385
2022-11-14,3.0606734536376923,1.603453745874143,1.362268932830141
2022-11-15,2.817209338379948,1.615961510537669,1.372644620940707
2022-11-16,2.4033892290307954,1.609308838262365,1.356890952374408
2022-11-17,2.265003219696566,1.6064162626404461,1.358347171730516
2022-11-18,2.413805928206741,1.6081693128366177,1.3598554447634201
2022-11-21,2.426076019857684,1.6032787160256368,1.3530912581577017
2022-11-22,2.556753219068821,1.6260954456049173,1.3815086858823393
2022-11-23,2.6134187497267924,1.6277083016960903,1.3771279940929022
2022-11-25,2.766010005514845,1.6290723778251706,1.3774102279388982
2022-11-28,2.718162459601929,1.608198032379748,1.3503671097080348
2022-11-29,2.6348850277793896,1.6105718334407892,1.3586978782950465
2022-11-30,2.5652304639134567,1.6346542390760916,1.379644832981872
2022-12-01,2.5200620600285104,1.636767445354119,1.3784556655830627
2022-12-02,2.565263519263193,1.634732267500298,1.379322499571597
2022-12-05,2.500880700180009,1.6085088686420594,1.3556681333127287
2022-12-06,2.4144850754219296,1.5922846600699057,1.337631289458676
2022-12-07,2.4200854345353475,1.5949392165134817,1.3393765548060086
2022-12-08,2.456697021924476,1.5994795163174753,1.3457178308786992
2022-12-09,2.4368884142563743,1.5856453822430316,1.3344132697038225
2022-12-12,2.4025540925475304,1.605888106085513,1.3478832232237725
2022-12-13,2.335131507917752,1.6182311678209083,1.3526159619537497
2022-12-14,2.4184950367432627,1.612068578009836,1.3530221632513677
2022-12-15,2.2847497682645144,1.5897108184871904,1.3266537130864344
2022-12-16,2.1873309698604264,1.5761324091734483,1.3104818855107923
2022-12-19,1.9613663874113454,1.5688556997883407,1.2914470160959237
2022-12-20,1.9391224633552655,1.5719907002566222,1.2926318946553663
2022-12-21,2.1142299976890078,1.5916713775141298,1.3198807269490016
2022-12-22,1.9665637281577617,1.5766413063075322,1.298989885071537
2022-12-23,1.9687750018467345,1.5894918341473974,1.3086208881877284
2022-12-27,1.7725323047762813,1.5912056774617014,1.2968441110285238
2022-12-28,1.8003497760757248,1.5746876616788767,1.2868298203634327
2022-12-29,1.7447313604971568,1.5905164491870152,1.2943403507330422
2022-12-30,1.7464047847155106,1.5871396954957968,1.292134959963595
2023-01-03,1.8260874804256981,1.584341690574803,1.2868384729916134
2023-01-04,1.8126742501648505,1.593005066124334,1.2928894650341132
2023-01-05,1.8367274481117564,1.5837060492728958,1.2930633774499918
2023-01-06,1.843909245286566,1.6109523880035255,1.3131349018715346
2023-01-09,1.8726269185155182,1.6091529193099987,1.311433768950892
2023-01-10,1.84911556884925,1.6134743716602442,1.3141334617823905
2023-01-11,1.9201244905255221,1.6248265254553305,1.3238267446790442
2023-01-12,1.9448915421769999,1.632215177517876,1.3339966422323242
2023-01-13,2.0681300005601164,1.6333835845743505,1.3395217206110877
2023-01-17,1.998642534569674,1.6282123203525463,1.3341569258903772
2023-01-18,1.859425283594023,1.6159271848888832,1.3192719254407896
2023-01-19,1.811925191403385,1.608491681017095,1.3159616630969453
2023-01-20,1.818428909617613,1.6197219990652376,1.3240693713913783
2023-01-23,1.7586997025394313,1.6252086350585062,1.324571564577807
2023-01-24,1.6944528144476447,1.6276182827142494,1.3223942481041768
2023-01-25,1.7384757451291784,1.6279698146538941,1.3247938847264529
2023-01-26,1.7836678951354914,1.6359032781368121,1.3372033835697767
2023-01-27,1.7840375445846335,1.6311045416672645,1.3300028657122651
2023-01-30,1.7897525672784107,1.6200137805436832,1.3187459519968243
2023-01-31,1.7821068629781622,1.6350842284291773,1.3288564171193187
2023-02-01,1.7841087797172894,1.6453504310778306,1.3307853685900084
2023-02-02,1.9448210825376226,1.6481533463200364,1.3294578118217755
2023-02-03,1.860999992749597,1.6341850861990252,1.3163103299033903
2023-02-06,1.856362031287886,1.624777925619989,1.3065630936717896
2023-02-07,1.8265046477279225,1.6339568411297687,1.320695802293771
2023-02-08,1.815048982694314,1.625506811985284,1.3140842143993754
2023-02-09,1.7591670404356776,1.6149793236530756,1.3064140219750813
2023-02-10,1.7502513524660985,1.6215495664590627,1.318829073635738
2023-02-13,1.7290643756563775,1.6323084835101158,1.320927770743463
2023-02-14,1.7497121200499077,1.62708513718188,1.3196775236597225
2023-02-15,1.7590146470326775,1.624521571239565,1.3096695636526183
2023-02-16,1.760661091870926,1.6130079161024107,1.302004334718525
2023-02-17,1.7486745570835442,1.6103852644197436,1.2882924684794503
2023-02-21,1.7427648901139594,1.5865644117518547,1.2749173437174448
2023-02-22,1.728112871009729,1.5846019468339423,1.2710697241036275
2023-02-23,1.7237542773479984,1.5929003736590348,1.282454334419882
2023-02-24,1.7066370735572638,1.583130486887722,1.2743055540661492
2023-02-27,1.741576311994415,1.5867910841137145,1.2801341172693588
2023-02-28,1.7217748844646066,1.5814077322230689,1.2716685716605618
2023-03-01,1.7194022367696409,1.5807010423121035,1.2732840532354195
2023-03-02,1.688304954851186,1.586586447756586,1.2745946572385907
2023-03-03,1.692069002096379,1.6026798421138284,1.2880935476482418
2023-03-06,1.701144761638113,1.600538298958748,1.2866401119661801
2023-03-07,1.6706909207284042,1.5861004368738576,1.2745445844709462
2023-03-08,1.6625929396127166,1.5830571919360927,1.2723343540657979
2023-03-09,1.639102957023293,1.570488766226982,1.2636733744552067
2023-03-10,1.6056682033873095,1.5638364807719425,1.2579097846907927
2023-03-13,1.5522710356912637,1.5574734469515863,1.2492309374005202
2023-03-14,1.5553541742440362,1.5651766733732768,1.2527428453362675
2023-03-15,1.4732048775749618,1.5527521878953487,1.2367266712614753
2023-03-16,1.4810289389854887,1.5619736270922373,1.2437804251968747
2023-03-17,1.4715114486510066,1.5512740787860726,1.2356023277603658
2023-03-20,1.6192090271905548,1.5617636288336214,1.2515027464626958
2023-03-21,1.5962489293921287,1.5745565582982308,1.2600490229469328
2023-03-22,1.5587411323037306,1.5646250833121242,1.2538825074046687
2023-03-23,1.5792676092782714,1.5631982895880847,1.2536971086915893
2023-03-24,1.5184773385084063,1.5684905047755606,1.2532360286071478
2023-03-27,1.5949199712910611,1.5735299861833423,1.2607414954117042
2023-03-28,1.5642994304794948,1.5759225409598228,1.2626021125739224
2023-03-29,1.5391996661134058,1.5875969005455595,1.269022430191575
2023-03-30,1.536228783549805,1.5944305146710078,1.2746696495324454
2023-03-31,1.6437571702367864,1.6061911905514012,1.2878029070511696
2023-04-03,1.773551582962599,1.6234719327011953,1.3013989385540747
2023-04-04,1.6430611758379519,1.6166934500933503,1.2965108878484188
2023-04-05,1.5960914506795383,1.623380659476623,1.2970815673440532
2023-04-06,1.569281374522152,1.6199982796539818,1.293993681663644
2023-04-10,1.554288879618568,1.6207497051874875,1.2916436112319558
2023-04-11,1.54551998877311,1.6269697041721822,1.294902306003311
2023-04-12,1.535118540778719,1.6279177798863422,1.2965838685732047
2023-04-13,1.5495478209659268,1.6344896150553554,1.3013275364140096
2023-04-14,1.5476106952751885,1.6302804069454648,1.296298570606169
2023-04-17,1.5726779214000421,1.627776829101171,1.293825987058823
2023-04-18,1.5528301129149658,1.6245182340771382,1.2916095559164822
2023-04-19,1.539178555128903,1.6216847661964042,1.2874508680794152
2023-04-20,1.5289858363156157,1.6203147739203874,1.2880407594006729
2023-04-21,1.538367551190546,1.618095502195871,1.286997671249295
2023-04-24,1.5802449387448858,1.62656077238178,1.2933634990766898
2023-04-25,1.5719241182275712,1.6157649229802786,1.289472006340633
2023-04-26,1.5382848454576568,1.603965084742484,1.282275003441193
2023-04-27,1.5427957095361486,1.6126422364032929,1.2856019762974844
2023-04-28,1.543281426941196,1.62464512626436,1.2924965061260425
2023-05-01,1.5378596836496043,1.6176304843383242,1.2851518149809957
2023-05-02,1.5200053522798298,1.6047789376096002,1.2862969574384497
2023-05-03,1.5218047759628268,1.5975993315205164,1.2883482867598148
2023-05-04,1.5260032097620053,1.591109598123834,1.2884759807919628
2023-05-05,1.5218359984008962,1.6086686980418392,1.294718676175865
2023-05-08,1.526516293651244,1.6055005995176816,1.291489534944746
2023-05-09,1.5768021669571268,1.6033973610659027,1.2927023387226233
2023-05-10,1.5922737252784123,1.6035970459880917,1.2966492795911302
2023-05-11,1.6288608986026185,1.5993586855058544,1.2979693008095408
2023-05-12,1.5856331815288143,1.5967460582737598,1.2920233882328898
2023-05-15,1.571562272036563,1.5997820776762668,1.294078961029555
2023-05-16,1.5567914905846527,1.5866995098143912,1.2885046316991822
2023-05-17,1.5594403779143513,1.5962207026475637,1.2903846260590262
2023-05-18,1.5512725815445034,1.5979393073293862,1.2868804476302333
2023-05-19,1.5632577146633133,1.5984115144052937,1.2869664752479208
2023-05-22,1.561402207888979,1.5949061532893805,1.2876050160527006
2023-05-23,1.5878685466008486,1.5887241571800743,1.2821533940786807
2023-05-24,1.5769862584254535,1.581243200505626,1.274917102272715
2023-05-25,1.5544627673776734,1.5787209802192488,1.2748004334869882
2023-05-26,1.5334656738859882,1.5863020568904027,1.2800279564610801
2023-05-30,1.5154772331566124,1.5842020882072017,1.2813050151729926
2023-05-31,1.5153316786290116,1.5769752642067378,1.2790476681149558
2023-06-01,1.5127886780825712,1.5914763220606059,1.29322384958038
2023-06-02,1.5236917185654484,1.6144846861211293,1.3090325024371774
2023-06-05,1.5267492764582633,1.6099701766819225,1.3061733722539615
2023-06-06,1.5209426341497532,1.614725011614745,1.3130088556412434
2023-06-07,1.5202148744467996,1.6127958742154271,1.3026453341244746
2023-06-08,1.5226079221347042,1.6207715021968823,1.311681758619077
2023-06-09,1.5123501044813652,1.621675088038551,1.315233660514577
2023-06-12,1.5102492806192667,1.6310961990168096,1.3237067194788972
2023-06-13,1.539008001212072,1.639123377475125,1.3320615852869744
2023-06-14,1.5247432940527936,1.6392873864147943,1.3339096694998338
2023-06-15,1.5162564398384795,1.6581184292904207,1.3456171715408296
2023-06-16,1.509810801375294,1.6533435372852623,1.3408204347799981
2023-06-20,1.5079785258338627,1.6428240345076965,1.3329666304610766
2023-06-21,1.5064859216736024,1.6396747741423805,1.332350144965263
2023-06-22,1.488585508573865,1.639016288647582,1.3298871049604342
2023-06-23,1.4753471905742563,1.6277328883356752,1.316612865719881
2023-06-26,1.504396330898461,1.6277162049145875,1.3152741824478043
2023-06-27,1.5079897573905787,1.640793123519739,1.3249240647890983
2023-06-28,1.4981913348600138,1.6432098768078376,1.3262273744579975
2023-06-29,1.5011687892572616,1.648815208096768,1.3261842005310152
2023-06-30,1.4895516952352843,1.6655340993230703,1.3383061322021867
2023-07-03,1.4992643717749996,1.666772145561801,1.3400523041921057
2023-07-05,1.733563776797747,1.6617589503194117,1.3354066617144478
2023-07-06,1.632625069418958,1.6463794767833968,1.3236001953036667
2023-07-07,1.6022004368393197,1.645708054597898,1.3227829040185062
2023-07-10,1.586200738746778,1.6527377687107838,1.3267128673746842
2023-07-11,1.5773371460498697,1.6652041416639192,1.3348830132116953
2023-07-12,1.546813715905732,1.677147331099808,1.3454015636151295
2023-07-13,1.5457512139344713,1.685952906651241,1.3559756452768832
2023-07-14,1.5227904359640574,1.6804069615262707,1.3530983163777441
2023-07-17,1.5659334287735083,1.6854194692276863,1.3564444070203268
2023-07-18,1.5597071940842138,1.696977203783109,1.3649506778180205
2023-07-19,1.6097631215807653,1.7011614315668497,1.367320929137798
2023-07-20,1.5804741840636223,1.6979733317841326,1.3608377238501266
2023-07-21,2.303998594251443,1.7008165542845561,1.361656983756086
2023-07-24,2.049711494130479,1.7096169950193394,1.366483858579941
2023-07-25,1.9138449751107542,1.7142500304037531,1.3693922081235161
2023-07-26,1.9478766572579485,1.7141860725930176,1.3704253378794695
2023-07-27,1.9271578077187492,1.7019894628859389,1.3622767904912396
2023-07-28,1.937753536301969,1.7145959014004433,1.3722057796503926
2023-07-31,1.970879824304104,1.7206258139771855,1.3736256328869179
2023-08-01,1.9443030147183464,1.7152581705046155,1.3685642778103717
2023-08-02,1.837942663102372,1.6985491673015463,1.3494494457214223
2023-08-03,1.8298845758995064,1.695454466121671,1.3447590854524971
2023-08-04,1.8171472962882755,1.6927443788589471,1.3390483676757743
2023-08-07,1.8164604291366362,1.7022070035704626,1.3485969787222838
2023-08-08,1.786671437648511,1.6990181414026813,1.341350592666564
2023-08-09,1.7663059964905352,1.6952508461400029,1.3346887339817783
2023-08-10,1.9427001659373677,1.6944818047405088,1.3431530908745002
2023-08-11,1.9424299949861104,1.696351062113871,1.343551222429324
2023-08-14,2.017857387367494,1.6994629477708751,1.3501058868689337
2023-08-15,1.9545618765091444,1.6818084984503008,1.3333922261335838
2023-08-16,1.9850622489658347,1.6723978789364033,1.326953393621951
2023-08-17,1.7744456596772737,1.6661685914704756,1.310372952193416
2023-08-18,1.7812959382399738,1.669736116138271,1.3118597156847998
2023-08-21,1.7820864423234224,1.6716754810173273,1.3152987361049353
2023-08-22,1.7500843936872104,1.6666307320111136,1.310767682491194
2023-08-23,1.6604105781245488,1.679275721442382,1.3187154480360495
2023-08-24,1.6541351952554897,1.6632169604639417,1.3043559722279205
2023-08-25,1.7988340913526304,1.6734275745155678,1.3198414919672783
2023-08-28,1.7750105455007057,1.6817488689541051,1.3256243752021744
2023-08-29,1.7729517522325577,1.6988522402737625,1.3405103745949123
2023-08-30,1.8373769578986545,1.7038607966126877,1.3469396338129636
2023-08-31,1.9261116704931114,1.7027639839624862,1.3484828898013967
2023-09-01,1.9367688376670795,1.706837168638047,1.350996693893198
2023-09-05,1.9995544655857416,1.700867962434843,1.347061623129735
2023-09-06,2.057187672031408,1.6944885971352417,1.3438676544867696
2023-09-07,2.0172133701288404,1.6924738169526532,1.3409520745684047
2023-09-08,1.969160308473312,1.695615230311281,1.3414897616774268
2023-09-11,1.9176476521537607,1.6983764663912517,1.343018306968768
2023-09-12,1.8968949580743626,1.6979000962194313,1.3400654072913758
2023-09-13,1.9026927909017353,1.6980566633254504,1.3409023762342678
2023-09-14,1.8944208540088712,1.7072285784384837,1.3481930252046048
2023-09-15,1.8820053864098834,1.6933152484392349,1.3368815079180287
2023-09-18,1.8666214165595394,1.695573974892945,1.3380000149032776
2023-09-19,1.851077159898367,1.6904957474949753,1.3341771814028616
2023-09-20,1.867921195381571,1.6807534639941868,1.3275206811479414
2023-09-21,1.8461630656084211,1.6613554628640448,1.311019999232341
2023-09-22,1.9084047917002536,1.6611696101310065,1.3128008087201406
2023-09-25,1.9304912988247824,1.664245825232046,1.315213926319349
2023-09-26,1.942598638840943,1.6498250914681707,1.3028785398091207
2023-09-27,1.9365594371172883,1.6526662002380048,1.3032448350022425
2023-09-28,1.9160250247879522,1.6585957736282038,1.3072971809256646
2023-09-29,1.9232015042287818,1.6525487605039835,1.3033446712236783
2023-10-02,1.8156387959472964,1.639040810406792,1.2858507641448667
2023-10-03,1.8459446892908,1.6248917854930598,1.278803431881129
2023-10-04,1.8642143206872603,1.6186558801060031,1.2704052377696728
2023-10-05,1.8572855131378954,1.6166658629189898,1.267332133627465
2023-10-06,1.8586962234275564,1.6279178501930025,1.277528885176153
2023-10-09,1.8742995098724242,1.6502117112645183,1.2982798722696764
2023-10-10,1.874800585556471,1.65471053768815,1.302127518504351
2023-10-11,1.8649332153784508,1.6551369157846385,1.298496143599794
2023-10-12,1.8304047542331994,1.6466487078702288,1.2920068933210898
2023-10-13,1.8282594852784595,1.653698638340939,1.2991892528316051
2023-10-16,1.838457075418254,1.6635112287536156,1.3093141574315352
2023-10-17,1.8033900861187946,1.6657763948070528,1.3115630120231052
2023-10-18,1.7786132580513139,1.6564255601142288,1.3048386654959279
2023-10-19,1.7681035937899208,1.6464794799368632,1.2972065343447672
2023-10-20,1.7760942105208637,1.6316668252432445,1.282385438037688
2023-10-23,1.7515444426782216,1.6248572579296834,1.272089633820803
2023-10-24,1.7464345261551988,1.6279484865154759,1.271174304666732
2023-10-25,1.7219811045193616,1.614264295858332,1.2603223262111105
2023-10-26,1.710955590444781,1.6036286682488217,1.248832169535771
2023-10-27,1.7219649000309307,1.5913067752100876,1.236494650523332
2023-10-30,1.781471419368146,1.6026354223934582,1.2498155782205063
2023-10-31,1.7595745210980938,1.6093811951657724,1.2543613264427278
2023-11-01,1.7255530522497602,1.6193774967776087,1.258147267830613
2023-11-02,1.736195014599401,1.6521219492638064,1.2801272199420197
2023-11-03,1.7559928572654522,1.6565868679155378,1.2865292805166182
2023-11-06,1.778097704839244,1.6450504770398593,1.2809841167379576
2023-11-07,1.8174182634232594,1.6337806022414092,1.2788410450885035
2023-11-08,1.8092146228112493,1.6278887403663993,1.2750645198160258
2023-11-09,1.7811037764223894,1.6170806169190883,1.2636616253305861
2023-11-10,1.7836397710505951,1.633233268886772,1.2759222243092898
2023-11-13,1.7888730881467843,1.6350382639269627,1.27951276347496
2023-11-14,1.8385615634244243,1.6596884659878954,1.2996431113208915
2023-11-15,1.870837302022012,1.6564093714741301,1.301993930829668
2023-11-16,1.9502151223866304,1.6495284328687232,1.3048315993500388
2023-11-17,1.8979795946307343,1.6634106479548914,1.3062580889955848
2023-11-20,1.9451736280777232,1.6713137119589134,1.3152152057043536
2023-11-21,2.0255723403524013,1.6691215663148988,1.3194413157921359
2023-11-22,1.9922214880034366,1.6732408794412554,1.3206769887513066
2023-11-24,2.1081338701874675,1.6762590737008614,1.331035613146241
2023-11-27,2.100200437241592,1.6742916422025014,1.3283804769064445
2023-11-28,2.1060915367272,1.676913719048916,1.3284148466367098
2023-11-29,2.056301910962052,1.6759121754545896,1.3240053255919975
2023-11-30,2.0242756102336794,1.6788274509109773,1.323676937444584
2023-12-01,2.03821018714884,1.693087500477139,1.3340961163995722
2023-12-04,2.056434237480685,1.685620970676116,1.3300245181774115
2023-12-05,2.0161343972245387,1.6812899067854397,1.3241221888385466
2023-12-06,2.011278908809794,1.6757103010217014,1.3195531250302694
2023-12-07,1.9912362557505838,1.6766047869955827,1.3200115383123179
2023-12-08,2.00238802245514,1.6812543878780746,1.324555347788069
2023-12-11,2.0214629908081103,1.6842757053883144,1.3292307676622552
2023-12-12,2.03604659855615,1.6826795839764672,1.3299301758371975
2023-12-13,2.0864744953769923,1.704796037480523,1.3490875254507682
2023-12-14,2.084299731599653,1.72347597350284,1.3609572899752562
2023-12-15,2.050983619735856,1.719242184961158,1.356035763845674
2023-12-18,2.0773089172170347,1.7252584457015714,1.3624795699582573
2023-12-19,2.078576941426081,1.7344407789891083,1.3696334049438759
2023-12-20,2.034991775437758,1.7222276767082378,1.3560372611259064
2023-12-21,2.0177936225334516,1.73036939941708,1.3620604460001187
2023-12-22,1.9874934644663167,1.7323478403531976,1.3620920231202334
2023-12-26,2.115916220746846,1.740560632620635,1.37561010570051
2023-12-27,2.0927467276059226,1.7421935479241442,1.3754448220361428
2023-12-28,2.0691771885667376,1.7354339541084014,1.3698422560484238
2023-12-29,2.044099788128185,1.730666411916532,1.3652719962796867
2024-01-02,2.0394900300812053,1.7314668716270984,1.3628047146483309
2024-01-03,2.0391810290571546,1.7327108297337557,1.3595594108180618
2024-01-04,2.0292297919107867,1.7226850181979196,1.3540576556539863
2024-01-05,2.0166987041550213,1.7224760065314655,1.352779295240361
2024-01-08,2.018514510127959,1.7252170631278883,1.3595449929375498
2024-01-09,2.017320308327992,1.7160495809465601,1.3554494463863325
2024-01-10,2.000417509150812,1.7142697449061945,1.3560420901342651
2024-01-11,1.9838138197005017,1.717187023958229,1.35748967205686
2024-01-12,2.028515536473527,1.7250042717372684,1.3631151703836117
2024-01-16,2.5601737208618096,1.712956552025844,1.3822869586932334
2024-01-17,2.6318198001421704,1.70469889042043,1.379778799752344
2024-01-18,2.8942906270139774,1.7088815119666885,1.3941531940869163
2024-01-19,2.9767895656593013,1.716186347636162,1.4040612799004997
2024-01-22,5.368796191141675,1.7334341567972762,1.4965671645975422
2024-01-23,5.474178255284416,1.7347481881316562,1.4989240887517656
2024-01-24,4.24120731156597,1.7355524980485497,1.471553968141484
2024-01-25,3.9162163277170627,1.7494912350295506,1.472365304229868
2024-01-26,4.25047119871106,1.7533137662941747,1.482136640899462
2024-01-29,4.050751225926213,1.7585505130617693,1.4825623008537077
2024-01-30,4.214000722892114,1.7640012233561286,1.489814313986706
2024-01-31,4.225457277495298,1.749214774414255,1.4806812529965248
2024-02-01,4.456649173484993,1.7617555071788245,1.49783358366466
2024-02-02,4.495475562480613,1.758499809904293,1.4959530666927268
2024-02-05,5.196066992909956,1.752235119544238,1.50447745155893
2024-02-06,4.989209752147069,1.758428164738012,1.5060879200467385
2024-02-07,5.004774373629973,1.7622198947145236,1.5096936845480378
2024-02-08,5.20615022440764,1.7638752631375956,1.512953740166154
2024-02-09,5.141372808549427,1.7635366162101243,1.5131033571105381
2024-02-12,4.971426618444884,1.7667185773470813,1.5110731334981358
2024-02-13,4.5660050242247445,1.7484706751759065,1.4876129259853046
2024-02-14,4.790319141310267,1.7565440422941443,1.4998902083793013
2024-02-15,5.497350026021246,1.772309729275853,1.5245672805965234
2024-02-16,5.296842442094371,1.7670460990444172,1.5159520925082308
2024-02-20,4.931378408754851,1.7623170629623268,1.5068770535406528
2024-02-21,4.766704181403188,1.7654805113341083,1.504262370679269
2024-02-22,5.122409731935431,1.7771788575027694,1.5226263266489044
2024-02-23,5.419176175177856,1.7805941976896416,1.5322257912911874
2024-02-26,5.176459802493643,1.7764150892751143,1.5235753826677418
2024-02-27,5.01782825251254,1.7756497381136198,1.5200820066235465
2024-02-28,4.9717780792316315,1.7761870905152668,1.5196168513805106
2024-02-29,4.572231459271533,1.7784061344002324,1.513275418359654
2024-03-01,4.351103644691426,1.7855637605127967,1.5174131219128302
2024-03-04,5.0596976475032855,1.7862332877819858,1.531815812045366
2024-03-05,5.119113737757452,1.7850054072566528,1.5279847971126996
2024-03-06,4.4886527050604075,1.7877129268352496,1.5224818709101888
2024-03-07,4.598461461799006,1.795073895819492,1.5324756376374318
2024-03-08,4.46781680627148,1.7915056529910807,1.525562474118224
2024-03-11,4.377754806452349,1.7922695382245015,1.5225753859146725
2024-03-12,4.489829063996427,1.7965602029690277,1.5319188361471203
2024-03-13,4.4907441434785484,1.79600915728813,1.530489816659425
2024-03-14,4.582666773739365,1.7902545449375717,1.5278622989286925
2024-03-15,4.3682124689488955,1.7853694009239909,1.5184304041164827
2024-03-18,4.022594045971293,1.7865585685150658,1.51447343859949
2024-03-19,4.112262507049561,1.7930171738624077,1.5227978133792208
2024-03-20,4.778683334750701,1.8021124550041148,1.5474671181496527
2024-03-21,4.771274000697162,1.8064537296461995,1.5520697262172687
2024-03-22,4.174868474151047,1.8028626705825557,1.5366142615949234
2024-03-25,5.512357717607554,1.8023920094187003,1.5639014835327532
2024-03-26,6.317503563019056,1.8033871472235576,1.578093990228491
2024-03-27,7.13645616541306,1.8175457025520005,1.6033210096263582
2024-03-28,6.7220783055484885,1.8174587836794787,1.5969524717929344
2024-04-01,5.411439860120305,1.808349918956151,1.5771427048627842
2024-04-02,5.709560460736995,1.803678749565744,1.5742774226266865
2024-04-03,5.429924441522695,1.8023974837422698,1.5713440570291295
2024-04-04,5.157135154613637,1.7943892443941853,1.558897286769564
2024-04-05,4.594700448638764,1.7961879381371966,1.5574031541744966
2024-04-08,4.243270164289601,1.7969162334237632,1.5538245526647647
2024-04-09,4.276087900888787,1.8014853175071175,1.5583930847567427
2024-04-10,3.939535540646429,1.7835286874209677,1.5360863209016986
2024-04-11,3.744962810383964,1.7839962027927296,1.5359858499685917
2024-04-12,3.7603912458866087,1.7750055727755354,1.5247687732391708
2024-04-15,3.1287690309318243,1.7640113425479607,1.5037904974227412
2024-04-16,2.724593849651152,1.7567599741871942,1.4909191043834762
2024-04-17,3.110229604031143,1.7600927262041859,1.4986419252877339
2024-04-18,3.8375015130170937,1.7630069745083359,1.5121373738309842
2024-04-19,4.174591025765054,1.7684649186149537,1.5179628811155252
2024-04-22,4.086158028204957,1.776507394147985,1.5256731951011187
2024-04-23,3.782145115515557,1.7816792378912267,1.5286865955040279
2024-04-24,4.107874611078794,1.7815332583701309,1.5331240448401495
2024-04-25,4.40285514310029,1.777383910264754,1.5324678430435215
2024-04-26,4.719284783491564,1.7793963737048468,1.5413038277185782
2024-04-29,5.255482642128294,1.7871959023320807,1.554089189631354
2024-04-30,5.578456985901471,1.7751350536310468,1.5436133489000392
2024-05-01,5.087164994031124,1.7708513651214663,1.535123862167082
2024-05-02,5.455845098466352,1.7782287828718533,1.547611900955524
2024-05-03,5.38420247479297,1.7877933387333365,1.558146189782149
2024-05-06,5.515567593530438,1.7955155171999613,1.567885996474027
2024-05-07,5.362356608151262,1.7995631225622293,1.5692654979152423
2024-05-08,5.524164769686388,1.8003647162957563,1.5705350530581992
2024-05-09,6.053655717987682,1.8091888027205127,1.5839726837343762
2024-05-10,5.70758400241178,1.8073865863304497,1.5806883651354102
2024-05-13,5.776360457612903,1.8069579720711026,1.5807849040914954
2024-05-14,5.955553906495482,1.8105462042803429,1.5867211923640916
2024-05-15,5.8698111938825575,1.8209302187998657,1.5983201439236265
2024-05-16,5.8334654102460535,1.8182996992161748,1.5953675270896157
2024-05-17,5.712286987479986,1.818789986961903,1.5971371000585257
2024-05-20,5.453680173757749,1.8140692615775467,1.5919747879741337
2024-05-21,5.023022432947783,1.814159001861351,1.5886536661487654
2024-05-22,5.062606619561358,1.8066008292769338,1.581689937282047
2024-05-23,4.987700341358468,1.7937111072005212,1.5683261519556215
2024-05-24,5.183268987166708,1.7963124839519553,1.5745010063269005
2024-05-28,5.608269675497951,1.7949036665133968,1.5759782539439169
2024-05-29,5.722230509064943,1.7819516134578548,1.5635170217834344
2024-05-30,5.795431440077669,1.7848469053811034,1.5660856090424102
2024-05-31,5.52304495000864,1.7989111964697355,1.5795301848939816
2024-06-03,5.28140747200798,1.7956265543871213,1.568815331557057
2024-06-04,5.150224811191054,1.796300969732398,1.5654574548610576
2024-06-05,5.283292870267707,1.8055862207760995,1.5768940393524447
2024-06-06,5.209607312119826,1.8053191364972832,1.5761029364767056
2024-06-07,5.062197917415211,1.7999511250252542,1.5700299504688537
2024-06-10,4.8057845181688785,1.8021266472493547,1.5702521322415088
2024-06-11,4.518998429310939,1.8012178126118596,1.5643701909286563
2024-06-12,4.687467319135969,1.8085580945928712,1.5726615276237934
2024-06-13,4.581277538058735,1.8113361971004764,1.5707418398373685
2024-06-14,4.279064394815486,1.809538482354837,1.5621507015439762
2024-06-17,4.034486593142297,1.8170348096100406,1.5666421433026165
2024-06-18,3.676481639576825,1.8202613059470032,1.5630700432436595
2024-06-20,3.1899059871252726,1.8196799591008888,1.554044082620989
2024-06-21,3.2878378618851145,1.8175894823202945,1.553726152172881
2024-06-24,3.925103898889907,1.825629064640082,1.5778561424118285
2024-06-25,4.227472412085151,1.8219912563630194,1.5829731407390424
2024-06-26,4.5293232381582325,1.818894377859707,1.5862371919564169
2024-06-27,4.264861816586301,1.818861635699697,1.5819435270534838
2024-06-28,3.8438681779570936,1.8146899737700903,1.5714921265353243
2024-07-01,3.877261166782083,1.8112186542380129,1.5715066441353154
2024-07-02,3.7341422826891835,1.817681039490551,1.5757396209331251
2024-07-03,3.667697614947359,1.8227605441489845,1.5789535576577727
2024-07-05,3.458638443514563,1.827209845343214,1.5750266999692901
2024-07-08,3.5826316343629,1.8282128180917618,1.5778908496446864
2024-07-09,3.5363712362801656,1.8274115284987262,1.574361834719236
2024-07-10,3.419862217419405,1.837305134554283,1.5847218787271669
2024-07-11,3.5356538367438133,1.8414728039942287,1.5866199686287135
2024-07-12,3.6484749338351468,1.8498644947403466,1.5980300031109336
2024-07-15,4.689578643445606,1.8551341628627893,1.6272892319414538
2024-07-16,4.304970515193999,1.8678622718102988,1.6338574537329449
2024-07-17,4.25610593624,1.8645859664432265,1.6250735892710628
2024-07-18,4.355183311204266,1.8545838728033461,1.617457092951394
2024-07-19,4.099777125070412,1.8455349444156328,1.6022388689108336
2024-07-22,4.070767091367296,1.8519821104794294,1.6108883196911772
2024-07-23,3.8772701631346957,1.8476847308731936,1.6003861074870909
2024-07-24,3.6286010761887435,1.8328620780515845,1.5742932799419207
2024-07-25,3.675524238978448,1.8350993808917875,1.5766470370851182
2024-07-26,3.720673346801645,1.8492127854427283,1.5921314850408337
2024-07-29,3.580095358520287,1.8488916631383436,1.5872708440760992
2024-07-30,3.4345376664452947,1.8496842742997484,1.5853944800208195
2024-07-31,3.4313644646639716,1.862374034106766,1.6002830676250674
2024-08-01,3.2594315113175525,1.8542760832675331,1.5791961183850745
2024-08-02,3.4746022185142,1.8498897218784476,1.5647871221005594
2024-08-05,3.227257744326389,1.823941387168823,1.5269420283509747
2024-08-06,3.2432328198081377,1.8253216609848846,1.5346598959090034
2024-08-07,3.092572685428113,1.820307668449948,1.527478230746029
2024-08-08,3.1650745187435123,1.8378820964097988,1.5541469263454453
2024-08-09,3.1516545665950515,1.8427696305446235,1.5576216506063394
2024-08-12,3.006710556919979,1.8431215215210577,1.5545643055591694
2024-08-13,2.9087538079172517,1.8567573720785808,1.5644941166098845
2024-08-14,2.9091116186475157,1.8621600180740197,1.5700899998478224
2024-08-15,2.867080794418643,1.8711548181306745,1.5860666104351575
2024-08-16,2.810360007530297,1.8757375266078085,1.588106932948874
2024-08-19,2.7217459801304478,1.8831305548346902,1.5953163768975052
2024-08-20,2.6278265322378807,1.8819942160770573,1.5851452389208798
2024-08-21,2.939154469759962,1.8873844555145571,1.5976435323107623
2024-08-22,2.7718771887518248,1.87997419345286,1.5884599447197474
2024-08-23,2.786828729101683,1.8949688266767892,1.6052573344725665
2024-08-26,2.6656911852546283,1.8945926289968185,1.604189350941322
2024-08-27,2.583295335856218,1.8942883019303727,1.600645295609013
2024-08-28,2.482951549820099,1.8903492413366967,1.592613232321362
2024-08-29,2.455094220169266,1.8929232380913688,1.597980010518479
2024-08-30,2.4177287530065006,1.8994474262927716,1.606847045679458
2024-09-03,2.255264865562253,1.889150004251294,1.596159636252392
2024-09-04,2.1291626351748114,1.8912754180295992,1.5971512332694329
2024-09-05,2.177108310494935,1.8877354871766951,1.59550713798987
2024-09-06,2.1412154385387985,1.87796635781782,1.5867967072254192
2024-09-09,2.2488264677443603,1.8876599417628281,1.5970925455041542
2024-09-10,2.315685321133091,1.8900549954486268,1.600282327312842
2024-09-11,2.0952061335218755,1.8905124635391217,1.5986179643446428
2024-09-12,2.027704036881852,1.8963296111517756,1.6024472518764183
2024-09-13,2.2457134562543213,1.9043002029003053,1.6124835253367984
2024-09-16,2.1690211270528312,1.9118739927551167,1.6191231694236818
2024-09-17,2.039319478954383,1.9119323580279133,1.6175131152134556
2024-09-18,1.9792082941553335,1.907712993820374,1.6130666961378464
2024-09-19,1.8750152920131107,1.9185164238633095,1.6210522848815803
2024-09-20,1.7419662564953027,1.9174298353891301,1.6176666299432771
2024-09-23,1.5797025712441835,1.9208734440830093,1.6182408172950622
2024-09-24,1.6551894343163525,1.9225971514516378,1.6207824968776705
2024-09-25,1.8115798300628718,1.9132584746899755,1.614374166209426
2024-09-26,1.7931924953838778,1.9136488681437633,1.614620317535087
2024-09-27,1.8848366654525555,1.920271648365057,1.6211046792544395
2024-09-30,2.0388177771001237,1.9221858645499117,1.6253610573853379
2024-10-01,2.0501502765722663,1.9228062544096087,1.6235265440506512
2024-10-02,2.0103420288687377,1.9228062483516708,1.6218822660562373
2024-10-03,2.0527342549771967,1.9182524584001566,1.6153845610107334
2024-10-04,2.0910632064688794,1.9183201241607586,1.6128757246850987
2024-10-07,2.3078703319509084,1.908653504622437,1.6025944966030854
2024-10-08,2.6957699778268926,1.9097747956694375,1.6067504849483032
2024-10-09,2.5580251221017343,1.9158512694400598,1.6105099012681519
2024-10-10,2.9600306488145613,1.9146991514759388,1.607436835882035
2024-10-11,3.0905706234993366,1.923334174254199,1.6143451513647484
2024-10-14,3.60935653883793,1.9286894780885906,1.6183147863014942
2024-10-15,3.2888958887818833,1.9230551689623383,1.6191687513590145
2024-10-16,3.753623306655359,1.9297558985776315,1.6246613298124455
2024-10-17,3.604924609684552,1.9268909087747423,1.6195046693651727
2024-10-18,3.5693821895214524,1.9291362934647243,1.6218991343986857
2024-10-21,3.7567473412338566,1.9172198687361013,1.6091395387002716
2024-10-22,4.094341809815475,1.9166616958767924,1.6084282196385158
2024-10-23,4.257877162002351,1.9106876356590852,1.6046742295768082
2024-10-24,4.155685917994567,1.9109190484455227,1.6071769067635355
2024-10-25,4.587820315356787,1.9049639245575896,1.6019013109117075
2024-10-28,5.486297142591571,1.9060631753141233,1.6023332153709384
2024-10-29,5.921175805090647,1.9020202153071155,1.6001173800124722
2024-10-30,4.720465924359464,1.8993777059025,1.5987477504107652
2024-10-31,4.214539997083429,1.8891225537753265,1.5863202320513468
2024-11-01,3.694627123391285,1.8866696540354086,1.5774064302191002
2024-11-04,4.113502664733173,1.8896061851923631,1.5863730463113617
2024-11-05,4.071493424301276,1.9027639530752853,1.598191108737486
2024-11-06,4.298948711153193,1.9253400029148307,1.6098631422276741
2024-11-07,3.401099879239489,1.9326830514578668,1.609580053024471
2024-11-08,3.873017139360088,1.9406570881123681,1.6250765323298588
2024-11-11,4.041898634624411,1.9404805506294707,1.6250570749435358
2024-11-12,3.7159421593854276,1.9292883909569827,1.6099004333471973
2024-11-13,3.5466700750639117,1.9316651922513552,1.609857258822519
2024-11-14,3.3282123862502653,1.923898031108853,1.5996412961536228
2024-11-15,3.451739479054691,1.9138047933935334,1.5945869340678305
2024-11-18,3.9773172440680944,1.9208733685791037,1.606918129808876
2024-11-19,3.6558830148824626,1.9211846166821116,1.6043416030907673
2024-11-20,3.6840634093735423,1.9219100904794941,1.6044425725222593
2024-11-21,3.7302878670677004,1.9322345176848872,1.6139259419609333
2024-11-22,3.7613832619964667,1.940559965729286,1.622128465701622
2024-11-25,3.7593467731756336,1.9510487443480309,1.6348106958533968
2024-11-26,3.7331663660955248,1.9532846844666172,1.6362901341690423
2024-11-27,3.7232135817921552,1.9539549418210027,1.6383096135531963
2024-11-29,3.854761601324078,1.9611254887253755,1.6440089332184695
2024-12-02,3.951155993879565,1.958790468587667,1.6395697893300138
2024-12-03,4.0789167259416494,1.9556287965841817,1.6359278981349537
2024-12-04,4.252828358159878,1.9555827504722922,1.6365134410752005
2024-12-05,4.086357366667216,1.9543479991841495,1.634143407359138
2024-12-06,4.1946903996076825,1.9539805420399683,1.6348171871625743
2024-12-09,4.260477212083271,1.9485939265326797,1.6318409223585757
2024-12-10,4.129525320347433,1.9428901845774063,1.623895576331131
2024-12-11,4.359147107863657,1.9415253078820678,1.6226661554676705
2024-12-12,4.354964021513856,1.935105816364271,1.6176466557983242
2024-12-13,4.3951484889420644,1.931893475171035,1.6160734787831097
2024-12-16,4.600608724348142,1.930750663272333,1.6157459499588882
2024-12-17,4.546684280222165,1.9249923103042892,1.6107416337656157
2024-12-18,4.244707123970325,1.8919613644775626,1.5753300897915028
2024-12-19,4.254427003562866,1.8851445561208129,1.5673621280317722
2024-12-20,4.182103738954319,1.8995093073917064,1.5811544308442034
2024-12-23,4.239946284885086,1.9021843730244214,1.5836563500129854
2024-12-24,4.304774249350758,1.9113628663538378,1.5928948834800247
2024-12-26,4.439182280509092,1.9124614899399983,1.5952551674307462
2024-12-27,4.33493531572481,1.9051196494841358,1.5865434368012479
2024-12-30,4.123669626170413,1.9001839740476116,1.5793658970272402
2024-12-31,4.1210295643579995,1.9009139382623004,1.5810595576753772
2025-01-02,4.113420326411612,1.9037734006449543,1.5781344535319382
2025-01-03,4.1795485833716235,1.910593811232711,1.583843681986532
2025-01-06,4.352036637350675,1.9095380949515646,1.588799819658818
2025-01-07,4.245941122698905,1.9070116550061575,1.5783273805412046
2025-01-08,4.1738139139183446,1.908120424849804,1.5825106129405666
2025-01-10,4.258033016355023,1.8961653084272214,1.5701879496130433
2025-01-13,5.094661309573887,1.9071075520957668,1.5929873295413712
2025-01-14,4.713232040918803,1.9144587711696297,1.59386390337239
2025-01-15,4.880659931641744,1.9344959278868021,1.614321555909023
2025-01-16,4.901953835163122,1.939211173104303,1.6203022238521287
2025-01-17,4.796152025172181,1.9463405336650006,1.621562591926829
2025-01-21,4.312780093624128,1.9520768222193277,1.623290223299311
2025-01-22,4.093280871166783,1.94292582569611,1.615762189468098
2025-01-23,4.08759671467073,1.94693156107536,1.6212112392816147
2025-01-24,3.9933345022752613,1.945200823004256,1.619160483377327
2025-01-27,3.6380923353612427,1.9468131074385708,1.614912256725191
2025-01-28,3.6922597333271807,1.938555144771655,1.6074356898702096
2025-01-29,3.9195092826487237,1.9367754773358337,1.609991838986157
2025-01-30,3.868030620917745,1.9433649196606744,1.6145709550714415
2025-01-31,3.8933080087730136,1.9305172722255184,1.6098440974760815
2025-02-03,3.7799508688549737,1.931029798937883,1.6098043352718374
2025-02-04,3.7597237032812476,1.9368880120669967,1.6117728961152682
2025-02-05,3.7322352967059182,1.948360895434942,1.6227514513814534
2025-02-06,3.957428626220272,1.944706250838188,1.6290144499489692
2025-02-07,3.823036287692649,1.935359807058554,1.6144371669155524
2025-02-10,3.829522145236803,1.9430885923538341,1.6234477661283895
2025-02-11,3.7341824518167193,1.9464275649074598,1.6247236548074482
2025-02-12,3.7410139191997773,1.9353113154956247,1.6196564227723922
2025-02-13,3.7708088993009774,1.9489555649477022,1.633219353952777
2025-02-14,3.7404451977527797,1.9493390011345633,1.6333129245636238
2025-02-18,3.6140679845420145,1.9528579867596791,1.6361744463371648
2025-02-19,3.5070712888706126,1.960124780453204,1.6431900626736584
2025-02-20,3.4606095889538255,1.959438631040251,1.6357771196476634
2025-02-21,3.3614933137411085,1.9502255999562794,1.6226507764018636
2025-02-24,3.2176979338266825,1.9484012160630795,1.6132982079582425
2025-02-25,2.999082707784854,1.952552532944073,1.6108212553605963
2025-02-26,3.079182167639654,1.9506455583847686,1.6107485406094848
2025-02-27,2.995923087297989,1.9427887739245968,1.596622592047101
2025-02-28,3.0326660130455014,1.959184595384912,1.6118255909794146
2025-03-03,2.929556791482835,1.9505587205976318,1.611984690394942
2025-03-04,2.8191962689356838,1.939486106513613,1.6027985905446889
2025-03-05,2.869019199298379,1.941152782546428,1.614775012208578
2025-03-06,2.784258461548674,1.9301786368414198,1.5948869111054924
2025-03-07,2.8467547585346766,1.940987406944363,1.6091133885989888
2025-03-10,2.5490386469403035,1.9346062282809202,1.5871327040054868
2025-03-11,2.505972413561884,1.9218474942461157,1.5688637282270037
2025-03-12,2.563104116743376,1.9141802481322678,1.555988858052873
2025-03-13,2.4568948214477495,1.9080153000567237,1.5419430619169248
2025-03-14,2.5820129728441468,1.9223928297657094,1.5633692655948206
2025-03-17,2.6245189236375626,1.9308828527061488,1.5694075811258232
2025-03-18,2.569596543676769,1.9286888497328454,1.563464748050759
2025-03-19,2.6306061843814614,1.9401415110547777,1.5807457181100355
2025-03-20,2.5644636195319452,1.9356999801731962,1.5657795686996223
2025-03-21,2.5889524005688944,1.9294832013467833,1.561266776094147
2025-03-24,2.6792463879088175,1.9352133919064824,1.573541657903796
2025-03-25,2.894736492065236,1.9336569022523935,1.5790242827440382
2025-03-26,2.6722736389973987,1.9267439783060551,1.562932363366725
2025-03-27,2.599629829551729,1.9228257473664856,1.559644377209632
2025-03-28,2.5418392282185875,1.9206907891031193,1.5553687943237684
2025-03-31,2.5099260336570706,1.9308748564621185,1.5646964185159156
2025-04-01,2.5937966732954187,1.9364009854952298,1.5702061512329109
2025-04-02,2.4200092647440665,1.935508363397085,1.5555545033519016
2025-04-03,2.3702469905678365,1.8963720918252183,1.5089623869015099
2025-04-04,2.203149925103597,1.8362886893753405,1.4234280077075456
2025-04-07,2.2276834825683953,1.814577046896736,1.4083782394687092
2025-04-08,2.1466784439006115,1.7938758861863433,1.377040594598062
2025-04-09,2.5827310786355437,1.8570698789741984,1.4831330190063392
2025-04-10,2.40166949754406,1.806138041214106,1.4140420141840986
2025-04-11,2.416724662101845,1.819312557575451,1.4303366050037694
2025-04-14,2.4220917064664707,1.8310394023655567,1.4279902203339194
2025-04-15,2.541557056731197,1.833994755152647,1.438331060956708
2025-04-16,2.514906135537657,1.836917857777041,1.4365742430421968
2025-04-17,2.7836318931979473,1.8506487456182306,1.4755155426429107
2025-04-21,2.8297515546988943,1.8259308193719246,1.4518466862257184
2025-04-22,2.9668432729538,1.8471242545843853,1.4778701378423256
2025-04-23,3.279149850306027,1.8528048026978026,1.5037741664620563
2025-04-24,3.2565115875135104,1.870451790419251,1.512272951208323
2025-04-25,3.256084531931727,1.874552471000606,1.5151719072194314
2025-04-28,3.223395657299938,1.8818908782264034,1.527518791561859
2025-04-29,3.127770947658165,1.8833718782558257,1.5219912792811596
2025-04-30,3.0752509913614365,1.8667079479205324,1.500839576484065
2025-05-01,3.097998326390755,1.8627879732775372,1.4993729856498146
2025-05-02,3.186449325263842,1.8692208807068356,1.5043559956790824
2025-05-05,3.046066693434934,1.8623108050434642,1.499867482241023
2025-05-06,2.9921189735215927,1.862246634827515,1.50041251872414
2025-05-07,3.0394008459038053,1.8663259251573805,1.5051495089350813
2025-05-08,3.1480725314831632,1.8640524696106449,1.4998774115341913
2025-05-09,3.1214948714022057,1.8681954289379574,1.5055379092097254
2025-05-12,3.2128040858487643,1.879322666039925,1.5038981572247203
2025-05-13,3.2901356053819115,1.8807832262096378,1.5037904079818272
2025-05-14,3.2547976732522175,1.8721252911063058,1.4946825519578153
2025-05-15,3.136623020446088,1.8832701192168555,1.4977554943044828
2025-05-16,3.212623455132562,1.8859859861043464,1.4999037256104797
2025-05-19,3.145325926034227,1.8828796642846615,1.4946291522773765
2025-05-20,3.1254009784417547,1.8811917845130737,1.5000353468820995
2025-05-21,3.0732651608243056,1.864379859236246,1.4909907750883227
2025-05-22,3.085085681374627,1.8646100381480586,1.492753976752349
2025-05-23,3.215432998505322,1.8678338953848779,1.4995592793434982
2025-05-27,2.9155731439424493,1.881993804077134,1.5050848529866796
2025-05-28,2.7331744946942282,1.8716785769392115,1.4927754668389686
2025-05-29,2.65782279608806,1.8788473248026678,1.495436136458176
2025-05-30,2.7150246526398365,1.879833425855575,1.4976694995079767
2025-06-02,2.7247165168108536,1.8856749791836123,1.5080053333614247
2025-06-03,2.7784268441638433,1.8895848816112053,1.5065720735797088
2025-06-04,2.7816606409917344,1.8906771150674768,1.513175208984128
2025-06-05,2.577390090445788,1.8861208930512945,1.5061130431277923
2025-06-06,2.6708116214265165,1.8892660765257898,1.5081221198354093
2025-06-09,2.707651633944789,1.8907036656302263,1.5080568279678346
2025-06-10,2.673198293693068,1.8984516118015684,1.5088716348313924
2025-06-11,2.628699635628959,1.904096154338472,1.510328337046051
2025-06-12,2.5610852860199436,1.9113214806473855,1.5157175857060814
2025-06-13,2.513561029611541,1.9052619022557618,1.5074074630974041
2025-06-16,2.414982226250493,1.9076908638772077,1.5115149119213116
2025-06-17,2.3966407314854883,1.906806239660719,1.5091723743353798
2025-06-18,2.4037742453662676,1.90805073267016,1.5153106415470405
2025-06-20,2.3167695508570345,1.9087882848044533,1.507991463244546
2025-06-23,2.322343617652161,1.9103165530599495,1.5110284582451383
2025-06-24,2.3597187702559084,1.916880709777972,1.5199216060260858
2025-06-25,2.303136394530333,1.9139913727891213,1.516297874843334
2025-06-26,2.3140413597469123,1.9248518086438915,1.52499432072106
2025-06-27,2.265251130815391,1.9257966032435077,1.5300093111523658
2025-06-30,2.3401126462931634,1.9294005702958261,1.530292180103246
2025-07-01,2.3045003745939097,1.9356955944422554,1.5295854169741436
2025-07-02,2.360658946085031,1.9389370054077428,1.5300997038381023
2025-07-03,2.4507198734761153,1.9404257510535678,1.5295000672547547
2025-07-07,2.423017414684891,1.9293339403909122,1.5176671517616787
2025-07-08,2.485711037781056,1.9323777296340794,1.51920356128297
2025-07-09,2.459275616205492,1.938000387846919,1.5250712302642195
2025-07-10,2.4491150640132697,1.9417922077287835,1.5257612991153695
2025-07-11,2.400736985301092,1.9345871881050025,1.5187033741331255
2025-07-14,2.37229986613259,1.9338637734431379,1.5195894590066288
2025-07-15,2.330461037964959,1.9212543870837087,1.5126484995921483
2025-07-16,2.447571097867095,1.9260490895628002,1.5163599454886953
2025-07-17,2.4755416993916675,1.9311560292673386,1.5188219884630703
2025-07-18,2.417498419666671,1.9302705442510208,1.5190303654807544
2025-07-21,2.4840422288420116,1.9323283449249367,1.5255138085307416
2025-07-22,2.5563708108517136,1.9398079685702037,1.5290488981750634
2025-07-23,2.5258113998289944,1.9490801340945028,1.538331948895483
2025-07-24,2.4699914148598134,1.9468291553447923,1.5359381209193328
2025-07-25,2.4747217773617156,1.9494450381744177,1.5367325465914825
2025-07-28,2.4325700859724937,1.946344071924607,1.5306806840977047
2025-07-29,2.3182603212083315,1.9520438971468452,1.5360233849409288
2025-07-30,2.311426170365717,1.9440687267408883,1.531976960802142
2025-07-31,2.2893594583151984,1.937867971531868,1.529676313473384
2025-08-01,2.2082955078607953,1.9401145779539153,1.5359915765047103
2025-08-04,2.205088920967765,1.9520369030326847,1.545326821632575
2025-08-05,2.145981681509727,1.9497071716856262,1.5448394058246269
2025-08-06,2.1294519637149776,1.9532356086370875,1.5487380040264083
2025-08-07,2.234097122228226,1.9539357356675593,1.5501813972126954
2025-08-08,2.2179176961534575,1.9580414557818984,1.552227882776643
2025-08-11,2.2467722616517762,1.9567642592962529,1.5522089339671714
2025-08-12,2.2732188458891285,1.965805853955414,1.5589144035518887
2025-08-13,2.3363912185864453,1.9748231143698227,1.5646479392930122
2025-08-14,2.293642531732887,1.9706361501116292,1.5595215681017387
2025-08-15,2.398112666239411,1.9694845487825745,1.560842008559995
2025-08-18,2.386862843690386,1.9691074855084283,1.560372195021521
2025-08-19,2.268333522206687,1.9703012231092019,1.5602179805268173
2025-08-20,2.227341254738218,1.9703419178914308,1.5595757933954437
2025-08-21,2.2657184793826426,1.96419809779529,1.5539356641884805
2025-08-22,2.326065461477252,1.9824146450792988,1.568108093527829
2025-08-25,2.2486866861096315,1.974486965946639,1.56140605456314
2025-08-26,2.3557506208532475,1.978533586102278,1.5634304699088917
2025-08-27,2.3333962397131844,1.98123271202834,1.5638295903292037
2025-08-28,2.3387445389114783,1.985714943481459,1.5691366737314223
2025-08-29,2.2887869716156453,1.9832502237247696,1.564245003530129
2025-09-02,2.234763569746441,1.9781735027254765,1.5593370780944125
2025-09-03,2.220826332500492,1.9750885045858937,1.563198539326772
2025-09-04,2.197052078195166,1.9850611130872997,1.5707960735634303
2025-09-05,2.1863995670327205,1.9836774495146967,1.5777968721295186
2025-09-08,2.230802914391925,1.9869161128249917,1.5856200172539525
2025-09-09,2.2133339144062436,1.986789171003879,1.5823002626706197
2025-09-10,2.212049205577508,1.996856622722698,1.5881824010519818
2025-09-11,2.217253489924424,2.005125598888069,1.5961112003233624
2025-09-12,2.2249456724459025,1.9990627749968752,1.5923460642826868
2025-09-15,2.2814072127833906,2.0016040073949575,1.5977782907478661
2025-09-16,2.285143939015164,2.006363502072172,1.5980324182500318
2025-09-17,2.218533159674009,2.0054545678144073,1.5948461024022917
2025-09-18,2.2191521712089624,2.0042544282026187,1.5933434246252425
2025-09-19,2.2790375919037955,2.00075216650852,1.5911662410880023
2025-09-22,2.2976756974084953,2.002405612196052,1.5933554247437014
2025-09-23,2.2836085030128968,2.0086756602451215,1.5945709638609524
2025-09-24,2.2281856558154387,2.0080060059836327,1.5892373404367952
2025-09-25,2.20703396409043,2.005340841686963,1.5851861599327393
2025-09-26,2.2211160053861443,2.011620858888242,1.5865580673488564
2025-09-29,2.218158336791765,2.008949049305304,1.5906975916974844
2025-09-30,2.1597351182710542,2.0079160035571726,1.5897616085638948
2025-10-01,2.1848178874216333,2.0139607592248043,1.5951796320109297
2025-10-02,2.2532817051127085,2.0103578122028045,1.5967734077608455
2025-10-03,2.270160732035786,2.0169187528210584,1.601082209993903
2025-10-06,2.3041183985914966,2.0190775686808706,1.603030770930716
2025-10-07,2.2331398466083585,2.0175907939129414,1.5990421640041208
2025-10-08,2.2608662157129737,2.017634658091709,1.6007472458690624
2025-10-09,2.2364935321898494,2.0081608940104494,1.5972772507091453
2025-10-10,2.101222150233806,1.9802572421443527,1.5801516335638013
2025-10-13,2.173562980105404,1.997737096508406,1.5924212250271816
2025-10-14,2.140211575829124,2.0029945772694924,1.5954178614676267
2025-10-15,2.139307510515531,2.006629308715713,1.6017469620899494
2025-10-16,2.079133673911967,1.9974416803458248,1.6026658433565897
2025-10-17,2.1282609002826627,2.003734274069441,1.604813724130213
2025-10-20,2.1083501994899865,2.0180092179675877,1.6152456183423298
2025-10-21,2.1048093333367874,2.016928859629252,1.6127786715351398
2025-10-22,2.069147692643915,2.0166327327345206,1.6102469600754699
2025-10-23,2.098924601576249,2.0234746314169563,1.6117039424563326
2025-10-24,2.091707061821148,2.0264549266215104,1.6173917346534656
2025-10-27,2.1153012239315614,2.03600473737594,1.6271424832086632
2025-10-28,2.1295120169674266,2.030434934796868,1.6275790381757174
2025-10-29,2.107544412729641,2.0237705886773445,1.620371061058359
2025-10-30,2.0295116684133268,2.0186173045430937,1.6155658555174182
2025-10-31,2.0298089927192557,2.020336166502012,1.6167890037487438
2025-11-03,1.9331196091045242,2.0164293873959953,1.6158071909706286
2025-11-04,1.8474917288382369,2.0104242915002963,1.6079949695829743
2025-11-05,1.8900494326693096,2.010492599847984,1.6088425920131504
2025-11-06,1.7887568382757841,2.010613804163384,1.6064661267917497
2025-11-07,1.761480609464942,2.0159942180914814,1.6085794794169692
2025-11-10,1.8030375821036986,2.0251188709315513,1.6191873356608941
2025-11-11,1.7399602222008876,2.0360763545111538,1.6252672045569068
2025-11-12,1.7076011903228114,2.036178699931271,1.6268727190216443
2025-11-13,1.632014817325239,2.024401908369435,1.6130375215529187
2025-11-14,1.5140639595939962,2.025312056817896,1.61364223706816
2025-11-17,1.485082021943285,2.014832367892973,1.604382527410279
2025-11-18,1.4753317588777661,2.0138026856698126,1.5987051714641023
2025-11-19,1.4153409342464944,2.0118799114325685,1.5990035451361637
2025-11-20,1.4215600938664419,2.0010645148470405,1.5878510387354288
2025-11-21,1.4202532987555778,2.0142323719890576,1.5997661379505455
2025-11-24,1.4529432195378678,2.020182806219176,1.6081848357495325
2025-11-25,1.4717401751368855,2.03012596133902,1.6171018339426317
2025-11-26,1.5139118636228908,2.0382547527596895,1.625539999543081
2025-11-28,1.5735383474253481,2.0448552609296295,1.6295665191791178
2025-12-01,1.5006210002311702,2.036501430524472,1.6229792254168414
2025-12-02,1.529838721010719,2.0364457810609955,1.6232214325763161
2025-12-03,1.5712683332786177,2.044439569418576,1.6300118336697145
2025-12-04,1.6062688015257844,2.042579890643884,1.6291119610959486
2025-12-05,1.5533130094084147,2.041264755649491,1.628645779044769
2025-12-08,1.519376565565382,2.035675583848089,1.6234811264472513
2025-12-09,1.543729580159975,2.03384552864423,1.622681383287063
2025-12-10,1.5449202570608764,2.045206364480995,1.6322398760763714
2025-12-11,1.4956260554194671,2.0491274207664363,1.6343956676174594
2025-12-12,1.4620433234161962,2.042043648356603,1.6261314815014376
2025-12-15,1.437887537706562,2.0432016018433825,1.6267278703832602
2025-12-16,1.4698249995676167,2.038428984488029,1.6216398111290697
2025-12-17,1.4384226040309247,2.0356531651539447,1.6182302417090653
2025-12-18,1.9861110421803292,2.038540669089956,1.6215678623134553
2025-12-19,2.136203331666498,2.040707674373314,1.6243927924204413
2025-12-22,1.9340053505198784,2.0457172100078567,1.6285490753283305
2025-12-23,1.9039445429003625,2.0473311099662097,1.6313538093926059
2025-12-24,1.9232525445242155,2.0527343050442193,1.6358204202834397
2025-12-26,1.8575144998579611,2.0524747772436283,1.635789213630798
2025-12-29,1.7832943249903153,2.0530376410220565,1.6366703604683301
2025-12-30,1.7109338053116936,2.0521306403825625,1.6359844850444893
