,disclosed,mean_variance,black_litterman
2018-02-01,-7.550207489998218e-05,-0.003390857451567508,-0.003390857451567508
2018-02-02,-0.0020492520996699968,-0.014601252088816769,-0.014601252088816769
2018-02-05,-0.0030287199176550006,-0.0235774426546221,-0.0235774426546221
2018-02-06,0.0008912538969483824,0.006753808138088051,0.006753808138088051
2018-02-07,-0.000835771000317981,-0.006611539828235028,-0.006611539828235028
2018-02-08,-0.0023550189685039046,-0.018909192686758853,-0.018909192686758853
2018-02-09,0.00035801567056174816,0.003584729532210355,0.003584729532210355
2018-02-12,0.0008611865158298048,0.005797740049798303,0.005797740049798303
2018-02-13,7.94766700616809e-05,0.001237995276429005,0.001237995276429005
2018-02-14,0.0007799453286552579,0.004425356957789287,0.004425356957789287
2018-02-15,0.0004355171219492318,0.004745279881222271,0.004745279881222271
2018-02-16,1.9259391910740524e-05,0.0014875427022349305,0.0014875427022349305
2018-02-20,-0.00040575963047201867,-0.003993220570579788,-0.003993220570579788
2018-02-21,-0.0007444036249455472,-0.0062347635087971935,-0.0062347635087971935
2018-02-22,0.0003827463208498025,0.0029343729154368264,0.0029343729154368264
2018-02-23,0.0012765148239034278,0.010216978616395077,0.010216978616395077
2018-02-26,0.0006913965045571412,0.005850580739511021,0.005850580739511021
2018-02-27,-0.0009295820169107357,-0.008279324468686903,-0.008279324468686903
2018-02-28,-0.0010955261519290692,-0.007013993051288671,-0.007013993051288671
2018-03-01,-0.0004552048289936132,-0.003881862393113714,-0.003881862393113714
2018-03-02,0.0003174996921155435,0.002049303079998207,0.002049303079998207
2018-03-05,0.0007062361296750974,0.004935751294689335,0.004935751294689335
2018-03-06,0.0002456602873372799,0.002840548627593309,0.002840548627593309
2018-03-07,-0.0001711824660034166,-0.0005810419954868011,-0.0005810419954868011
2018-03-08,8.32118070815083e-05,0.0009660648617392245,0.0009660648617392245
2018-03-09,0.0010584771293337227,0.00699144917857469,0.00699144917857469
2018-03-12,6.620375408290127e-05,0.00098590432629239,0.00098590432629239
2018-03-13,-0.0003518539241643667,-0.002119954267675594,-0.002119954267675594
2018-03-14,-0.00048443864276177546,-0.0031404672053974903,-0.0031404672053974903
2018-03-15,-0.0002991214822481507,-0.002229973557769238,-0.002229973557769238
2018-03-16,0.0003577325220452064,0.002295093674946795,0.002295093674946795
2018-03-19,-0.0010619777003834372,-0.008410987742769997,-0.008410987742769997
2018-03-20,0.00030868082404745064,0.0015143540815739209,0.0015143540815739209
2018-03-21,0.0005926652876298606,0.0022071207062405174,0.0022071207062405174
2018-03-22,-0.0015048351054224092,-0.01083372631926458,-0.01083372631926458
2018-03-23,-0.0010560469677400456,-0.009697087009645968,-0.009697087009645968
2018-03-26,0.00160487024846036,0.012829900362401444,0.012829900362401444
2018-03-27,-0.0006185247286238072,-0.0030745475405771954,-0.0030745475405771954
2018-03-28,-0.000419301545364822,-1.563076078893539e-05,-1.563076078893539e-05
2018-03-29,0.001177158412734227,0.00871047561106276,0.00871047561106276
2018-04-02,-0.0015906731720721765,-0.012587546757835303,-0.012587546757835303
2018-04-03,0.0011420508353578865,0.007991872339096063,0.007991872339096063
2018-04-04,0.000425876947327091,0.003982787718468746,0.003982787718468746
2018-04-05,0.0006480359265252014,0.0032715170909804205,0.0032715170909804205
2018-04-06,-0.001237234589286132,-0.008357722017042019,-0.008357722017042019
2018-04-09,0.0002389518181119777,0.0016435832364419217,0.0016435832364419217
2018-04-10,0.001331077741268895,0.00747462305332791,0.00747462305332791
2018-04-11,0.00016109680433511948,0.0005516895057917712,0.0005516895057917712
2018-04-12,0.00024423142897912737,0.001150213904208693,0.001150213904208693
2018-04-13,0.00037425668721042214,0.002599121625718633,0.002599121625718633
2018-04-16,0.0006467086161383473,0.004718328343949925,0.004718328343949925
2018-04-17,0.0004135318745832961,0.0032490475887759036,0.0032490475887759036
2018-04-18,0.0004268310351575679,0.0016962617385100594,0.0016962617385100594
2018-04-19,-0.00047009404887103174,-0.0055268458529626795,-0.0055268458529626795
2018-04-20,-0.00035846125510264774,-0.0032729643938146885,-0.0032729643938146885
2018-04-23,0.00016970842528114087,0.0005309974062387497,0.0005309974062387497
2018-04-24,-0.0006490634555723255,-0.004253668624771878,-0.004253668624771878
2018-04-25,0.0002916032779126212,0.001086968273975993,0.001086968273975993
2018-04-26,0.0008124530373513307,0.006408225924235082,0.006408225924235082
2018-04-27,-0.0003208641102902973,-0.0007545040015574469,-0.0007545040015574469
2018-04-30,-0.0003220679682427388,-0.002959866128628693,-0.002959866128628693
2018-05-01,-0.0001301178006492081,-0.0005455786051456727,-0.0005455786051456727
2018-05-02,-0.0002961772714344012,-0.003501595862734766,-0.003501595862734766
2018-05-03,-0.00020201844624915285,-0.0012903756153878879,-0.0012903756153878879
2018-05-04,0.0006219888789013799,0.005140323587204769,0.005140323587204769
2018-05-07,0.00014964433307620439,0.0009373674781041563,0.0009373674781041563
2018-05-08,0.00021287271220247616,0.0004997768152751325,0.0004997768152751325
2018-05-09,0.0007984902556005036,0.004430548183743806,0.004430548183743806
2018-05-10,0.0008112946029467551,0.007696129777052229,0.007696129777052229
2018-05-11,0.00020191524260344273,0.002046597108575206,0.002046597108575206
2018-05-14,0.000249490011989831,0.001000216807221473,0.001000216807221473
2018-05-15,-0.0003702793675017124,-0.005046120144965942,-0.005046120144965942
2018-05-16,0.00023301009045283892,0.0014492086099917368,0.0014492086099917368
2018-05-17,0.00046730645692264595,0.002038206408979944,0.002038206408979944
2018-05-18,-0.0002538972233495602,-0.0010486705736030648,-0.0010486705736030648
2018-05-21,0.0005894523497826658,0.00453950113060481,0.00453950113060481
2018-05-22,-0.0003252343889826611,-0.0010861366676349292,-0.0010861366676349292
2018-05-23,0.00022319017479716308,0.003028244794240546,0.003028244794240546
2018-05-24,-0.0004370004650782067,-0.0018202814199257695,-0.0018202814199257695
2018-05-25,-0.0007316685851638468,-0.0030484675471697275,-0.0030484675471697275
2018-05-29,-0.0005349218401374233,-0.0035131653448605984,-0.0035131653448605984
2018-05-30,0.0013119930001632253,0.008044372994383098,0.008044372994383098
2018-05-31,-0.0004047632529762693,-0.0029719975914947717,-0.0029719975914947717
2018-06-01,0.0005034486172052826,0.0038151799697789296,0.0038151799697789296
2018-06-04,-0.00016452673797534177,-0.0004142207588065271,-0.0004142207588065271
2018-06-05,-0.0001141336883250176,-0.0007646003880942571,-0.0007646003880942571
2018-06-06,0.0003877528784750834,0.002528841887112665,0.002528841887112665
2018-06-07,0.0005590004842191105,0.003525592936399609,0.003525592936399609
2018-06-08,8.211192988890823e-07,0.00020634810273996895,0.00020634810273996895
2018-06-11,0.00023657336703583818,0.0015036741287329791,0.0015036741287329791
2018-06-12,-0.0002052485359249849,-0.0013433325405434403,-0.0013433325405434403
2018-06-13,-0.000273997125662961,-0.0030179734750417422,-0.0030179734750417422
2018-06-14,4.8918698146342524e-05,0.0011289797633278716,0.0011289797633278716
2018-06-15,-0.0004249515979842673,-0.0014353740062401051,-0.0014353740062401051
2018-06-18,-3.8869031333560546e-05,-0.002099755337981687,-0.002099755337981687
2018-06-19,-0.0003188978133820795,-0.0029269267062335793,-0.0029269267062335793
2018-06-20,0.00029079423366216246,0.0022165541436141396,0.0022165541436141396
2018-06-21,-0.0006836751160889953,-0.0034934852949872457,-0.0034934852949872457
2018-06-22,0.0006954302681368596,0.004613694435552359,0.004613694435552359
2018-06-25,-0.001027913474139475,-0.007035879147684014,-0.007035879147684014
2018-06-26,0.0004539725971704524,0.002855622084352549,0.002855622084352549
2018-06-27,0.00018923498973609854,0.00033348359572139905,0.00033348359572139905
2018-06-28,4.982508219240447e-05,0.0007704417324288096,0.0007704417324288096
2018-06-29,0.0001724241842785283,0.0008572436340035386,0.0008572436340035386
2018-07-02,-0.0006082795355593006,-0.004868168361365151,-0.004868168361365151
2018-07-03,0.00022627935149479366,0.002133882065807476,0.002133882065807476
2018-07-05,0.00018984770969705762,0.0023534664254397653,0.0023534664254397653
2018-07-06,0.0005429024671279144,0.00473408585904993,0.00473408585904993
2018-07-09,0.0006590917061419571,0.003978847177764208,0.003978847177764208
2018-07-10,0.0002483609635014836,0.0011920614391042416,0.0011920614391042416
2018-07-11,-0.0008214905090009453,-0.005347787146397098,-0.005347787146397098
2018-07-12,0.0002638712614245543,0.0022905934896076652,0.0022905934896076652
2018-07-13,0.0001685215670005059,0.0013673795269391793,0.0013673795269391793
2018-07-16,-0.0004253116203284548,-0.0030486531567989195,-0.0030486531567989195
2018-07-17,-1.2251999557488867e-05,1.1871172701849399e-05,1.1871172701849399e-05
2018-07-18,5.800171691462988e-05,8.421181433112912e-05,8.421181433112912e-05
2018-07-19,6.501937588600197e-05,0.001333615789267991,0.001333615789267991
2018-07-20,-0.0001928047946322933,-0.0017239249022621714,-0.0017239249022621714
2018-07-23,-0.00022324339727436754,-0.0023440393491418465,-0.0023440393491418465
2018-07-24,0.0005319424477249311,0.0034383625449589507,0.0034383625449589507
2018-07-25,0.0006871962792826892,0.00587833627064771,0.00587833627064771
2018-07-26,0.0003610555052872351,0.0024603752701335634,0.0024603752701335634
2018-07-27,-0.0002739202392130904,-0.0016257579808720928,-0.0016257579808720928
2018-07-30,0.00013818216915442605,0.0001368023352090593,0.0001368023352090593
2018-07-31,0.0001755711451954432,0.0022911626672947067,0.0022911626672947067
2018-08-01,-0.0005584795760358909,-0.00373008296988444,-0.00373008296988444
2018-08-02,0.00010926952439356068,0.0010254689413148846,0.0010254689413148846
2018-08-03,0.0001947751489889589,0.0030287753745021464,0.0030287753745021464
2018-08-06,0.00021189553719463052,0.001042287941716983,0.001042287941716983
2018-08-07,0.0003711100721692012,0.0024620628471535345,0.0024620628471535345
2018-08-08,-0.00012503177970118982,-0.00042708683055601906,-0.00042708683055601906
2018-08-09,-0.00028479001328972397,-0.0015377834930559626,-0.0015377834930559626
2018-08-10,-0.00016329988222119854,-0.0028724152336802844,-0.0028724152336802844
2018-08-13,-0.0005648034916767085,-0.0040332582594798,-0.0040332582594798
2018-08-14,0.00039757902341276924,0.0036485817616633397,0.0036485817616633397
2018-08-15,-0.0011418180522004139,-0.005867975052904587,-0.005867975052904587
2018-08-16,0.0005216915340892,0.004165440497387474,0.004165440497387474
2018-08-17,0.0003997675759905355,0.004046588967687681,0.004046588967687681
2018-08-20,0.000303369597890636,0.0021594247367759723,0.0021594247367759723
2018-08-21,0.000278709936306495,0.001605451193165212,0.001605451193165212
2018-08-22,0.000233351342076615,0.0008018697992518532,0.0008018697992518532
2018-08-23,-0.00020107311775916997,-0.0017940124883187413,-0.0017940124883187413
2018-08-24,0.000325366072380651,0.002450209086722636,0.002450209086722636
2018-08-27,0.00032643451050600147,0.0019368081340272866,0.0019368081340272866
2018-08-28,-0.00016121401144928414,-0.0009308290500281553,-0.0009308290500281553
2018-08-29,0.00037328120949278406,0.0024728706322778423,0.0024728706322778423
2018-08-30,-0.000269995120781264,-0.0026047629319154346,-0.0026047629319154346
2018-08-31,-9.605744503201373e-05,5.112306238611206e-05,5.112306238611206e-05
2018-09-04,-0.0004542419226574232,-0.005059582649985028,-0.005059582649985028
2018-09-05,-6.431459288243115e-05,-0.00037213542984236483,-0.00037213542984236483
2018-09-06,-0.0005326519623854929,-0.00201541494831939,-0.00201541494831939
2018-09-07,-0.0002007822433324711,-0.003138457145026763,-0.003138457145026763
2018-09-10,0.00017946439339751644,0.0019931848344232786,0.0019931848344232786
2018-09-11,0.00036912242526969337,0.0016884053723613087,0.0016884053723613087
2018-09-12,0.00020557636460682844,0.0016667358378873454,0.0016667358378873454
2018-09-13,0.00020201182521738763,0.0025045380884398893,0.0025045380884398893
2018-09-14,4.744399150289966e-05,-0.0003806526625988128,-0.0003806526625988128
2018-09-17,-1.1036129902330946e-06,0.00010339891868686268,0.00010339891868686268
2018-09-18,0.0006433007259375484,0.004976920715583414,0.004976920715583414
2018-09-19,6.369169076722669e-05,-0.00025218407731752995,-0.00025218407731752995
2018-09-20,0.0005246642171385305,0.005436990935484731,0.005436990935484731
2018-09-21,0.0002871831681717729,0.0021689542075291907,0.0021689542075291907
2018-09-24,0.00026385166234750557,-0.00024296730156558126,-0.00024296730156558126
2018-09-25,0.00011062841603977111,0.0005370555700517179,0.0005370555700517179
2018-09-26,-0.0005085236161389386,-0.0032152917019812413,-0.0032152917019812413
2018-09-27,0.000259998189210817,0.0026134189827911273,0.0026134189827911273
2018-09-28,-0.00012291077455310799,-0.0006048591602879259,-0.0006048591602879259
2018-10-01,0.0006967850563049366,0.004334942739906274,0.004334942739906274
2018-10-02,0.00012236754759433038,0.0010547098057048492,0.0010547098057048492
2018-10-03,0.0002820118878294912,5.569929548543724e-06,5.569929548543724e-06
2018-10-04,-0.0006213131485240048,-0.006224625596295124,-0.006224625596295124
2018-10-05,-0.0002992822931078612,-0.0029263049698023437,-0.0029263049698023437
2018-10-08,0.0003671460865070518,0.0040674038689895095,0.0040674038689895095
2018-10-09,0.0001607328487619364,0.0005123639619784237,0.0005123639619784237
2018-10-10,-0.0020938504639349703,-0.015477274869463915,-0.015477274869463915
2018-10-11,-0.0018612094755892394,-0.013652257757156934,-0.013652257757156934
2018-10-12,0.0003370641359546418,0.0020737881058866905,0.0020737881058866905
2018-10-15,-8.266677631512985e-05,0.0006252261315764875,0.0006252261315764875
2018-10-16,0.0010230108560295124,0.00891393911246853,0.00891393911246853
2018-10-17,-0.00011107355918337353,-0.0007869469633424423,-0.0007869469633424423
2018-10-18,-0.0008729259171212602,-0.007445814332570847,-0.007445814332570847
2018-10-19,-0.00015826836990321703,-8.534941287912843e-05,-8.534941287912843e-05
2018-10-22,-0.0006974686396297184,-0.005683743404458971,-0.005683743404458971
2018-10-23,-0.0007356687341049321,-0.0029691193984774157,-0.0029691193984774157
2018-10-24,-0.0021558238280921663,-0.014528940120862373,-0.014528940120862373
2018-10-25,0.0008544644250904065,0.006264469811447807,0.006264469811447807
2018-10-26,-0.0007744760705147086,-0.006439288404117235,-0.006439288404117235
2018-10-29,-0.0007060387392141985,-0.004023111350435819,-0.004023111350435819
2018-10-30,0.001312103092182634,0.009714945518166406,0.009714945518166406
2018-10-31,0.00047277896576000135,0.002537533757115932,0.002537533757115932
2018-11-01,0.0006300101153878973,0.005077691735852737,0.005077691735852737
2018-11-02,-0.0001810827006681234,-0.0015680319136643622,-0.0015680319136643622
2018-11-05,0.0013317946711863327,0.011119757532452045,0.011119757532452045
2018-11-06,0.00032246325910564264,0.0026579388976461175,0.0026579388976461175
2018-11-07,0.0011461035075849835,0.0087897842503597,0.0087897842503597
2018-11-08,-0.0006143350436328648,-0.003594154063512304,-0.003594154063512304
2018-11-09,-5.149191815531864e-06,0.0007923264017011194,0.0007923264017011194
2018-11-12,-0.000863298036739394,-0.00460672376407445,-0.00460672376407445
2018-11-13,-0.00037193215022216457,-0.00046019589348148167,-0.00046019589348148167
2018-11-14,0.0010470776613676698,0.010886788946008953,0.010886788946008953
2018-11-15,-0.0005313133575933316,-0.008020294381288292,-0.008020294381288292
2018-11-16,0.0012499551788254673,0.011375112155847971,0.011375112155847971
2018-11-19,-0.00015829984553124271,-0.0007084966622672809,-0.0007084966622672809
2018-11-20,-0.0017758767149558727,-0.0130015475122052,-0.0130015475122052
2018-11-21,0.0005105277156073779,0.003379601371794353,0.003379601371794353
2018-11-23,-0.0010385712646781933,-0.005734109665781125,-0.005734109665781125
2018-11-26,0.0005845245979346635,0.003185817823975682,0.003185817823975682
2018-11-27,-4.9233439673962766e-05,-0.0003359157658671118,-0.0003359157658671118
2018-11-28,0.0019951599317492154,0.01726031852036763,0.01726031852036763
2018-11-29,-2.8403979477754345e-05,-0.0012794855883331215,-0.0012794855883331215
2018-11-30,0.0002745092031071599,0.003214708690999298,0.003214708690999298
2018-12-03,0.0006586730755996808,0.003684003011184019,0.003684003011184019
2018-12-04,-0.0017127488645532814,-0.012133283763874,-0.012133283763874
2018-12-06,-0.0007164154369268028,-0.0031254820947288486,-0.0031254820947288486
2018-12-07,-0.0007006692094198417,-0.005146483189681102,-0.005146483189681102
2018-12-10,-0.0004186804053017464,-0.002353428248975753,-0.002353428248975753
2018-12-11,-0.0001971665475123145,-0.0019614351644767925,-0.0019614351644767925
2018-12-12,-0.00015440580706654758,-0.002593396471800717,-0.002593396471800717
2018-12-13,0.00013780232738972028,0.0014977722923524247,0.0014977722923524247
2018-12-14,-0.0018594893651086557,-0.014271466133568757,-0.014271466133568757
2018-12-17,-0.0017709583295392468,-0.014789571261902005,-0.014789571261902005
2018-12-18,-0.00011663310337452387,0.002874851629576717,0.002874851629576717
2018-12-19,-0.0010489496215003995,-0.008310809397740388,-0.008310809397740388
2018-12-20,-0.0013536771191229404,-0.009441102234064707,-0.009441102234064707
2018-12-21,-0.0009509827597487793,-0.007875479732173707,-0.007875479732173707
2018-12-24,-0.0023636068628933816,-0.017491950665078856,-0.017491950665078856
2018-12-26,0.003180864736720343,0.020906309373766325,0.020906309373766325
2018-12-27,0.0007122342700464367,0.00654523665744533,0.00654523665744533
2018-12-28,-0.0005600997761865009,-0.003507018866080469,-0.003507018866080469
2018-12-31,-0.0001743261482963968,-0.0025907592393734783,-0.0025907592393734783
2019-01-02,0.0004158793436915995,0.0006143921035945519,0.0006143921035945519
2019-01-03,-0.0010619430542566685,-0.006927505801848933,-0.006927505801848933
2019-01-04,0.002384168235893618,0.017795373172294862,0.017795373172294862
2019-01-07,0.00048639268860755475,0.002616845019305458,0.002616845019305458
2019-01-08,0.0007222498392333903,0.006128217380304357,0.006128217380304357
2019-01-09,0.000627969762237945,0.004255912671922231,0.004255912671922231
2019-01-10,0.000229914762961031,0.0021084396022397274,0.0021084396022397274
2019-01-11,0.00021412843384189113,0.002907459168977123,0.002907459168977123
2019-01-14,0.0006667137974856656,0.0068331000713491045,0.0068331000713491045
2019-01-15,0.00022781574753182266,0.0017506730152710389,0.0017506730152710389
2019-01-16,-7.0115713463118e-05,-6.671127308941473e-05,-6.671127308941473e-05
2019-01-17,0.0005566566640686733,0.004042422238034223,0.004042422238034223
2019-01-18,0.0011421213225153808,0.008151699625932828,0.008151699625932828
2019-01-22,-0.0015330423525328181,-0.01157013643841201,-0.01157013643841201
2019-01-23,-0.0002506046449938348,-0.0008210505357600335,-0.0008210505357600335
2019-01-24,0.00043473554539669726,0.004157591749846082,0.004157591749846082
2019-01-25,0.0007529341700376643,0.005872721495293099,0.005872721495293099
2019-01-28,-0.0009398332289992021,-0.0073740682232317075,-0.0073740682232317075
2019-01-29,0.0001920105665625878,0.002188960255930768,0.002188960255930768
2019-01-30,0.0008711844971685499,0.006881395672636555,0.006881395672636555
2019-01-31,0.0004505571437146992,0.004332359378195331,0.004332359378195331
2019-02-01,0.00018932069071738697,-0.0011834006674107606,-0.0011834006674107606
2019-02-04,0.00015367366986912816,0.0009152127539658958,0.0009152127539658958
2019-02-05,0.00028179878065981174,0.003368175010395813,0.003368175010395813
2019-02-06,-0.0002836365658979218,-0.0025182104785395213,-0.0025182104785395213
2019-02-07,-0.0011371807898544603,-0.0074402594356078365,-0.0074402594356078365
2019-02-08,-1.7068818832608587e-05,0.0002231590799202691,0.0002231590799202691
2019-02-11,0.0002765868392290541,0.0018490681211625966,0.0018490681211625966
2019-02-12,0.0009009773340913932,0.006764758110898014,0.006764758110898014
2019-02-13,0.00029328884652869583,0.0009547608008086517,0.0009547608008086517
2019-02-14,-1.2381528703206158e-05,-1.4281872414478876e-05,-1.4281872414478876e-05
2019-02-15,0.001052457169971407,0.008010498131519935,0.008010498131519935
2019-02-19,0.00027241773049717496,0.0023030865883897278,0.0023030865883897278
2019-02-20,0.0001280494210710852,0.00037156363453205726,0.00037156363453205726
2019-02-21,-0.0004472149132374878,-0.002318075446628787,-0.002318075446628787
2019-02-22,0.00038167211957832294,0.003887262634614845,0.003887262634614845
2019-02-25,0.000251470156938352,0.001949522223867343,0.001949522223867343
2019-02-26,-0.00022144622917779106,-0.0013030421037188618,-0.0013030421037188618
2019-02-27,0.00011327423987088443,-3.5580408861350275e-05,-3.5580408861350275e-05
2019-02-28,-0.0003330969519345494,-0.0022716317725834413,-0.0022716317725834413
2019-03-01,0.0007356703379079652,0.004042724164512968,0.004042724164512968
2019-03-04,-4.212077803321873e-05,-0.00017545237629683623,-0.00017545237629683623
2019-03-05,-5.5020232282865216e-05,0.00014335506314076729,0.00014335506314076729
2019-03-06,-0.0006603353940646404,-0.004343442047504831,-0.004343442047504831
2019-03-07,-0.0004050012319124914,-0.0028189359567822943,-0.0028189359567822943
2019-03-08,-0.0005990073098250454,-0.0029767638726398314,-0.0029767638726398314
2019-03-11,0.0007983037721844879,0.005732302876186002,0.005732302876186002
2019-03-12,0.0003776307621450818,0.0030652456696467064,0.0030652456696467064
2019-03-13,0.000581809387023928,0.003999512468264872,0.003999512468264872
2019-03-14,9.713419560229207e-06,-0.0004540977305057389,-0.0004540977305057389
2019-03-15,8.348833224035769e-05,0.0013108401899090648,0.0013108401899090648
2019-03-18,0.0006442105964727656,0.003988579309368445,0.003988579309368445
2019-03-19,-9.411472755424827e-05,-0.000621755813435391,-0.000621755813435391
2019-03-20,0.00012456058048013283,0.001208750398925784,0.001208750398925784
2019-03-21,0.0006221080263487326,0.0053271841407732,0.0053271841407732
2019-03-22,-0.0014883003099034713,-0.009845920967191035,-0.009845920967191035
2019-03-25,7.870625849087131e-06,0.0006726957814687499,0.0006726957814687499
2019-03-26,0.0006981051151499661,0.005033144214463377,0.005033144214463377
2019-03-27,-0.0003890091185766925,-0.0027086177915898995,-0.0027086177915898995
2019-03-28,0.00026907771301579034,0.0024389349671518254,0.0024389349671518254
2019-03-29,4.557314998364746e-05,8.358642864890376e-05,8.358642864890376e-05
2019-04-01,0.000830455136005753,0.005587866702788797,0.005587866702788797
2019-04-02,-0.0002555983475717942,-0.001306570824465288,-0.001306570824465288
2019-04-03,-0.00028825246015279897,-0.0017051384998210794,-0.0017051384998210794
2019-04-04,0.00027603998659390846,0.0013745275672893593,0.0013745275672893593
2019-04-05,0.0007711218266110343,0.005356837342612942,0.005356837342612942
2019-04-08,0.00021921913281924287,0.0009752698949509585,0.0009752698949509585
2019-04-09,-0.0005770189883911487,-0.0038310724781065006,-0.0038310724781065006
2019-04-10,0.0002545092936292233,0.0025513140897232005,0.0025513140897232005
2019-04-11,-6.266701649402273e-05,-0.0011242652525453793,-0.0011242652525453793
2019-04-12,0.0002842222407697231,0.0020454484166188298,0.0020454484166188298
2019-04-15,-0.00033145500615476873,-0.002503728595585971,-0.002503728595585971
2019-04-16,0.00012934696518274904,-0.0006190957317682079,-0.0006190957317682079
2019-04-17,-0.00026736473820285927,-0.002550020526578978,-0.002550020526578978
2019-04-18,-9.78605453315285e-05,-4.0986673300028954e-05,-4.0986673300028954e-05
2019-04-22,0.0005940438306940981,0.0022107685659801183,0.0022107685659801183
2019-04-23,0.00018643493318137,0.002340491477959065,0.002340491477959065
2019-04-24,-0.0005180896632511998,-0.002359086660767851,-0.002359086660767851
2019-04-25,-0.0001818016689099985,-0.0012417759342491746,-0.0012417759342491746
2019-04-26,-6.137187412595866e-06,0.0020536791828476304,0.0020536791828476304
2019-04-29,-2.2682900639594307e-05,-0.0005307667957724711,-0.0005307667957724711
2019-04-30,7.175623926534022e-05,0.0012643279666696944,0.0012643279666696944
2019-05-01,-0.0007787514632506959,-0.004454459844879295,-0.004454459844879295
2019-05-02,-0.0005876141524876451,-0.003550583064819375,-0.003550583064819375
2019-05-03,0.0005888877389874973,0.005046415530985053,0.005046415530985053
2019-05-06,-0.00023093246288596298,-0.0024998401537140503,-0.0024998401537140503
2019-05-07,-0.0008431140351359594,-0.007274316923197384,-0.007274316923197384
2019-05-08,7.490224673971465e-05,0.00048139841954859537,0.00048139841954859537
2019-05-09,-0.00015370809454300872,-0.0013594497088838125,-0.0013594497088838125
2019-05-10,0.0004917492859762886,0.00454981779752992,0.00454981779752992
2019-05-13,-0.0013438712148069528,-0.009926427572427602,-0.009926427572427602
2019-05-14,0.0007636312158591756,0.0058208860965932,0.0058208860965932
2019-05-15,0.0002607290579833073,0.002251872701419037,0.002251872701419037
2019-05-16,0.00052545555879449,0.003787176490033943,0.003787176490033943
2019-05-17,-0.0005527973029995711,-0.0038613339184520997,-0.0038613339184520997
2019-05-20,-0.0001447736759965711,-0.001565757254103173,-0.001565757254103173
2019-05-21,0.0005321546632427562,0.0036104512416218555,0.0036104512416218555
2019-05-22,-0.0007650082641187945,-0.0048299725604224126,-0.0048299725604224126
2019-05-23,-0.0012011635590967107,-0.006269019791124604,-0.006269019791124604
2019-05-24,0.00021803653664530167,0.0021578230108021622,0.0021578230108021622
2019-05-28,-0.0007566711985976003,-0.005667097702211816,-0.005667097702211816
2019-05-29,-0.0003023279788500058,-0.002325770038201691,-0.002325770038201691
2019-05-30,-0.0003526520003958734,-0.001158041819834884,-0.001158041819834884
2019-05-31,-0.0011308173525357242,-0.007425560959009133,-0.007425560959009133
2019-06-03,0.00036710100093110805,0.002605146236912163,0.002605146236912163
2019-06-04,0.0012590379352722123,0.008764159835594665,0.008764159835594665
2019-06-05,-9.59217301335395e-05,0.000947781019865701,0.000947781019865701
2019-06-06,0.0006074582326329152,0.0034818415652372167,0.0034818415652372167
2019-06-07,0.0005270981936993593,0.005072950165994087,0.005072950165994087
2019-06-10,0.0002162489950725878,0.0011408643251665574,0.0011408643251665574
2019-06-11,0.00016770701666376836,0.0016375020694451218,0.0016375020694451218
2019-06-12,-0.0005070093568109278,-0.002901263430081517,-0.002901263430081517
2019-06-13,0.00038669073847299404,0.002282761761808113,0.002282761761808113
2019-06-14,-9.25920091890432e-05,-9.591346212634106e-06,-9.591346212634106e-06
2019-06-17,0.0001730412813052708,0.0009621372470930792,0.0009621372470930792
2019-06-18,0.0006745068900360105,0.005123018408571108,0.005123018408571108
2019-06-19,2.26833062751799e-05,0.0015466016595318804,0.0015466016595318804
2019-06-20,0.0007995099327410866,0.00523159086235044,0.00523159086235044
2019-06-21,-1.9783346734597323e-05,-0.0026274239598972574,-0.0026274239598972574
2019-06-24,2.6493676711779845e-05,0.0019168015425816694,0.0019168015425816694
2019-06-25,-0.0006150750846080269,-0.005231255545568232,-0.005231255545568232
2019-06-26,0.0002972787474943474,7.820115293559066e-06,7.820115293559066e-06
2019-06-27,0.00016085442021016914,0.0035622125052783655,0.0035622125052783655
2019-06-28,0.0005215304923997087,0.003515731661302561,0.003515731661302561
2019-07-01,0.00020726210946929942,0.0017315725541110717,0.0017315725541110717
2019-07-02,-0.0003689711560288587,-0.00044159375770774393,-0.00044159375770774393
2019-07-03,0.0005903974423969463,0.005496025783290766,0.005496025783290766
2019-07-05,0.00026898088971174356,0.0013066047837957321,0.0013066047837957321
2019-07-08,-0.00019607264131692726,-0.001858913911401109,-0.001858913911401109
2019-07-09,3.286228010959034e-05,-0.0002507286286545767,-0.0002507286286545767
2019-07-10,0.0006383894501896975,0.004721308457680514,0.004721308457680514
2019-07-11,-7.642413460998697e-05,-0.0019206086973835002,-0.0019206086973835002
2019-07-12,0.0004525578536247616,0.00383237109471551,0.00383237109471551
2019-07-15,-0.00035628455490027276,-0.002032020235758503,-0.002032020235758503
2019-07-16,-0.0006614990357212256,-0.005215879005404708,-0.005215879005404708
2019-07-17,-0.0005712000654765104,-0.0031763184905923597,-0.0031763184905923597
2019-07-18,8.637038251438612e-05,0.001016662274810372,0.001016662274810372
2019-07-19,-0.0001701075478401031,-0.002636328571099492,-0.002636328571099492
2019-07-22,0.0003574968578038694,0.002982481650105662,0.002982481650105662
2019-07-23,0.0003619526601898418,0.0032543322704177073,0.0032543322704177073
2019-07-24,0.00016795009512820722,0.0011341712517331994,0.0011341712517331994
2019-07-25,-0.00047018885589866663,-0.0034807780336159272,-0.0034807780336159272
2019-07-26,-9.54351512222342e-05,-0.00046841502590668773,-0.00046841502590668773
2019-07-29,-0.00029585358685810584,-0.0021374577874519424,-0.0021374577874519424
2019-07-30,0.0003213377871746149,0.0017105443257362592,0.0017105443257362592
2019-07-31,-0.00023115627991196635,-0.0013038243873081685,-0.0013038243873081685
2019-08-01,-0.0011168325273865727,-0.006213826854267537,-0.006213826854267537
2019-08-02,-0.0006917812916602344,-0.0043860144875899655,-0.0043860144875899655
2019-08-05,-0.0021457826574755065,-0.016564688011094165,-0.016564688011094165
2019-08-06,0.0005976406331589637,0.006350685557721832,0.006350685557721832
2019-08-07,-0.00015183158603537786,0.00031309405734990904,0.00031309405734990904
2019-08-08,0.0016408361264415206,0.012223274857563707,0.012223274857563707
2019-08-09,-0.0006039833119780193,-0.00453296793844522,-0.00453296793844522
2019-08-12,-0.0007907196735187022,-0.0054829011934499705,-0.0054829011934499705
2019-08-13,0.0009194056175041379,0.006761208780182567,0.006761208780182567
2019-08-14,-0.0021369197326850885,-0.01445358149405831,-0.01445358149405831
2019-08-15,0.0002823942974288524,0.004688844720107414,0.004688844720107414
2019-08-16,0.0009193129571236633,0.007036004626730943,0.007036004626730943
2019-08-19,0.0010069590210317707,0.005782082379959267,0.005782082379959267
2019-08-20,-0.0003894718043061767,-0.0018888320980898318,-0.0018888320980898318
2019-08-21,0.00037944541683293114,0.0025485091891918866,0.0025485091891918866
2019-08-22,-0.00021794013585467166,-0.0016108993923501292,-0.0016108993923501292
2019-08-23,-0.0018425478639438363,-0.012283403514110768,-0.012283403514110768
2019-08-26,0.0007453801650602001,0.006583611685628422,0.006583611685628422
2019-08-27,-0.0003389774950456345,-0.0017768673981388634,-0.0017768673981388634
2019-08-28,0.0008250568221505907,0.005755657923274822,0.005755657923274822
2019-08-29,0.001024216363272912,0.007553910157677658,0.007553910157677658
2019-08-30,1.79764819196481e-05,0.0005223867435562912,0.0005223867435562912
2019-09-03,-0.00011376806761395331,0.0004446014668952002,0.0004446014668952002
2019-09-04,0.001146765612602451,0.009674183422342296,0.009674183422342296
2019-09-05,0.0007239317874361307,0.0035661706295767592,0.0035661706295767592
2019-09-06,0.0003614434192239071,0.0034779673497984235,0.0034779673497984235
2019-09-09,0.0008280176269404807,0.004198869555581501,0.004198869555581501
2019-09-10,0.00022603007509316585,-0.000637576928200715,-0.000637576928200715
2019-09-11,0.00019146264257793616,0.0013950590229438046,0.0013950590229438046
2019-09-12,4.921884518470324e-05,0.0014402091306615996,0.0014402091306615996
2019-09-13,0.00018915946410792784,-0.0005142153351603477,-0.0005142153351603477
2019-09-16,0.0010549306945740638,0.006131766705727816,0.006131766705727816
2019-09-17,-0.0003569615836143169,-0.0005934602493898213,-0.0005934602493898213
2019-09-18,-0.00022347245338063266,-0.0015449635204768017,-0.0015449635204768017
2019-09-19,-0.0002844008819178556,-0.001513185615430375,-0.001513185615430375
2019-09-20,-0.00011887174014963728,-0.0004270850998170594,-0.0004270850998170594
2019-09-23,5.1405051724430166e-05,0.0005306959894180396,0.0005306959894180396
2019-09-24,-0.0007558418411193265,-0.004589193682131753,-0.004589193682131753
2019-09-25,0.00014536981404420814,0.00026032129964169334,0.00026032129964169334
2019-09-26,-0.0005260020436006763,-0.0026911582181651165,-0.0026911582181651165
2019-09-27,-0.00031868635898268303,-0.0031740097151683835,-0.0031740097151683835
2019-09-30,-0.0001800195786235001,-0.000757914200056383,-0.000757914200056383
2019-10-01,-0.0012197121791000054,-0.008561662016080995,-0.008561662016080995
2019-10-02,-0.001433194479761073,-0.009832702059501456,-0.009832702059501456
2019-10-03,0.0009031060401607189,0.00796636728941144,0.00796636728941144
2019-10-04,0.0007610259105420838,0.006809224440394883,0.006809224440394883
2019-10-07,-0.000638140961535627,-0.005530224856788913,-0.005530224856788913
2019-10-08,-0.0010729002287638335,-0.007382541451854463,-0.007382541451854463
2019-10-09,0.0004335485962533107,0.002588712431903032,0.002588712431903032
2019-10-10,0.0004346178359929148,0.0016988677944289301,0.0016988677944289301
2019-10-11,0.0008239866664253903,0.005288416167942289,0.005288416167942289
2019-10-14,9.326919288238642e-05,0.0014588699233478867,0.0014588699233478867
2019-10-15,0.0005893567354614688,0.004747877351333159,0.004747877351333159
2019-10-16,-0.000537718034417443,-0.003260068326294189,-0.003260068326294189
2019-10-17,0.00022021192258801084,0.0021231187426412543,0.0021231187426412543
2019-10-18,-0.00017293761691548326,-0.00031330337893095505,-0.00031330337893095505
2019-10-21,0.0004824382823867348,0.0019824094005546004,0.0019824094005546004
2019-10-22,0.0003017393825969529,0.0017262901897932743,0.0017262901897932743
2019-10-23,0.00023709453689848862,0.001249790336716409,0.001249790336716409
2019-10-24,-1.1540668493530769e-05,0.0004600302168788077,0.0004600302168788077
2019-10-25,0.0003405364889071439,0.0014400868400207857,0.0014400868400207857
2019-10-28,0.00023461851468294296,0.002322067266675372,0.002322067266675372
2019-10-29,0.00030127323823141746,0.0024647144923734357,0.0024647144923734357
2019-10-30,-0.00024429206738933387,0.0008456606487425188,0.0008456606487425188
2019-10-31,-0.0003512934781665946,-0.0019645019362868627,-0.0019645019362868627
2019-11-01,0.001160754541326551,0.008060842888755786,0.008060842888755786
2019-11-04,0.0012413109510419954,0.00697910226140271,0.00697910226140271
2019-11-05,6.0752860823844597e-05,-0.0010193243058521724,-0.0010193243058521724
2019-11-06,-0.0006064688730863658,-0.002568969323590838,-0.002568969323590838
2019-11-07,0.0003471985493251929,0.00011373113588166735,0.00011373113588166735
2019-11-08,-5.988780239850387e-05,-0.0004902704191782848,-0.0004902704191782848
2019-11-11,-0.0006277580160170616,-0.005143520628020473,-0.005143520628020473
2019-11-12,-0.00015534603395938283,-0.001218929807473949,-0.001218929807473949
2019-11-13,1.2166124431412453e-05,0.0012590519263592894,0.0012590519263592894
2019-11-14,-2.59104406143001e-05,0.0008165214480175376,0.0008165214480175376
2019-11-15,0.0005274062887771871,0.004024761898078425,0.004024761898078425
2019-11-18,-0.0006286459008489115,-0.004268406201233018,-0.004268406201233018
2019-11-19,-0.0005886782991280241,-0.0035629275354718344,-0.0035629275354718344
2019-11-20,0.00026427357539320485,0.0015873771603169163,0.0015873771603169163
2019-11-21,0.000356968643160373,0.0006602772928202105,0.0006602772928202105
2019-11-22,0.000197122866491666,0.0023243670268908428,0.0023243670268908428
2019-11-25,4.6061978044894915e-05,0.0002250882830266902,0.0002250882830266902
2019-11-26,-0.0002592866259122746,-0.0005094128059568585,-0.0005094128059568585
2019-11-27,0.00015870674419691494,0.0009389195514121354,0.0009389195514121354
2019-11-29,-0.0009593169985578897,-0.008434835254610433,-0.008434835254610433
2019-12-02,-0.00029766950873748023,-0.003558676474545456,-0.003558676474545456
2019-12-03,-0.00029829364475010805,0.0004989301942830057,0.0004989301942830057
2019-12-04,0.0006171059347634596,0.0038930721362832412,0.0038930721362832412
2019-12-05,-5.5545260905307156e-05,-0.0001166058970349789,-0.0001166058970349789
2019-12-06,0.0006811559981658277,0.0037938229180718578,0.0037938229180718578
2019-12-09,-0.00036841441933143965,-0.003253405128511658,-0.003253405128511658
2019-12-10,1.420370215587592e-05,-0.0004088558033009152,-0.0004088558033009152
2019-12-11,3.1648360894546526e-05,0.0008789287185157885,0.0008789287185157885
2019-12-12,0.0010504412210603706,0.00634717919570352,0.00634717919570352
2019-12-13,-0.00022737292949321793,-0.0004610803379557327,-0.0004610803379557327
2019-12-16,0.0007102522463402273,0.004873732954658227,0.004873732954658227
2019-12-17,-4.668838460308732e-05,-0.0009918467844457714,-0.0009918467844457714
2019-12-18,-1.4603844772348073e-05,-0.0003765035728072592,-0.0003765035728072592
2019-12-19,0.00017968154017949874,0.0017099040834071652,0.0017099040834071652
2019-12-20,0.0005430014414124772,0.0041356379824999765,0.0041356379824999765
2019-12-23,4.7852167839582566e-05,-0.0013432735311241929,-0.0013432735311241929
2019-12-24,-4.717634590640024e-05,-0.000189227062140566,-0.000189227062140566
2019-12-26,0.00034444294103016225,0.003568704074482287,0.003568704074482287
2019-12-27,-0.00013498463499768052,-0.00023430202959529015,-0.00023430202959529015
2019-12-30,-0.00045599977658044525,-0.003911679838825032,-0.003911679838825032
2019-12-31,0.00022773011829762594,0.0013884281007804885,0.0013884281007804885
2020-01-02,0.0003282582257948169,0.0015987516654551114,0.0015987516654551114
2020-01-03,-0.0003285548556143821,-0.002158696976966816,-0.002158696976966816
2020-01-06,0.00036552937036412274,0.0020566652001344408,0.0020566652001344408
2020-01-07,-0.0002018096286925168,-0.0017836525921549385,-0.0017836525921549385
2020-01-08,-0.00030848220067302947,-0.0009015716212513587,-0.0009015716212513587
2020-01-09,0.0004679781506755104,0.00367591892946304,0.00367591892946304
2020-01-10,-9.263755072706606e-05,0.0005999673478396918,0.0005999673478396918
2020-01-13,0.00025320494679814773,0.0025712456220119053,0.0025712456220119053
2020-01-14,-4.005488115054099e-05,-0.0002943449788610645,-0.0002943449788610645
2020-01-15,-0.0002311697026389212,-0.0009264037518962913,-0.0009264037518962913
2020-01-16,0.00021621288644173652,0.0019663457757887652,0.0019663457757887652
2020-01-17,-0.00029416099783899916,-0.002270592945136466,-0.002270592945136466
2020-01-21,-0.0008699782239411092,-0.005352285015708028,-0.005352285015708028
2020-01-22,-0.00019611859307528843,-0.0006073727603808236,-0.0006073727603808236
2020-01-23,-4.4145691099171934e-05,0.00048452425312728303,0.00048452425312728303
2020-01-24,-0.0007624441728388683,-0.005407604105002273,-0.005407604105002273
2020-01-27,-0.001297197021297521,-0.00850584354322271,-0.00850584354322271
2020-01-28,0.0005754701419663971,0.004617227806847265,0.004617227806847265
2020-01-29,-0.00045960082734521144,-0.002691844037984651,-0.002691844037984651
2020-01-30,0.000142685786515436,4.7965317275363255e-05,4.7965317275363255e-05
2020-01-31,-0.001491564665548287,-0.009982366246212678,-0.009982366246212678
2020-02-03,-0.000193860021321841,-0.00040476589551921024,-0.00040476589551921024
2020-02-04,0.0008222567735148027,0.0071891859351123815,0.0071891859351123815
2020-02-05,0.0015100280950073278,0.009073111775878988,0.009073111775878988
2020-02-06,-0.00021787391882867208,-0.0005127986083671414,-0.0005127986083671414
2020-02-07,-0.0004816150613931193,-0.0032911476300136132,-0.0032911476300136132
2020-02-10,-0.00020484411128520764,-0.0010189043202440888,-0.0010189043202440888
2020-02-11,0.00047641085302301624,0.003439350841684,0.003439350841684
2020-02-12,0.0007690153406316468,0.005471867532772712,0.005471867532772712
2020-02-13,-0.00019507340231695623,-0.0014674919279509555,-0.0014674919279509555
2020-02-14,-3.370225680334214e-05,0.0008741468144275306,0.0008741468144275306
2020-02-18,-2.5074521237489745e-05,0.0007432201637320205,0.0007432201637320205
2020-02-19,0.0005368672709322656,0.0027295546128139896,0.0027295546128139896
2020-02-20,-0.0002525882470175582,-0.0017915264857249666,-0.0017915264857249666
2020-02-21,-0.0006509470803246875,-0.0037059211262407154,-0.0037059211262407154
2020-02-24,-0.0026701189171021546,-0.019144859403922188,-0.019144859403922188
2020-02-25,-0.002350779666526595,-0.01625785932451004,-0.01625785932451004
2020-02-26,-0.0011263367436060412,-0.007131444420159776,-0.007131444420159776
2020-02-27,-0.003575527180355888,-0.027975340119819843,-0.027975340119819843
2020-02-28,-0.00032825707301876306,-0.003989881726175966,-0.003989881726175966
2020-03-02,0.0028467869445252775,0.02252856399724153,0.02252856399724153
2020-03-03,-0.0015010858715641083,-0.007647462165530065,-0.007647462165530065
2020-03-04,0.002400903444935823,0.02009775337531641,0.02009775337531641
2020-03-05,-0.00251121978969474,-0.018757738369742073,-0.018757738369742073
2020-03-06,-0.0022715327622431346,-0.013887540125928684,-0.013887540125928684
2020-03-09,-0.008309892972359454,-0.057706792786801075,-0.057706792786801075
2020-03-10,0.0033201694488311454,0.024709305634559007,0.024709305634559007
2020-03-11,-0.004083983572174073,-0.03696590791436274,-0.03696590791436274
2020-03-12,-0.008039106962603085,-0.07044667289927564,-0.07044667289927564
2020-03-13,0.006624487628821774,0.05652134244034687,0.05652134244034687
2020-03-16,-0.008710806466668766,-0.0714961466421943,-0.0714961466421943
2020-03-17,0.002126879531374314,0.018075392532196366,0.018075392532196366
2020-03-18,-0.0069182644013076056,-0.05892609280280414,-0.05892609280280414
2020-03-19,0.001706903835388586,0.006404124901393541,0.006404124901393541
2020-03-20,-0.0015490036369598,-0.012286587079451716,-0.012286587079451716
2020-03-23,-0.002712393556607732,-0.01369250827223268,-0.01369250827223268
2020-03-24,0.008506582939924854,0.06442140777720083,0.06442140777720083
2020-03-25,0.002284188980164188,0.023442413674994327,0.023442413674994327
2020-03-26,0.0041631389298701724,0.03500105723513015,0.03500105723513015
2020-03-27,-0.002990880388303335,-0.01988109431927784,-0.01988109431927784
2020-03-30,0.0016439035646773799,0.014801949373084705,0.014801949373084705
2020-03-31,-0.0005015487183044538,-0.008379077835074876,-0.008379077835074876
2020-04-01,-0.003543319914602907,-0.03125961448195691,-0.03125961448195691
2020-04-02,0.0033398428518217125,0.0209673623190947,0.0209673623190947
2020-04-03,-0.000503764749941164,-0.004100932325512955,-0.004100932325512955
2020-04-06,0.004656985212930351,0.04064450821400473,0.04064450821400473
2020-04-07,0.0011687189053768005,0.009565330490028537,0.009565330490028537
2020-04-08,0.0029067055960831393,0.02072875852303251,0.02072875852303251
2020-04-09,0.0006348572566600978,0.012035477897707337,0.012035477897707337
2020-04-13,-0.0007056333006771208,-0.008063200548320328,-0.008063200548320328
2020-04-14,0.0006869527755912785,0.0072855006307310346,0.0072855006307310346
2020-04-15,-0.002502992940374932,-0.018984596947498635,-0.018984596947498635
2020-04-16,-0.0006650066380844695,-0.0021795469215140006,-0.0021795469215140006
2020-04-17,0.004267621430256366,0.028070106776603702,0.028070106776603702
2020-04-20,-0.0011209911584135572,-0.008400463846878958,-0.008400463846878958
2020-04-21,-0.001865545204141251,-0.016022293409638767,-0.016022293409638767
2020-04-22,0.0019970496363048806,0.01459094372995365,0.01459094372995365
2020-04-23,0.000531392434349282,0.0008628185099602911,0.0008628185099602911
2020-04-24,0.0003153416255622523,0.0021534754796015704,0.0021534754796015704
2020-04-27,0.0014080856473076028,0.01101120877265876,0.01101120877265876
2020-04-28,0.0008179828926701399,0.006393888346605398,0.006393888346605398
2020-04-29,0.0027048658324391886,0.016907294058383922,0.016907294058383922
2020-04-30,-0.0009615370096673157,-0.007584692085511594,-0.007584692085511594
2020-05-01,-0.002856740654050221,-0.020581821020548258,-0.020581821020548258
2020-05-04,0.0014080928044665805,0.009122383879169846,0.009122383879169846
2020-05-05,0.0007492651058850324,0.0074036211763715155,0.0074036211763715155
2020-05-06,-0.0016460439075395119,-0.01371111223666325,-0.01371111223666325
2020-05-07,0.0009913025894252188,0.007396628280136504,0.007396628280136504
2020-05-08,0.0017134047227188743,0.010763522216707042,0.010763522216707042
2020-05-11,-0.00046376637124806046,-0.002931818001425953,-0.002931818001425953
2020-05-12,-0.0018456123701119926,-0.015865399408008272,-0.015865399408008272
2020-05-13,-0.0022272091973114688,-0.015269098403470984,-0.015269098403470984
2020-05-14,0.0007829241392313412,0.006003790450453961,0.006003790450453961
2020-05-15,-7.61202745206864e-06,-6.322001792381889e-05,-6.322001792381889e-05
2020-05-18,0.004188046311209546,0.03196407832392859,0.03196407832392859
2020-05-19,-0.001200246451794982,-0.0078091936178529935,-0.0078091936178529935
2020-05-20,0.001529080450043788,0.010683062248626073,0.010683062248626073
2020-05-21,-0.0008378612766700365,-0.006020188813132591,-0.006020188813132591
2020-05-22,-2.912374803407652e-05,0.0005928610877015055,0.0005928610877015055
2020-05-26,0.0017282438862752545,0.015002873037517905,0.015002873037517905
2020-05-27,0.0008711698498893552,0.007157193462773326,0.007157193462773326
2020-05-28,-0.0009891238923176384,-0.00546697902988266,-0.00546697902988266
2020-05-29,1.720259736609661e-05,0.0005886874486427925,0.0005886874486427925
2020-06-01,0.0005001932498314796,0.003970013806531044,0.003970013806531044
2020-06-02,0.0011806722780803593,0.008402710242891217,0.008402710242891217
2020-06-03,0.0016163109661795762,0.012485274008119177,0.012485274008119177
2020-06-04,-4.124878510152959e-05,-0.001582952552447203,-0.001582952552447203
2020-06-05,0.0030880761883966,0.020770177654990393,0.020770177654990393
2020-06-08,0.0019542197332667512,0.013486211565245742,0.013486211565245742
2020-06-09,-0.0016563093247693136,-0.011381419734714899,-0.011381419734714899
2020-06-10,-0.0016344902563040621,-0.009035148567522803,-0.009035148567522803
2020-06-11,-0.004984455872021136,-0.03746651725628174,-0.03746651725628174
2020-06-12,0.0010585721468158026,0.00839511084685487,0.00839511084685487
2020-06-15,0.000249228768067002,0.0021936418849619237,0.0021936418849619237
2020-06-16,0.0012717958254467858,0.008704150317919298,0.008704150317919298
2020-06-17,-0.0010500918881227628,-0.005779347606881865,-0.005779347606881865
2020-06-18,0.0002789741970395939,0.0008774524974786738,0.0008774524974786738
2020-06-19,-0.0006073267218242991,-0.004103326163981998,-0.004103326163981998
2020-06-22,0.0001530641051073425,0.0009447802750738014,0.0009447802750738014
2020-06-23,-3.4905002872792755e-05,-0.0007354532475502739,-0.0007354532475502739
2020-06-24,-0.0027182748947028007,-0.0192800709390966,-0.0192800709390966
2020-06-25,0.00044974294869210864,0.002021137468916094,0.002021137468916094
2020-06-26,-0.0017515645224987653,-0.011785138810750998,-0.011785138810750998
2020-06-29,0.0016923086552264772,0.014788098799776146,0.014788098799776146
2020-06-30,0.0013135190808505936,0.009442429484099206,0.009442429484099206
2020-07-01,-0.0007837264204217713,-0.003796932574716035,-0.003796932574716035
2020-07-02,0.0007210599819167924,0.005789366906191088,0.005789366906191088
2020-07-06,0.0010340682047452947,0.009351983660657991,0.009351983660657991
2020-07-07,-0.0011636181189204544,-0.007784203562323552,-0.007784203562323552
2020-07-08,1.589933687939516e-05,-0.0001547560228947494,-0.0001547560228947494
2020-07-09,-0.0019215816010679208,-0.012275009829299697,-0.012275009829299697
2020-07-10,0.0014822037610749922,0.009945014214774265,0.009945014214774265
2020-07-13,-0.0006760892639089378,-0.00586133508838246,-0.00586133508838246
2020-07-14,0.0016006523990699793,0.01108287890543882,0.01108287890543882
2020-07-15,0.0012368459928598576,0.009479089065989606,0.009479089065989606
2020-07-16,-0.00044318800403027786,-0.004102908874526149,-0.004102908874526149
2020-07-17,-0.0003134044749159444,-0.00042085322759314697,-0.00042085322759314697
2020-07-20,-0.0007021691646378612,-0.005056360229085569,-0.005056360229085569
2020-07-21,0.002043899283438416,0.01217006239186113,0.01217006239186113
2020-07-22,4.361600810027693e-05,0.002497321417223149,0.002497321417223149
2020-07-23,0.00013450395777287775,0.0020114135115627397,0.0020114135115627397
2020-07-24,-0.0002913933735213088,-0.002012102493956654,-0.002012102493956654
2020-07-27,-7.993179324171443e-06,0.0001514656521081886,0.0001514656521081886
2020-07-28,-0.00030994317214310784,0.00011356030662636264,0.00011356030662636264
2020-07-29,0.0012962638598666009,0.010434409825112553,0.010434409825112553
2020-07-30,-0.0014917379917574144,-0.009954726750423245,-0.009954726750423245
2020-07-31,-0.0002522460902979845,-0.0028108329686897878,-0.0028108329686897878
2020-08-03,0.0015089745667533493,0.01394563741090055,0.01394563741090055
2020-08-04,0.001189722624214128,0.009447288073847485,0.009447288073847485
2020-08-05,0.0006472365647055701,0.00428462053937071,0.00428462053937071
2020-08-06,-0.00026770792899889854,-0.001386292437328566,-0.001386292437328566
2020-08-07,0.00061192455755976,0.0057854157739984325,0.0057854157739984325
2020-08-10,0.0008211448926184024,0.0038610315651055995,0.0038610315651055995
2020-08-11,-0.00032121049454246785,-0.0028420010824409627,-0.0028420010824409627
2020-08-12,0.0007447450807127895,0.0056867220945129,0.0056867220945129
2020-08-13,-0.0006234667668707775,-0.004528505660136258,-0.004528505660136258
2020-08-14,0.000739071246298326,0.005435580786646632,0.005435580786646632
2020-08-17,-7.946170143205826e-05,0.0004836341547685012,0.0004836341547685012
2020-08-18,-0.00019475373398323092,-0.00035209746906312845,-0.00035209746906312845
2020-08-19,-0.00048557541459206204,-0.004077319710147776,-0.004077319710147776
2020-08-20,-0.0007791868651664117,-0.004602688789289141,-0.004602688789289141
2020-08-21,5.769152759292907e-05,0.0016207805446870618,0.0016207805446870618
2020-08-24,0.001385151624775961,0.009743331885768723,0.009743331885768723
2020-08-25,-0.0004507756135976679,-0.003189351519515168,-0.003189351519515168
2020-08-26,-0.0006351969949265069,-0.0042726638920969956,-0.0042726638920969956
2020-08-27,0.0006484046591352218,0.005291362015905609,0.005291362015905609
2020-08-28,0.000733025806781132,0.005504376773437521,0.005504376773437521
2020-08-31,-0.0009414816630915722,-0.006207163418607816,-0.006207163418607816
2020-09-01,-0.00019205871457162656,-0.0008071431606793797,-0.0008071431606793797
2020-09-02,0.0005171064994419371,0.006199887917800847,0.006199887917800847
2020-09-03,-0.00137334714882188,-0.011454749754820779,-0.011454749754820779
2020-09-04,-3.822688351252587e-05,-0.00035989507430698173,-0.00035989507430698173
2020-09-08,-0.0024692873081771797,-0.017965049111639264,-0.017965049111639264
2020-09-09,0.0008592957186641472,0.007008496545912372,0.007008496545912372
2020-09-10,-0.0018477920291683912,-0.012667093849291886,-0.012667093849291886
2020-09-11,4.565871228080433e-05,0.00052522411143295,0.00052522411143295
2020-09-14,0.0009600925574427396,0.008824632553428004,0.008824632553428004
2020-09-15,5.6783202542836955e-05,0.001918215225334263,0.001918215225334263
2020-09-16,0.0008856246383728435,0.0037113248252842973,0.0037113248252842973
2020-09-17,-0.000622586839341863,-0.006510207782589181,-0.006510207782589181
2020-09-18,-0.000498060282207966,-0.003974136368138977,-0.003974136368138977
2020-09-21,-0.0014481360050439599,-0.010951698257005298,-0.010951698257005298
2020-09-22,-0.000311144889821286,-0.0019536619504719743,-0.0019536619504719743
2020-09-23,-0.0015830630472169953,-0.009882559758076207,-0.009882559758076207
2020-09-24,0.00024923403314351135,0.0023051424685787657,0.0023051424685787657
2020-09-25,0.00039317544450922083,0.004054878894158342,0.004054878894158342
2020-09-28,0.0012859121990024883,0.009793725721777037,0.009793725721777037
2020-09-29,-0.0016253922173117441,-0.012456429514558637,-0.012456429514558637
2020-09-30,0.00021752901017054946,0.0021932340983666482,0.0021932340983666482
2020-10-01,-0.0007106245903269003,-0.0023316886490102177,-0.0023316886490102177
2020-10-02,7.457766572983031e-05,0.00017002092613877334,0.00017002092613877334
2020-10-05,0.0019512379274889066,0.014294172433905536,0.014294172433905536
2020-10-06,-0.0011372160531842636,-0.008418227434582292,-0.008418227434582292
2020-10-07,0.001256321322826752,0.009453002614606413,0.009453002614606413
2020-10-08,0.0015997269718112453,0.011114178560999794,0.011114178560999794
2020-10-09,9.539016065228991e-05,0.002597645826332558,0.002597645826332558
2020-10-12,0.0007548963910974913,0.006509838196598109,0.006509838196598109
2020-10-13,-0.0008182761728694252,-0.006310023466426633,-0.006310023466426633
2020-10-14,-0.0005286004920481233,-0.0056091425299625046,-0.0056091425299625046
2020-10-15,0.000704808144374811,0.004924396234157428,0.004924396234157428
2020-10-16,-0.0006668495843200569,-0.0037694643605628397,-0.0037694643605628397
2020-10-19,-0.0010287461170757311,-0.007218478265545173,-0.007218478265545173
2020-10-20,0.0004306409827737556,0.00243153401816875,0.00243153401816875
2020-10-21,-0.0005227387671095285,-0.002573062141485057,-0.002573062141485057
2020-10-22,0.0012011192409136441,0.005450692303549583,0.005450692303549583
2020-10-23,-0.00010637147705462307,-2.4362119528513008e-05,-2.4362119528513008e-05
2020-10-26,-0.0016061890378396497,-0.010536722335989745,-0.010536722335989745
2020-10-27,-0.0005267648887237742,-0.003210966260464561,-0.003210966260464561
2020-10-28,-0.0024552352655721364,-0.018042770146260285,-0.018042770146260285
2020-10-29,0.0012294312752345615,0.007699795501060975,0.007699795501060975
2020-10-30,-3.0270461211030257e-05,-0.001233692879316332,-0.001233692879316332
2020-11-02,0.0012970080233196425,0.009037664083134186,0.009037664083134186
2020-11-03,0.0002814669881814411,0.004036852121638423,0.004036852121638423
2020-11-04,0.00049827862587687,0.005447765466221389,0.005447765466221389
2020-11-05,0.000554136303974209,0.0053012666941755285,0.0053012666941755285
2020-11-06,-0.0007865669154289061,-0.005416265511477595,-0.005416265511477595
2020-11-09,0.004762855302851855,0.028609889177419256,0.028609889177419256
2020-11-10,0.0012648948410842072,0.008607847354321282,0.008607847354321282
2020-11-11,0.00014800640467565681,0.002670207391872996,0.002670207391872996
2020-11-12,-0.0015474293475353316,-0.01072033068899485,-0.01072033068899485
2020-11-13,0.0017389051360146433,0.012832945829054587,0.012832945829054587
2020-11-16,0.0017800233799096675,0.009079207452045749,0.009079207452045749
2020-11-17,0.00012466797178879507,0.00029367133400327227,0.00029367133400327227
2020-11-18,-0.0012463887503641072,-0.008360580996193618,-0.008360580996193618
2020-11-19,0.00038953171508961055,0.002052341651250352,0.002052341651250352
2020-11-20,-0.000247562118669439,-0.00099153493073764,-0.00099153493073764
2020-11-23,0.0023700970746206697,0.013400927381338749,0.013400927381338749
2020-11-24,0.0022409814825914078,0.014690509147945239,0.014690509147945239
2020-11-25,-0.0006353589970962432,-0.003303749515822537,-0.003303749515822537
2020-11-27,-0.0004907580904478693,-0.0028151209896514727,-0.0028151209896514727
2020-11-30,-0.0016291458305809697,-0.009476142233438097,-0.009476142233438097
2020-12-01,0.00046231000940797143,0.003976516225357626,0.003976516225357626
2020-12-02,0.0005994304974952618,0.0011125124797975042,0.0011125124797975042
2020-12-03,-0.00022788106150765144,-0.0027105519051643,-0.0027105519051643
2020-12-04,0.0020517228611726733,0.012764132285874785,0.012764132285874785
2020-12-07,-0.0011972785693704336,-0.008900549406741141,-0.008900549406741141
2020-12-08,0.0005921387603244533,0.0032757125413960695,0.0032757125413960695
2020-12-09,-0.0001672734433809253,-0.0016871034637642986,-0.0016871034637642986
2020-12-10,0.0012334989596555932,0.008354926438288886,0.008354926438288886
2020-12-11,-0.000309318384706518,-0.001232880495910201,-0.001232880495910201
2020-12-14,-0.0010390747141503728,-0.005332834291124285,-0.005332834291124285
2020-12-15,0.0011212500593598745,0.00866041342852515,0.00866041342852515
2020-12-16,-6.91812857491914e-05,-0.00017720590719293812,-0.00017720590719293812
2020-12-17,5.1427697893999034e-05,0.0014250658097671937,0.0014250658097671937
2020-12-18,-0.0005733421100547782,-0.004109877689895561,-0.004109877689895561
2020-12-21,-0.0007218535838789126,-0.0049570236777917095,-0.0049570236777917095
2020-12-22,-0.00042059259165451104,-0.0015099860544522282,-0.0015099860544522282
2020-12-23,0.00038288969808950946,0.0005258247094540739,0.0005258247094540739
2020-12-24,-0.00010931944504474701,0.00029948259857109563,0.00029948259857109563
2020-12-28,-0.00048628830499429537,-0.0038504644905171365,-0.0038504644905171365
2020-12-29,4.488818325333267e-05,0.0014784239030480057,0.0014784239030480057
2020-12-30,0.0005179796338248597,0.003321981254293349,0.003321981254293349
2020-12-31,0.00033769794649435737,0.004603531398422621,0.004603531398422621
2021-01-04,-0.00034821536783570154,-0.004690853521474374,-0.004690853521474374
2021-01-05,0.0017308237525658094,0.010700123204726589,0.010700123204726589
2021-01-06,0.001315690522100738,0.007960125113621585,0.007960125113621585
2021-01-07,0.0006638937944394639,0.003189576759858699,0.003189576759858699
2021-01-08,0.00014072373670454143,0.002139525362112238,0.002139525362112238
2021-01-11,0.0004720281541907542,0.001565751068192493,0.001565751068192493
2021-01-12,0.000949143552504225,0.0047092266253727045,0.0047092266253727045
2021-01-13,-0.00011249530243759295,0.0008735812864896511,0.0008735812864896511
2021-01-14,0.0006202420332921642,0.002390780525352739,0.002390780525352739
2021-01-15,-0.0011049198997430125,-0.005114863341315819,-0.005114863341315819
2021-01-19,0.0002652464674862386,-0.00031940602245161793,-0.00031940602245161793
2021-01-20,0.0004529678362161585,0.004267156888091154,0.004267156888091154
2021-01-21,-0.0010707196697041705,-0.0063572196167219165,-0.0063572196167219165
2021-01-22,-0.0004159790931909524,-0.0033418177236153547,-0.0033418177236153547
2021-01-25,0.0003477597842450562,0.0054821768979480615,0.0054821768979480615
2021-01-26,-0.0005353018613817372,-0.002120030676688504,-0.002120030676688504
2021-01-27,-0.001173666536993241,-0.009867814976522782,-0.009867814976522782
2021-01-28,0.0006719003985738019,0.004889761425486228,0.004889761425486228
2021-01-29,-0.0019789077556392936,-0.015104300108853018,-0.015104300108853018
2021-02-01,0.001494814462313664,0.013995071906268813,0.013995071906268813
2021-02-02,0.0008178882480961692,0.005914545260782137,0.005914545260782137
2021-02-03,0.0009866342094217756,0.0037510830512566353,0.0037510830512566353
2021-02-04,0.0011377981152917392,0.009379790102683128,0.009379790102683128
2021-02-05,0.000227394099164811,0.0010494230374160196,0.0010494230374160196
2021-02-08,0.0015234092812442,0.009541877542415941,0.009541877542415941
2021-02-09,-0.00044728192890893475,-0.0028411320668375525,-0.0028411320668375525
2021-02-10,0.0009035214347735306,0.006850515304585973,0.006850515304585973
2021-02-11,-0.0006344568644769422,-0.004129452160026395,-0.004129452160026395
2021-02-12,0.0006728452317812512,0.003873105702256297,0.003873105702256297
2021-02-16,0.0008476389505376733,0.003690703861891742,0.003690703861891742
2021-02-17,0.0005690615721037136,0.0039286371145752065,0.0039286371145752065
2021-02-18,-0.0010446955894089492,-0.007344596935799297,-0.007344596935799297
2021-02-19,0.0005548144839348036,0.0029837370353381185,0.0029837370353381185
2021-02-22,0.0006149733620081998,0.0014573256088310429,0.0014573256088310429
2021-02-23,0.00038494595055559266,0.0019283201495056432,0.0019283201495056432
2021-02-24,0.0012402751070860563,0.0065220063813346,0.0065220063813346
2021-02-25,-0.0016294949814264891,-0.01493936645604832,-0.01493936645604832
2021-02-26,-0.0008990310225621203,-0.005215129007727937,-0.005215129007727937
2021-03-01,0.0016476441483518943,0.01200235588269985,0.01200235588269985
2021-03-02,-0.00024421484256274297,-0.0016801277308747956,-0.0016801277308747956
2021-03-03,-6.647950137918539e-05,-0.00281864691903911,-0.00281864691903911
2021-03-04,-3.5306921202565046e-05,-0.004375078762634234,-0.004375078762634234
2021-03-05,0.001682290636160236,0.010905550672435059,0.010905550672435059
2021-03-08,-6.730804714633465e-05,-0.0018600997328356076,-0.0018600997328356076
2021-03-09,-0.00013186507559301283,0.001901864314795916,0.001901864314795916
2021-03-10,0.0012212961056311724,0.008870897366862513,0.008870897366862513
2021-03-11,0.00025187155592182195,0.0024426653502372868,0.0024426653502372868
2021-03-12,-3.7295062615722944e-05,-0.0012063639740150637,-0.0012063639740150637
2021-03-15,-0.00024899204137141505,-0.0001009007531228491,-0.0001009007531228491
2021-03-16,-0.0007143005588087196,-0.003003575902997572,-0.003003575902997572
2021-03-17,0.0002662638372543483,0.0017971158667012077,0.0017971158667012077
2021-03-18,-0.0017882372024037442,-0.011857663107572074,-0.011857663107572074
2021-03-19,0.00011613259386043983,0.000904892578555357,0.000904892578555357
2021-03-22,4.341630509862184e-05,0.0018719049481422,0.0018719049481422
2021-03-23,-0.0009206574640781238,-0.006685940009559813,-0.006685940009559813
2021-03-24,0.0006347136558576994,0.003063665341006231,0.003063665341006231
2021-03-25,0.0005897676878231768,0.005460028997086463,0.005460028997086463
2021-03-26,0.0014933836784218992,0.011216653755127171,0.011216653755127171
2021-03-29,-0.00041937464241241854,-0.0031226976412970747,-0.0031226976412970747
2021-03-30,-0.00039724817933736766,-0.0025731420378907782,-0.0025731420378907782
2021-03-31,-0.00023954843024954678,-0.002096736530397651,-0.002096736530397651
2021-04-01,0.0012272818806316687,0.009492097712828744,0.009492097712828744
2021-04-05,-0.0005294912096773611,-0.002586228373150583,-0.002586228373150583
2021-04-06,-0.00019776086948778885,-0.0012920532930415544,-0.0012920532930415544
2021-04-07,0.0002273124141742088,0.0014863323679742634,0.0014863323679742634
2021-04-08,-0.00020994046848939356,-6.0659359608579666e-05,-6.0659359608579666e-05
2021-04-09,1.6301443450543886e-05,0.0004977738933118482,0.0004977738933118482
2021-04-12,-8.572801817387297e-05,0.0003027258254750366,0.0003027258254750366
2021-04-13,0.0002563687814967164,0.003194108815732344,0.003194108815732344
2021-04-14,0.0007357468520218528,0.003345668400228763,0.003345668400228763
2021-04-15,0.0003612572331206899,0.0057462452246520215,0.0057462452246520215
2021-04-16,-2.8650049058551016e-05,0.0002631009465797899,0.0002631009465797899
2021-04-19,-7.430399237357855e-05,-0.0004922195970376759,-0.0004922195970376759
2021-04-20,-0.0009866484229782543,-0.005702488226274556,-0.005702488226274556
2021-04-21,0.0006879028866955464,0.005073115863074906,0.005073115863074906
2021-04-22,-0.0005286087249193587,-0.0031798338172759045,-0.0031798338172759045
2021-04-23,0.0005694837626451559,0.004275102426864479,0.004275102426864479
2021-04-26,0.0003324584365055652,0.0019537429071944407,0.0019537429071944407
2021-04-27,0.0003923759779047487,0.00142623331747885,0.00142623331747885
2021-04-28,0.0009062479487583675,0.004343214623828777,0.004343214623828777
2021-04-29,0.0004903390072180294,0.003112195603605694,0.003112195603605694
2021-04-30,-0.0008701050027055525,-0.004583858435945191,-0.004583858435945191
2021-05-03,0.0010709586020475343,0.006804695694550542,0.006804695694550542
2021-05-04,-1.449902217947705e-05,-0.0003360309854243775,-0.0003360309854243775
2021-05-05,0.0008688582432372261,0.004151723301292964,0.004151723301292964
2021-05-06,0.00048390652484595975,0.004216577263382855,0.004216577263382855
2021-05-07,0.0008701694186624142,0.00638830125549239,0.00638830125549239
2021-05-10,-0.0003019412014896321,-0.002486300914561169,-0.002486300914561169
2021-05-11,-0.0010410313609342972,-0.007797735781805092,-0.007797735781805092
2021-05-12,-0.0007660801113997333,-0.009414556552953727,-0.009414556552953727
2021-05-13,0.0002380487142614662,0.004459684779607224,0.004459684779607224
2021-05-14,0.0014152001737823196,0.00994291530232218,0.00994291530232218
2021-05-17,0.0008696687685773229,0.00521069691297622,0.00521069691297622
2021-05-18,-0.001123379079397587,-0.007187957636856971,-0.007187957636856971
2021-05-19,-0.000914634043838356,-0.006164267303031612,-0.006164267303031612
2021-05-20,0.00032932438314212293,0.00414714638501863,0.00414714638501863
2021-05-21,-1.2543295064695342e-05,-0.00046843442111474957,-0.00046843442111474957
2021-05-24,0.0005325738994849177,0.004160260095062762,0.004160260095062762
2021-05-25,-0.0005514332217866755,-0.0019910747524745013,-0.0019910747524745013
2021-05-26,0.0003687875946208592,0.0024242965951175,0.0024242965951175
2021-05-27,-7.669618144452749e-05,-0.0013325900677270057,-0.0013325900677270057
2021-05-28,0.00021745294356690403,0.002289465796420435,0.002289465796420435
2021-06-01,0.0013523669411646423,0.008636007119367243,0.008636007119367243
2021-06-02,0.0005771497192068041,0.003844045508360461,0.003844045508360461
2021-06-03,-5.7747006162902e-05,-0.001382830071175752,-0.001382830071175752
2021-06-04,0.0006274701543779344,0.005815730219455916,0.005815730219455916
2021-06-07,-0.00021795668015706467,-0.00121892340380354,-0.00121892340380354
2021-06-08,0.00037811071933509125,0.003124545095949416,0.003124545095949416
2021-06-09,-0.00014722193251428831,-0.0002733380980636913,-0.0002733380980636913
2021-06-10,0.0001556788999576946,0.002181584811647808,0.002181584811647808
2021-06-11,0.000245729617519641,0.002596197399582878,0.002596197399582878
2021-06-14,-2.0367598068522074e-05,-0.00014507337556590003,-0.00014507337556590003
2021-06-15,0.00017122338702524543,-0.0010855492631320317,-0.0010855492631320317
2021-06-16,-0.000379687306407615,-0.003899645715582367,-0.003899645715582367
2021-06-17,-0.0011118050244372363,-0.0057276460276903945,-0.0057276460276903945
2021-06-18,-0.0014671942742022581,-0.010393841437290283,-0.010393841437290283
2021-06-21,0.0017419386702132026,0.011090208800150178,0.011090208800150178
2021-06-22,0.00043371974024889305,0.002911196054789097,0.002911196054789097
2021-06-23,2.810150304308447e-05,-0.0004526092984667774,-0.0004526092984667774
2021-06-24,0.0007108081043714023,0.005747546881604088,0.005747546881604088
2021-06-25,0.0005112159041261161,0.00427278914063028,0.00427278914063028
2021-06-28,-0.0007586078166856015,-0.0029602100344296558,-0.0029602100344296558
2021-06-29,-1.2195599073787315e-05,0.000498862941612662,0.000498862941612662
2021-06-30,0.0005540733497584699,0.003381142349309351,0.003381142349309351
2021-07-01,0.0005225736698284833,0.002368776888469918,0.002368776888469918
2021-07-02,0.0002448931078668241,0.002867995945476435,0.002867995945476435
2021-07-06,-0.0010428312683552186,-0.0051430034170871775,-0.0051430034170871775
2021-07-07,-0.0004188702631781503,-0.0015736159068062325,-0.0015736159068062325
2021-07-08,-0.0002889912674232647,-0.0022335084498417367,-0.0022335084498417367
2021-07-09,0.0010743155112463423,0.0078402780426456,0.0078402780426456
2021-07-12,0.00021173807242702347,0.00236261155528837,0.00236261155528837
2021-07-13,-0.0005447886585498515,-0.005117874050580195,-0.005117874050580195
2021-07-14,-0.0007494155776611578,-0.0023119622108665363,-0.0023119622108665363
2021-07-15,-0.0004733933823232817,-0.002371840343959038,-0.002371840343959038
2021-07-16,-0.0009329557823144755,-0.005255747423838238,-0.005255747423838238
2021-07-19,-0.0013797004462247685,-0.008211672030630831,-0.008211672030630831
2021-07-20,0.001201523880512701,0.010021876647012538,0.010021876647012538
2021-07-21,0.001239212988930709,0.006559593369237674,0.006559593369237674
2021-07-22,-0.0001840378139205913,-0.00026993849918813446,-0.00026993849918813446
2021-07-23,0.00027501967270710496,0.0028755102549863575,0.0028755102549863575
2021-07-26,0.0008012719733705579,0.004075745466423382,0.004075745466423382
2021-07-27,-0.0005928318705025569,-0.003861351412231192,-0.003861351412231192
2021-07-28,0.0002742129124449277,0.0016889257351511441,0.0016889257351511441
2021-07-29,0.0005970053330799159,0.004337985145343122,0.004337985145343122
2021-07-30,-0.0007282888662669658,-0.004791500070555162,-0.004791500070555162
2021-08-02,-0.00018986836825353446,-0.00016753637501980555,-0.00016753637501980555
2021-08-03,0.0010021222345607175,0.007496840595951326,0.007496840595951326
2021-08-04,-0.0009025049689171394,-0.004994330368279054,-0.004994330368279054
2021-08-05,0.0005427717247131024,0.0034884352613599495,0.0034884352613599495
2021-08-06,0.00020152264067377004,-0.00035895611040051,-0.00035895611040051
2021-08-09,-0.0006307176402480867,-0.004863614242918213,-0.004863614242918213
2021-08-10,0.0007168595047022056,0.0039048850605258793,0.0039048850605258793
2021-08-11,0.0002983390512905264,0.0023702517464745682,0.0023702517464745682
2021-08-12,-0.00022568342392237657,-0.0023013963976238486,-0.0023013963976238486
2021-08-13,-0.00031464105744864653,-0.0004824176588361354,-0.0004824176588361354
2021-08-16,-0.0002144490656216344,0.00014096188123280363,0.00014096188123280363
2021-08-17,-0.0007090447616073995,-0.006013021218882764,-0.006013021218882764
2021-08-18,-0.0010468340377347283,-0.007193610539217328,-0.007193610539217328
2021-08-19,-0.0006127719359963422,-0.002426057056556541,-0.002426057056556541
2021-08-20,0.000304333493095415,0.0021243177980655153,0.0021243177980655153
2021-08-23,0.0014514835505002354,0.00914159263621494,0.00914159263621494
2021-08-24,0.00038098867866822667,0.0013109016268094908,0.0013109016268094908
2021-08-25,0.0002945416795156569,0.0013302920519088584,0.0013302920519088584
2021-08-26,-0.00014017472954327924,0.0007251015966155708,0.0007251015966155708
2021-08-27,0.0014404499720066589,0.011061308364685744,0.011061308364685744
2021-08-30,-0.00031908700574949123,-0.0012237145121797818,-0.0012237145121797818
2021-08-31,-7.99113219572909e-05,0.00031393612316573305,0.00031393612316573305
2021-09-01,5.401211589276402e-05,0.0034308618162911682,0.0034308618162911682
2021-09-02,0.0009301382213239338,0.0059371346273092256,0.0059371346273092256
2021-09-03,-4.717936343405264e-05,0.0005222329213427912,0.0005222329213427912
2021-09-07,-0.0006898334549206977,-0.006531019248289752,-0.006531019248289752
2021-09-08,0.00021974840805008764,0.004255047198147968,0.004255047198147968
2021-09-09,-8.033444638189573e-06,-0.00026021380232246966,-0.00026021380232246966
2021-09-10,-0.00037318033719462983,-0.0039931670047954095,-0.0039931670047954095
2021-09-13,0.0012852900732789009,0.009286249357381211,0.009286249357381211
2021-09-14,-0.0005067107046615394,-0.002426853785779026,-0.002426853785779026
2021-09-15,0.0015633133259283188,0.00978451392617905,0.00978451392617905
2021-09-16,-0.00067356892120006,-0.005462109124681895,-0.005462109124681895
2021-09-17,-0.0009044274698395452,-0.008012072153841861,-0.008012072153841861
2021-09-20,-0.001549626274599974,-0.01068469866976492,-0.01068469866976492
2021-09-21,-0.00011076069761619942,-0.0009962701028114252,-0.0009962701028114252
2021-09-22,0.001082987236263314,0.0063150404360348125,0.0063150404360348125
2021-09-23,0.0016959405215220664,0.010393653570558208,0.010393653570558208
2021-09-24,0.0003497040779340978,0.001214465559250488,0.001214465559250488
2021-09-27,0.0017901411765746914,0.012087998777061806,0.012087998777061806
2021-09-28,-0.0007216196480096769,-0.007981601275294332,-0.007981601275294332
2021-09-29,-0.00031146492241881517,-0.0028839574522753213,-0.0028839574522753213
2021-09-30,-0.00044073379175581256,-0.0025070539383664696,-0.0025070539383664696
2021-10-01,0.00014213800309547468,0.006085225095575956,0.006085225095575956
2021-10-04,-0.0013512951949398984,0.0021857688924383036,0.0021857688924383036
2021-10-05,0.001628678261543054,0.007063517657200428,0.007063517657200428
2021-10-06,-0.0015687861408895032,-0.006992519772934677,-0.006992519772934677
2021-10-07,0.004900220257819055,0.004353799768840382,0.004353799768840382
2021-10-08,-0.001054328831055711,6.430356599974943e-05,6.430356599974943e-05
2021-10-11,-0.0005953859206661964,-0.005021473580093875,-0.005021473580093875
2021-10-12,0.0018988908181485924,0.001765360023470889,0.001765360023470889
2021-10-13,-0.0004960971032770706,0.004789877746521013,0.004789877746521013
2021-10-14,0.0019426099124056687,0.008571349391232615,0.008571349391232615
2021-10-15,-0.0008278729912179015,-0.0005008174632574599,-0.0005008174632574599
2021-10-18,0.0003394180360214413,-0.005364055109279286,-0.005364055109279286
2021-10-19,0.004445225682555224,0.005176024473651361,0.005176024473651361
2021-10-20,-0.003914806449082905,0.00488452095015038,0.00488452095015038
2021-10-21,3.2447998300397276,0.23383880847305674,0.23383880847305674
2021-10-22,0.9739484811204748,0.07563344985631139,0.07563344985631139
2021-10-25,-0.09851674699294025,0.0035333609302664816,0.0035333609302664816
2021-10-26,-0.2688395483969843,-0.019888827907159082,-0.019888827907159082
2021-10-27,0.08872115107279582,0.0022075608965367605,0.0022075608965367605
2021-10-28,0.11043542684191134,0.008398360210701504,0.008398360210701504
2021-10-29,-0.06311061196928759,-0.009278742971709544,-0.009278742971709544
2021-11-01,-0.0928868232647579,0.000511981583755953,0.00020934937961339625
2021-11-02,0.06228594535995517,0.0037993845290698936,0.002248478858802374
2021-11-03,-0.023617137462899222,0.00150597728595753,0.00029913353380554543
2021-11-04,-0.06343538844832253,0.0011677204409308467,0.0029305644573680485
2021-11-05,-0.03468908041096727,0.005288808221813142,0.004577048775414747
2021-11-08,0.05288910781353192,-0.0010333722237211471,-0.0011526703746505432
2021-11-09,-0.03925307206244314,0.00014648941033241906,8.246705933471181e-06
2021-11-10,0.014723852487760272,-0.008583784477604817,-0.009840264314267063
2021-11-11,-0.0030051658425668732,0.00016181580356325556,0.00045652573334764747
2021-11-12,0.01696618638400964,0.0008845669385291215,0.0017334049535389197
2021-11-15,0.011562465423728834,-9.47131037196157e-05,-0.0014550788393614157
2021-11-16,0.001624251686373174,-0.0011028978540969228,-0.0013833793840424301
2021-11-17,-0.023473456800133952,0.0003980382538916904,-0.00049836391088185
2021-11-18,-0.035836567470716126,0.001521010698493858,0.0013651868826283938
2021-11-19,-0.08179085263581949,-0.0017397054674962006,-0.0006684075986661078
2021-11-22,-0.11290698248545933,-0.005498994166276846,-0.0056172734288449325
2021-11-23,-0.10762730607656316,0.0008233969352716092,-0.001253282974530783
2021-11-24,0.08485908820116674,0.0051730728474565215,0.001970102890539695
2021-11-26,-0.0027288683308696418,-0.010958424388799333,-0.007464913786424274
2021-11-29,-0.007683226136518406,0.004791597301107008,0.002856053461151894
2021-11-30,-0.030509147566953172,-0.009530186657026818,-0.004619574379291517
2021-12-01,0.06389245294981576,-0.010076919950554885,-0.0035286426960130053
2021-12-02,0.057855034678944456,0.018329525869717672,0.0069107486688974465
2021-12-03,-0.04165033798978006,-0.0007180386662276847,0.000952635565450922
2021-12-06,-0.023241162701401336,0.009495159777900155,0.002329370954843086
2021-12-07,0.15210094965307824,0.009994931248381902,0.004758789962034668
2021-12-08,0.25572077597087045,0.002565370405770347,-0.0008848502173564372
2021-12-09,-0.12382355478816871,-0.00867459647886407,-0.002754036767195333
2021-12-10,-0.007749720912193264,0.003064373850138707,0.002486936832530706
2021-12-13,-0.09077971334569537,0.00535065445641474,-0.0004470282518437233
2021-12-14,-0.012310075223275055,-0.008732519562681026,-0.003514643410408711
2021-12-15,0.06706112044162124,0.009473934315129611,0.0021445830047806262
2021-12-16,-0.03654011617248914,-0.0010525993634297613,0.00038920715902481304
2021-12-17,-0.023653249012302823,-0.0012547831684958266,-0.002026089501479669
2021-12-20,0.0098523667361354,-0.006415766513434925,-0.003889297770325029
2021-12-21,0.0013287153800000543,0.00834952930076911,0.005133659770365505
2021-12-22,0.026130896031639945,0.007170441739781377,0.003385072560074936
2021-12-23,0.01822600058702849,-0.0003329226837917499,-0.00036302485797457413
2021-12-27,-0.0007187947616528946,0.011387579487562671,0.00558781901264894
2021-12-28,-0.008817270760226481,0.0016505612719721543,7.640660565660458e-05
2021-12-29,-0.031261697469510144,0.0023280638376552798,-0.001835159259526053
2021-12-30,0.021758017180421856,0.0030508410275919655,0.0009012052798711672
2021-12-31,-0.008034027009910391,0.0008447481801148094,-0.0002427320518318238
2022-01-03,0.005724448772289203,-0.0004144020691177116,-0.0026743364456999195
2022-01-04,0.010297190807715696,0.00690402305752484,0.003455901337645906
2022-01-05,-0.03288030194951886,-0.010704494384403756,-0.016249078858242175
2022-01-06,0.17932957906111413,0.0010891598026334067,0.0021251409350701417
2022-01-07,-0.09457223031432273,-0.0010248786509464796,-0.004346120911771756
2022-01-10,0.03268576045846205,-0.003248951742262484,-0.00294639502724057
2022-01-11,0.12972617744534962,0.006215051901533184,0.005749430456694987
2022-01-12,0.10742852470039838,0.001805705570800797,0.002639852886908343
2022-01-13,-0.047831113033750254,-0.002943095625776751,-0.005842870049346577
2022-01-14,0.04443916241345269,-0.002282499249519926,-0.00459607448357517
2022-01-18,0.19740545267261161,-0.009414316442284281,-0.010537889950300375
2022-01-19,-0.09433354338240925,-0.00647865969501941,-0.00974946260883653
2022-01-20,0.03525448711155352,-0.007928941233937576,-0.009274702697987056
2022-01-21,-0.08468777377531517,-0.006291353709148487,-0.009179218161229834
2022-01-24,-0.07311664180304861,0.0017934506366291665,0.000999357172530855
2022-01-25,0.02479130559224143,0.0001354884583387669,-0.0049824687556685185
2022-01-26,0.005258081116714671,-0.0076894080550906005,-0.007536449644688406
2022-01-27,-0.03812000879496107,-0.004939985964565345,-0.007382006617376621
2022-01-28,0.03295296935879551,0.012441800206256824,0.02056711786643637
2022-01-31,0.058103107924017273,0.007739351796962157,0.01133166743088045
2022-02-01,0.12796583311291893,0.0022240017838970126,0.013882871053279245
2022-02-02,-0.03609650157278607,0.03290880653003299,0.06439339677293947
2022-02-03,0.012711317934695956,-0.02814414873926144,-0.05614595556221359
2022-02-04,0.03744391485169933,-0.02287105669060123,-0.042179826712511685
2022-02-07,-0.006227093499538066,-0.011401994767947744,-0.026747844647621234
2022-02-08,0.006915090072764968,-0.00921479637718115,-0.017325806816180726
2022-02-09,-0.012030639319138555,0.006434198881017457,-0.020714439136631197
2022-02-10,-0.006778439370942542,-0.019237589093075748,-0.010846329386430195
2022-02-11,-0.009368869375469555,-0.0024485234963853818,0.010707730511400471
2022-02-14,-0.0233179846052818,0.0008167987099921826,0.016203914635051896
2022-02-15,0.014138445615526175,0.013617617377377234,0.01964574468807983
2022-02-16,0.045555916884589424,0.014001053052823672,0.028962862994973176
2022-02-17,0.0027832025184038197,-0.009482806174529278,-0.006898408932712272
2022-02-18,-0.012872653705262832,-0.00835134114217647,-0.011951129205485297
2022-02-22,0.09179522931633141,-0.00043018443533560867,0.003962571561086484
2022-02-23,-0.043296934965424895,-0.0040423399411328755,0.017934833255980588
2022-02-24,-0.011998513020669614,0.013100097048387615,0.005902379109924559
2022-02-25,0.023973556306534888,0.01281918446794142,-0.005808555720998679
2022-02-28,0.026627480853791578,-0.012654170431051208,-0.006030090506950325
2022-03-01,0.03010582966934529,-0.01010528887468966,0.006932935432197565
2022-03-02,0.0021243680357765937,0.018019771650778955,0.005102244200917882
2022-03-03,0.019985178700138446,0.003902832129861411,0.004672895346452799
2022-03-04,0.0036154218893263194,0.0027100285924781804,0.012001102046292388
2022-03-07,-0.13324896613507783,-0.017062451763683373,-0.01055172242763672
2022-03-08,-0.09003575515871322,-0.009089638585578258,-0.005582995581752667
2022-03-09,0.00742178113451905,0.010142037392070983,-0.006756866632241572
2022-03-10,-0.06470226344118085,-0.003109859641684537,0.002320167827898638
2022-03-11,0.013509764616289872,-0.005947489476325882,-0.003354956344295053
2022-03-14,-0.12071736065720089,-0.004881568299671848,-0.02446884645107063
2022-03-15,0.06293799353449618,0.009164082763808546,-0.004392066970962879
2022-03-16,0.024210997008725036,0.009667277020766267,0.0035641592667886206
2022-03-17,-0.0009515863409825002,0.012413693631419843,0.014817513661986892
2022-03-18,0.04944817658737941,0.003289925085405054,0.004227804136735151
2022-03-21,-0.031646152398726535,0.0019837917490741898,0.004363769159537776
2022-03-22,0.0279376750973595,0.00453074323332634,-0.0010737886569801554
2022-03-23,0.0031838809504306396,-0.007522134156946843,0.005587006825289032
2022-03-24,0.01725118045442356,0.008130969860588684,0.002420368269190781
2022-03-25,-0.011908817005515352,0.009076385923509511,0.005071996835805543
2022-03-28,-0.018126904378090676,-0.0015784670304440404,-0.006358858547751279
2022-03-29,-0.003704793099526672,0.010265373224230386,0.005387619026286452
2022-03-30,-0.017051855896876904,-0.0018339587027132926,0.0022012402577384514
2022-03-31,-0.05340809645948255,-0.012303806540762442,-0.00999775420450455
2022-04-01,-0.01723736360606703,0.007161937794600227,0.005266169539355979
2022-04-04,-0.09048798615962753,7.454543700240601e-05,0.0024188758483586533
2022-04-05,-0.14344319017035684,-0.012015805361178309,-0.009556426369739189
2022-04-06,-0.009475783770987173,0.00042383508989677455,-0.00048521500800073814
2022-04-07,0.010581257774728793,0.0019179404936660383,0.0028883173836773512
2022-04-08,-0.03203211606010592,-0.001676005971705099,-0.001448927671739821
2022-04-11,-0.017558078729922138,-0.009995111610579923,-0.008594475908817657
2022-04-12,0.053999414704531276,0.004164151830672127,0.003949630636631417
2022-04-13,0.01835415767525108,0.00948239741392359,0.008895991656565265
2022-04-14,0.006589076196626833,-0.003930340644734064,-0.003777132260953583
2022-04-18,-0.03243450368498949,0.0025820135179303655,0.003619897910574402
2022-04-19,0.02282765270096308,-0.0015658830439719067,-0.006695097747582063
2022-04-20,-0.05383896120157582,0.004201222579484119,0.004546367611196218
2022-04-21,-0.15888104761549213,-0.014316032349542101,-0.011003549775408388
2022-04-22,0.0706947180100815,-0.015115497272875597,-0.014678835736120097
2022-04-25,-0.11751705285283842,0.002449452175949799,0.005881686370897933
2022-04-26,0.1286261230487378,-0.006537785614699375,-0.006060380383332784
2022-04-27,0.08444869271124457,0.0036936036162978658,0.0027454102152139376
2022-04-28,0.07294337125196329,0.009840948531126806,0.0053465173010466
2022-04-29,0.08014411754357073,-0.018966897919015013,-0.014967612592239369
2022-05-02,-0.07715040995160254,-0.006323003794920478,-0.01962181140362535
2022-05-03,-0.02340682130000878,0.0019069261550587826,-0.0018500023390081624
2022-05-04,0.026525033233678393,0.0251089042281281,0.03523510618807804
2022-05-05,-0.04700104923979345,-0.028267584848048,-0.025890449297813537
2022-05-06,0.03916878415144592,-0.002362925425330472,-0.001276789199435999
2022-05-09,-0.09948794094703034,-0.023770567723966653,-0.06330464075139038
2022-05-10,-0.02391760924146071,-0.004891269940036757,-0.005829214880069094
2022-05-11,-0.04676421895817402,-0.011668567694152688,-0.012596805133766653
2022-05-12,-0.0083736901808408,0.0017932855714680527,-0.0018161400558792968
2022-05-13,0.07663156024300785,0.01831269493520888,0.03413377133787857
2022-05-16,0.08261239432553033,0.004285107383255939,0.033850055643013396
2022-05-17,0.010425563662293162,0.014784411102339889,0.01804123874507993
2022-05-18,-0.032426738827701224,-0.03501041766477614,-0.029587132152739774
2022-05-19,-0.012276389399497592,-0.008978563700137512,-0.01025078941600716
2022-05-20,0.02028346826434344,0.0050423340533029245,0.007767780702226523
2022-05-23,0.007601809704770718,0.014898683276482898,0.02378478334823286
2022-05-24,-0.009207424778068744,0.002772376482149548,-0.003338949688746511
2022-05-25,0.0065446756235336,0.00533763764593424,0.006708664214910544
2022-05-26,-0.004443314249253034,0.012822323538184069,0.0027998655899733917
2022-05-27,-0.0067786740281207646,0.01624693901398807,0.006177368945819043
2022-05-31,-0.016906383213419075,-0.007565464147779712,-0.017568659947811767
2022-06-01,-0.014433004308546826,-0.005963022247578353,-0.0020073927640809246
2022-06-02,0.024670892969761198,0.008504390430851935,0.005878819609753976
2022-06-03,-0.0016083313443768282,-0.0062117618575556815,-0.0028567292135608497
2022-06-06,-0.001866969106087703,-0.0024398116509221197,-0.0034994064703539503
2022-06-07,0.00870943569466059,0.005860338920016904,0.009298505122634611
2022-06-08,-0.007882665342667258,-0.009637999382449382,-0.007687062572534568
2022-06-09,-0.008726492378437553,-0.010956704952660809,-0.011877509613890962
2022-06-10,0.0018029703596220326,-0.01499500206976806,-0.013956289308316437
2022-06-13,-0.12321797106535022,-0.029215891925975013,-0.03221747046158759
2022-06-14,-0.25760717133161304,-0.01933611492256144,-0.013655962921239712
2022-06-15,0.09459306822843243,0.01611138592003509,0.011250550366428396
2022-06-16,-0.02779386107657801,-0.015260933182720812,-0.019453560213683958
2022-06-17,-0.042583825074112215,-0.002754296621778009,-0.008828143957548803
2022-06-21,0.021247553504682038,0.008811902058362013,0.012332463845804305
2022-06-22,-0.022420289196583985,0.0003227688375913568,-0.0046812671887367634
2022-06-23,0.0001592106697259534,0.005053192538975003,-0.0003892075973947916
2022-06-24,-0.002691295683646291,0.012343618413263032,0.010199162109520403
2022-06-27,-0.08607854783632699,-0.008770955996854983,-0.00322377360675754
2022-06-28,-0.028298865531372463,-0.008481065805363343,-0.0021955401923603084
2022-06-29,-0.06834561066211926,-0.0024663099157873555,-0.006348247016100023
2022-06-30,0.06246705024449935,0.003686245468154033,0.0006703142375621132
2022-07-01,0.0025108720790588913,0.01010941093160513,0.009390311580784837
2022-07-05,-0.008240967134497523,-0.0041391113274732196,-0.0011257569494282683
2022-07-06,-0.011746788002234013,-0.004171254607942266,-0.0027732768684436042
2022-07-07,0.017650786419331585,0.004612942030541723,0.0018509814707773264
2022-07-08,0.014796265263013166,-0.001921522143740473,-0.002358653565877035
2022-07-11,0.18275970597171123,-0.002639695984902885,-0.0007483678866739172
2022-07-12,-0.02789815536333068,-0.001035235801344141,-0.0003249123688522567
2022-07-13,-0.03100185593286374,0.00039034752759562467,0.0002840369867735767
2022-07-14,0.06981846996550846,-0.007147020493970886,-0.005034276520261053
2022-07-15,0.009680741987292874,0.00973648009660002,0.00870841701450264
2022-07-18,-0.01428843777019324,-0.0021959733851326813,-0.0043478841846457126
2022-07-19,0.003596718288813089,0.011078577878352048,0.008410958994170041
2022-07-20,0.01875859358704707,-0.00042353478391848155,-0.0007106561609645201
2022-07-21,0.07331226656103805,0.008443005311559205,0.008705754657831605
2022-07-22,-0.02760199290655695,0.004656860481693318,0.00491148065883999
2022-07-25,-0.01555567155414209,0.0004771352516902253,-0.0017583872130399038
2022-07-26,-0.024789979713021708,-0.001784163240386703,-0.0012430869177493717
2022-07-27,0.004702993182753378,0.008511531878239258,0.007059939300947563
2022-07-28,-0.0022661877106625525,0.013211624817545455,0.011552018970339882
2022-07-29,0.0010368002266236838,0.005376501350093084,0.0028058621577953646
2022-08-01,-0.0009042755814902718,-0.00210314898222713,-0.001071410021190642
2022-08-02,-0.008910687584890706,-0.014798591857498912,-0.014553384470805357
2022-08-03,0.03261312584751164,0.011926824198235568,0.009808604500245913
2022-08-04,0.019171242636719623,-0.0035698123572711392,-0.002121872883310975
2022-08-05,0.0017138289744966769,-0.0030364979171929383,-0.004971839401821597
2022-08-08,-0.02590314810106073,-0.0009651813403186777,0.0008109723455400405
2022-08-09,-0.023144306767008727,0.002145887650628792,0.001103306767153806
2022-08-10,0.009627669053721461,0.016869488637145852,0.013020808951391927
2022-08-11,0.0027957950541050002,0.0051554129323470865,0.003431928813954939
2022-08-12,-0.01582263149530114,0.012051275255970936,0.008956362121632033
2022-08-15,-0.004317043799565824,0.001231232893509135,0.0010403042732682608
2022-08-16,0.036626046452284546,0.0049683207863550315,0.0028939864238284943
2022-08-17,-0.009539183593869295,-0.006240644403334737,-0.005997517061425178
2022-08-18,-0.0007886850448265585,0.0023333413096402393,0.001230818756730555
2022-08-19,-0.014886620015673117,-0.007696285285700629,-0.006720915281742186
2022-08-22,-0.0008178721921126371,-0.008131611195191023,-0.00525506154140719
2022-08-23,0.01139867162312692,-0.005327354725920339,-0.0041792098852921926
2022-08-24,-0.004443968364771169,0.0010469067251293895,0.00021995814004765956
2022-08-25,-0.021097131498843222,0.01118308969500156,0.009235312150321966
2022-08-26,-0.060426990483056546,-0.019073943491301062,-0.01301415927394297
2022-08-29,-0.07267486705134446,-0.0051487650932307,-0.004482483285523127
2022-08-30,-0.027691528500666012,-0.009641662746189147,-0.007060326452006798
2022-08-31,-0.008278850836876985,-0.00517711963120263,-0.0040415200191148
2022-09-01,-0.028964606405209436,-0.0014933196738319045,-0.00818810480992276
2022-09-02,0.05268935522958166,-0.01111725248908488,0.0023916477065008377
2022-09-06,-0.10527533719487996,0.002023303196833599,-0.01139040768945575
2022-09-07,0.03891347174397777,0.01534151890493391,0.007935617603820423
2022-09-08,0.011541463053582503,0.0029883496223433873,0.00046775443049371643
2022-09-09,0.02667758105668663,0.012465882760205023,0.009018270877438572
2022-09-12,0.004850642538628496,0.007720956053494074,0.00188921429693562
2022-09-13,0.012354958115030783,-0.0345659175811762,-0.015552803657938662
2022-09-14,-0.009720939428399609,-0.004761101939541147,0.006782342050093584
2022-09-15,-0.008898462388354697,-0.01539853486179617,-0.0067736643951618455
2022-09-16,-0.022801899599944317,-0.0008130423341015323,-0.004987799921517471
2022-09-19,-0.03958772102508187,-5.0419804232684795e-05,0.0018221135116688436
2022-09-20,-0.15486251272145515,-0.019710257878144413,-0.008735550191723515
2022-09-21,-0.035638397214891954,-0.013469670632134065,-0.003122964988539613
2022-09-22,-0.050806835017895416,-0.01007320074658755,-0.007770276972901568
2022-09-23,-0.025465398997359785,-0.015255544464862634,-0.017078714954560627
2022-09-26,0.05485411763786121,-0.02397194335073063,-0.01894656387009475
2022-09-27,-0.03138417918037289,-0.011640255740317204,-0.009177901799130595
2022-09-28,-0.007246856578615005,0.020265396469886347,0.022954669134360315
2022-09-29,-0.0264963500495898,-0.023406268910654494,-0.008253401261445926
2022-09-30,0.02939951543482099,0.004562978526013179,-0.004433236763694718
2022-10-03,0.06951241289565423,0.021917229927446793,0.018545127773466254
2022-10-04,-0.04513373535605449,0.01158848910774796,0.011306645891388738
2022-10-05,0.003076137577844975,-0.0030495388840650227,-7.15379977953434e-05
2022-10-06,0.022679466494305463,-0.00391481699778113,0.0008421801814286538
2022-10-07,-0.014956296369723898,-0.012662547643439093,-0.004775101621708681
2022-10-10,-0.06982073086923199,-0.009442013892250757,-0.007171327323848558
2022-10-11,0.007091182871131189,-0.0013211811842568425,-0.0009867741648122337
2022-10-12,-0.010228267569855069,-0.0005822304606529889,0.0035661676089741396
2022-10-13,0.1357088650810135,0.017633173376303653,0.005747137283967917
2022-10-14,-0.04235422153011447,-0.013913465396014452,-0.011043878882792157
2022-10-17,-0.0709022873592961,0.005714015287256057,0.004149636525585783
2022-10-18,0.02477047196557919,0.008112612385332367,0.0034686176777027006
2022-10-19,-0.014952525970404045,-0.007542610102932833,0.0006093847792961504
2022-10-20,-0.007248229597086371,-0.007332179815032625,-0.0038485494987836335
2022-10-21,0.03627567242669883,0.013723192297453932,0.00883982758448538
2022-10-24,-0.028489605380626663,0.0033184804720195614,0.00041521286405375295
2022-10-25,0.055696547826829555,0.01277763821247851,0.0060234705938396905
2022-10-26,-0.0038466327495013677,0.0027169648666844344,0.0056368130012952565
2022-10-27,-0.03635691050716982,0.0007325642127647948,0.005081261594400078
2022-10-28,0.03578596177300677,0.009399643778683789,-0.001966215246540435
2022-10-31,-0.01810982971368365,-0.004811371457107196,-0.000422839472623644
2022-11-01,-0.003445909509588923,0.0033447278896833847,0.004035710404005153
2022-11-02,-0.025691478851043552,-0.015255003710264229,-0.012319290704367073
2022-11-03,0.006599392035927285,-0.002593693671273679,-0.0019269777693539428
2022-11-04,0.06572820187699946,0.013706721023280848,0.009429840922994166
2022-11-07,0.6057167158209975,0.005659785566374084,0.004336570627987151
2022-11-08,-0.03198545319127694,0.005253655073944427,0.004948759668917411
2022-11-09,-0.18154923817902527,-0.014700650876244118,-0.013633464972554327
2022-11-10,0.011801416056086747,0.04290141486781107,0.03508456017927784
2022-11-11,0.09390294059828627,0.0054315513952295615,0.005031070039015988
2022-11-14,0.09895705872788907,-0.009383124633418926,-0.00596898497396918
2022-11-15,-0.07954592966080083,0.008856723265395904,0.009142241904475937
2022-11-16,-0.14689008151134503,-0.004456840370080451,-0.0022738397675269232
2022-11-17,-0.05757952464072417,-0.0015935987702013516,-0.0028412132827866044
2022-11-18,0.06569646666114218,0.004253946951880002,0.0012552883482760385
2022-11-21,0.005083296675826391,-0.0005949596841283925,-0.0014526311227942529
2022-11-22,0.053863604496120814,0.01244249732547193,0.012089975757673663
2022-11-23,0.022163081769232925,0.002686347189952581,0.0027543055047277052
2022-11-25,0.05838760275367453,0.0021217102118127854,0.0012124963561726942
2022-11-28,-0.017298399433667434,-0.014472073852943154,-0.011161478350209971
2022-11-29,-0.03063740047191126,0.0047470115204370205,0.0018593038024482444
2022-11-30,-0.02643552304239847,0.01622169824157476,0.013878183323734793
2022-12-01,-0.01760793212163801,0.005825948778309536,0.007773402242645391
2022-12-02,0.017936645272208694,-0.007961836229112217,-0.005787252906860963
2022-12-05,-0.02509793578699341,-0.02119298141565983,-0.01666274417162498
2022-12-06,-0.03454608000767929,-0.009148151745069683,-0.007467520576706834
2022-12-07,0.0023194838396088176,0.011898828234462436,0.012283482186151022
2022-12-08,0.015128221039914598,0.005048126620660846,0.0021158729939382915
2022-12-09,-0.008063105662327347,0.001492747232928015,-0.0009771303043892897
2022-12-12,-0.01408941070423241,0.0031565960752230173,0.0020515429127875473
2022-12-13,-0.0280628789332636,0.012907458646049703,0.009291110851926054
2022-12-14,0.03569971478816025,-0.005674125578124879,-0.00287173211245487
2022-12-15,-0.055301030784354666,-0.008230978513849834,-0.00545100944740949
2022-12-16,-0.042638716833347926,-0.010294374249035999,-0.00874958637353527
2022-12-19,-0.10330607738960511,-0.01963446221857835,-0.017908415413715267
2022-12-20,-0.011341034596518166,-0.006956985397814993,-0.007667905986342143
2022-12-21,0.09030246291446371,0.014237034559658125,0.014421461864271385
2022-12-22,-0.06984399506801763,-0.013528368376777565,-0.01147440752206588
2022-12-23,0.0011244353067796926,0.0006982289157132782,-0.0014735373369309192
2022-12-27,-0.09967756441765828,-0.008246068884892203,-0.010602557162484573
2022-12-28,0.015693632902760903,-0.009917887687189526,-0.00555119177502915
2022-12-29,-0.03089311661415099,0.004203939950387056,0.001757969496700261
2022-12-30,0.0009591300163694092,-0.006565593151753647,-0.004981094702660931
2023-01-03,0.045626704878255334,-0.006317525088219704,-0.011732268083040565
2023-01-04,-0.007345338273564416,0.007684589711431666,0.005830723725509251
2023-01-05,0.013269454202661197,-0.004159132348846993,-0.001904350405594446
2023-01-06,0.003910104997991313,0.021894394827554387,0.022117839763924285
2023-01-09,0.015574342014044795,-0.00464907679741563,-0.004260540347788128
2023-01-10,-0.012555276992870722,0.003015199137589825,0.005564071071706694
2023-01-11,0.038401559573944206,0.006764300693308306,0.006670883861344533
2023-01-12,0.01289866973401255,0.006696679010381747,0.007067964367177039
2023-01-13,0.06336520865588761,0.0010191337089779438,0.0021720429924359072
2023-01-17,-0.03359917702060463,-0.004248930935942238,-0.003734898190837275
2023-01-18,-0.06965590322815063,-0.012007824195545216,-0.01709988714585774
2023-01-19,-0.025545577232781693,-0.0041528866211402535,-0.0028102337349475764
2023-01-20,0.0035893966511887864,0.009235220945852784,0.012564965519855522
2023-01-23,-0.03284660003054046,0.004942063965573567,0.006153637948216195
2023-01-24,-0.03653090291595481,0.00045013359951273044,-0.0007124954150656455
2023-01-25,0.02598061764020511,-0.00013301019825748072,5.929433722000288e-06
2023-01-26,0.02599527208414123,0.007110272241152231,0.01221585710617248
2023-01-27,0.00020724118550901087,-0.004779763819685421,-0.006240847864510216
2023-01-30,0.0032034206405155714,-0.010403422564248461,-0.012133437199702014
2023-01-31,-0.0042719336963292845,0.011126827919419857,0.01238170611765133
2023-02-01,0.0011233427022337534,0.00769863901928356,0.007580478656873371
2023-02-02,0.0900798788994243,0.01230211124950908,0.008794043700024871
2023-02-03,-0.043099640651084924,-0.011498664827258266,-0.012400156363560852
2023-02-06,-0.0024921877913920798,-0.005901573554524926,-0.007070012359097739
2023-02-07,-0.016083815040781234,0.006885151602257069,0.007266150353456729
2023-02-08,-0.006271905767039149,-0.008324321811191452,-0.007558313045261097
2023-02-09,-0.030788118002018482,-0.008889751335870494,-0.00664572537888916
2023-02-10,-0.005068130407542774,0.004392117351549889,0.003359000330921206
2023-02-13,-0.012105105235238656,0.010297453788184047,0.008610297501256471
2023-02-14,0.01194157064608558,-0.004104049415757527,-0.004349036780344171
2023-02-15,0.005316604300886105,0.0023794287871206576,-0.0012746270731412376
2023-02-16,0.0009360040526244455,-0.010171793647685553,-0.007824218452085144
2023-02-17,-0.006807973915436833,-0.0012169823028673208,-0.001271839132736561
2023-02-21,-0.0033795121828964583,-0.01922238263522485,-0.017586720784935023
2023-02-22,-0.00840734122390549,-0.004015158394318014,-0.004830968336534954
2023-02-23,-0.002522169549714789,0.0050576936931305055,0.005491623435919061
2023-02-24,-0.009930187855469341,-0.01105136115937296,-0.012446139385147404
2023-02-27,0.0204725650101605,0.0023230441653823743,0.003385411096801671
2023-02-28,-0.011369830534231505,-0.003296603578490515,-0.003610304594061165
2023-03-01,-0.001378024337777125,-0.0016365788315514517,-0.0026060940191011592
2023-03-02,-0.018086100653724606,-0.004840024418850342,-0.0046512805164334245
2023-03-03,0.0022294830293409637,0.01876039048344751,0.019298403157559856
2023-03-06,0.005363705339728895,-0.011381478812977425,-0.018338457468687938
2023-03-07,-0.01790196907192279,-0.005933987212777834,-0.0013568559764836976
2023-03-08,-0.004847085128203614,-0.0034789139925346132,-0.0052408484876311275
2023-03-09,-0.014128523001484254,-0.005158674916590423,-0.004484200963345196
2023-03-10,-0.020398202256130853,-0.00016967786383501854,0.005231078523640081
2023-03-13,-0.03325541826349885,0.00042971943133794915,0.010756713743973597
2023-03-14,0.0019862114810379064,-0.002199025455507426,-0.004601221843098397
2023-03-15,-0.05281709981522522,-0.010343430487180774,-0.003575193002397066
2023-03-16,0.005310911964537017,0.003220526720135959,0.0005236641103381981
2023-03-17,-0.006426268983644273,-0.0090482362801963,-0.0068955314103324745
2023-03-20,0.10037134177579704,0.009081937804611917,-0.002092683743642495
2023-03-21,-0.014179823242625761,0.006391727809255737,0.005726188618407691
2023-03-22,-0.023497461077503508,0.00033887369706373394,-0.00011577211316373046
2023-03-23,0.013168624699217393,0.0019480186776040479,0.00012327097519446173
2023-03-24,-0.038492697762380026,-0.005336189819037894,-0.00044273767009386686
2023-03-27,0.05034163556088641,0.00013071053416781033,-0.008462005036903204
2023-03-28,-0.019198794524329273,-0.00546209959526935,-0.007473139030394167
2023-03-29,-0.016045370775590838,0.002989559931616999,0.0028801997732410657
2023-03-30,-0.0019301476143783363,0.003367045585665222,-0.001229692766480488
2023-03-31,0.06999503448862132,0.01513557113094543,0.013892876580965658
2023-04-03,0.07896203592353948,0.005384250249531504,0.007117615459643261
2023-04-04,-0.0735757608508188,-0.006142550191676857,-0.005150796842716487
2023-04-05,-0.02858671718930943,0.0014434204304325936,7.590652433703325e-05
2023-04-06,-0.016797330845905928,0.0010831723226021454,-0.0003194601306502044
2023-04-10,-0.009553732776666126,0.0010691790502095435,0.0016677671926986265
2023-04-11,-0.005641738135326676,0.002106708902636974,0.0031126485036274123
2023-04-12,-0.006730063713150655,-0.002826628156035204,-0.0013389922838267653
2023-04-13,0.009399456656870453,0.008469995580914626,0.007627633560037561
2023-04-14,-0.0012501232066080383,-0.002091628259207526,-0.004621070076845274
2023-04-17,0.016197371988564933,0.0029772900398510696,0.003313770640103943
2023-04-18,-0.01262038985541767,0.0007407952155566027,0.0008888102096675088
2023-04-19,-0.008791404592506229,-0.0009586146972790591,-0.0014357353877071538
2023-04-20,-0.006622180889489853,-0.0031846219873321083,-0.0028628228806333107
2023-04-21,0.006135906986252589,-0.0001734402604532089,-0.0005150712659957701
2023-04-24,0.027221964947148503,0.002136949350952887,0.0020845610550994614
2023-04-25,-0.0052655258139434665,-0.011875963854702722,-0.011381248565094072
2023-04-26,-0.021400061478695515,-0.009077747970228346,-0.0076565564430727965
2023-04-27,0.0029323984383072895,0.012329964515565258,0.012334455922665622
2023-04-28,0.00031482937244713247,0.008943697006682147,0.007675301052955426
2023-05-01,-0.0035131267680307767,-0.0036436771723081535,-0.007904149368737616
2023-05-02,-0.011609857231840007,-0.00919383660691828,-0.0026697397479346313
2023-05-03,0.001183827201856908,-0.002252426194596257,-0.0005721716529369948
2023-05-04,0.002758851769618214,-0.002542087142018419,-0.0030733268198540904
2023-05-05,-0.0027308011768592284,0.009873445473313496,0.004715990294244005
2023-05-08,0.003075426823432753,0.002065546443228181,0.0005973013632846809
2023-05-09,0.03294158962797905,0.006737231782055552,0.004307095727019431
2023-05-10,0.009811984436286104,0.0026656773826652033,0.003012647386908654
2023-05-11,0.02297794201044713,0.003944506662517413,0.003432347900364932
2023-05-12,-0.026538617945147343,-0.006015145860694465,-0.004630520871774422
2023-05-15,-0.00887400040322355,0.002811434572935701,0.0012192612074893236
2023-05-16,-0.009398788527017157,-0.007691321964912085,-0.006547157794772785
2023-05-17,0.0017015042449286702,0.006254629282927595,0.0031057994810745134
2023-05-18,-0.005237645815463498,0.0042197601199001995,0.002574956489855328
2023-05-19,0.0077260007437744685,0.0021437516024314725,0.0006657868741108853
2023-05-22,-0.0011869487397564835,-0.0017988918115632731,-0.0030795324337841907
2023-05-23,0.016950365881480394,-0.004172106144978435,-0.0020799941726302846
2023-05-24,-0.006853393625492933,-0.00663893228683479,-0.0043247636568582255
2023-05-25,-0.014282617193043143,-0.002443743602440706,-0.004729290662280808
2023-05-26,-0.013507620724236868,0.0030117848785516828,0.0019934479173393336
2023-05-30,-0.01173057932479897,-0.005374897122010718,-0.0017100353325341497
2023-05-31,-9.604534097662825e-05,-0.004813800025056424,-0.0024524127478956644
2023-06-01,-0.0016781808117026337,0.008482124710448536,0.0051333607128563954
2023-06-02,0.007207246220732202,0.02040269565399857,0.00026753831902361655
2023-06-05,0.0020066775027782276,-0.004812608434244542,0.000670092780941392
2023-06-06,-0.003803271694996551,0.004401290607437545,0.0019031544985016044
2023-06-07,-0.000478492539174851,0.012223578999041675,-0.005286026184152719
2023-06-08,0.0015741509494013749,0.0008412641315770648,0.0055696210857856055
2023-06-09,-0.006737005307943953,-0.0027586061709164197,-0.0015374152896384353
2023-06-12,-0.0013891121215076916,0.00036058049280300196,0.004611701716824426
2023-06-13,0.019042366688639012,0.004886752083671598,-0.0014390055655422672
2023-06-14,-0.009268767380055077,-0.003927582780114749,0.0020844894709025805
2023-06-15,-0.0055660872537802554,0.011595397086312239,0.006929422908646673
2023-06-16,-0.0042510213271524325,-0.0015159939778841955,-0.002777279702105428
2023-06-20,-0.0012135795688852308,-0.01208168580331585,0.0005018388129281703
2023-06-21,-0.0009898046521815166,0.0013427138200199033,0.0019397030879884098
2023-06-22,-0.011882230588554867,-0.0060403698266983125,-0.003857145478831914
2023-06-23,-0.008893219719901565,-0.007411036745348536,0.000591731245297271
2023-06-26,0.019689697794386785,0.007546739073522814,0.0021024374398909682
2023-06-27,0.0023886168945729735,0.005938276095413053,0.0007780951782850546
2023-06-28,-0.00649767180615348,0.0030503063978986164,0.0016388688798345697
2023-06-29,0.0019873659178024066,0.006932279059443676,-0.004721721697217173
2023-06-30,-0.007738699408828633,0.008286505178299989,0.007181429978502312
2023-07-03,0.006520536729798397,0.005446359639631885,0.0020055968328366288
2023-07-05,0.15627624415923197,0.030016041024865724,-0.004076288889595656
2023-07-06,-0.058226128585383743,-0.01787282473345197,-0.015067200700830794
2023-07-07,-0.018635406958724534,-0.005553093901788621,0.008355152540209411
2023-07-10,-0.009986077724522665,0.0014320110485167433,0.006733243980340431
2023-07-11,-0.005587938827913523,0.006974983484035579,0.015187911183907513
2023-07-12,-0.01935124029797796,0.001570854201373087,0.006531929342434032
2023-07-13,-0.0006868971747114908,0.005229578161485,0.00010013557352494272
2023-07-14,-0.014854122554412088,-0.004308000338042527,-0.012990805951252099
2023-07-17,0.028331536494145205,0.004166206581862414,0.0002383496508259636
2023-07-18,-0.00397605324395639,-0.0005899026824969511,0.008310220486643314
2023-07-19,0.03209315677096816,0.01137676814621669,0.00451223243381709
2023-07-20,-0.018194563612801435,-0.006286770478420423,0.005581674471211115
2023-07-21,0.45778945172488505,0.09134666603976066,0.00506291867636282
2023-07-24,-0.1103677323221547,-0.016624774552845292,0.010237380930688057
2023-07-25,-0.06628567942795356,-0.0149627611270185,0.003364592053053033
2023-07-26,0.01778183844029724,0.005412237536003308,-0.00011277668837528384
2023-07-27,-0.010636633208781108,-0.013667931102824608,-0.008850015478528558
2023-07-28,0.005498111540622724,0.004020395663647412,0.00503487723913053
2023-07-31,0.017095201934376962,0.006609803277680607,0.01059177332187849
2023-08-01,-0.01348474384791145,-0.007764157318932779,-0.006974610718434995
2023-08-02,-0.05470358828373357,-0.011848558100593931,-0.014006663433218505
2023-08-03,-0.004384297380237006,2.6578755485172677e-05,0.0009354129305123799
2023-08-04,-0.006960701116883084,0.0047267346591913,0.0012893945749032328
2023-08-07,-0.00037799200595473953,0.0015470530688230085,0.0043327772564364705
2023-08-08,-0.016399471747525936,-0.00013087951296506586,-0.0021776772230389973
2023-08-09,-0.011398537374493145,0.0029163791630262125,0.001728551289503515
2023-08-10,0.09986614425660634,-0.0011005213590823818,0.0010274757911482163
2023-08-11,-0.00013906981426898903,0.0015804406213089125,0.0032064849974274704
2023-08-14,0.038831459860113424,-0.003357282973648627,-0.0030135470017256033
2023-08-15,-0.03136768299613336,-0.011430903431718565,-0.014396870509949157
2023-08-16,0.015604710612264837,-0.007345418612082532,-0.007389795534914637
2023-08-17,-0.10610074792278515,0.0012172286804042775,0.00040739059234028385
2023-08-18,0.0038605175229463407,0.004074546792819595,0.0036083917614948917
2023-08-21,0.0004437803211012352,-0.0031557917931425124,-0.0013226045657296365
2023-08-22,-0.017957629818724574,-0.0015044091504403086,-0.003448252608438873
2023-08-23,-0.05123970928837889,0.007205060250231008,0.007044608046223323
2023-08-24,-0.003779416339389503,-0.007021637402404523,-0.009335187350246047
2023-08-25,0.08747706748044327,0.005447970910258433,0.007586701627183055
2023-08-28,-0.013243881671160956,0.0058359664335024646,0.0065807673135419
2023-08-29,-0.0011598766403763106,0.007085010320518202,0.008628203007922296
2023-08-30,0.03633782227010422,0.0009059548284405108,0.0019088587168327163
2023-08-31,0.048294233914819414,0.0024199108646029695,0.001289735330124808
2023-09-01,0.005532995483714339,0.0005229846401242194,-0.0018365911163630534
2023-09-05,0.03241771898513707,-0.008175670112993258,-0.013546340588187197
2023-09-06,0.02882302404740147,-0.001688011306536299,-0.004779333296208494
2023-09-07,-0.019431528997592318,0.003362146382868047,0.005804937790582894
2023-09-08,-0.023821506622504207,-0.003266015830358256,0.0004123100250675582
2023-09-11,-0.02615970680390618,0.00029117172258078856,-0.00019468165808598543
2023-09-12,-0.010821953686898754,0.0009393017577850262,0.006652635329034672
2023-09-13,0.0030564859707668305,-0.00501277802403151,-0.003825725205059729
2023-09-14,-0.004347489480392567,0.00979821615562271,0.004763108791477596
2023-09-15,-0.006553700869959756,-0.004190812174151818,-0.0056467287973007195
2023-09-18,-0.008174243262762641,-0.002949903877932263,0.0015390351260195791
2023-09-19,-0.008327482221768682,-0.0025399861788561726,-0.0009174835753109256
2023-09-20,0.00909958582392577,-0.00251648221302121,-0.0058272310184349875
2023-09-21,-0.011648312480712157,-0.02143004123461707,-0.01709003955965504
2023-09-22,0.03371409993586892,0.0008741004238950065,0.0025019487447862977
2023-09-25,0.011573282157215446,-0.0016370948408368183,-0.002170583118240019
2023-09-26,0.006271636667583749,-0.01160388686592887,-0.009909853008203668
2023-09-27,-0.0031088262922175387,-0.0031064165033309245,-0.0005925352001209728
2023-09-28,-0.010603553877955347,0.005994990015694416,0.005889482118610251
2023-09-29,0.0037455040242096427,-0.0005481235253587038,-0.0011537432678088027
2023-10-02,-0.05592898510373145,-0.02505613348874881,-0.02730803604964525
2023-10-03,0.01669158723152974,0.020425296915486123,0.009322347457641116
2023-10-04,0.009897171622991245,0.013520230168285862,-0.007940697339450522
2023-10-05,-0.0037167440848810763,0.038372895537234664,0.009433820453118908
2023-10-06,0.000759554887862869,0.026568209711620033,0.010754664769475756
2023-10-09,0.008394748021865683,0.014605802075576891,0.02176324470546194
2023-10-10,0.0002673402417316959,0.0014058760273683083,0.0004934248046952731
2023-10-11,-0.00526315718804383,0.0011611833364492366,-0.006006502446925837
2023-10-12,-0.018514583182135298,-0.011635786575679565,-0.006959298490030144
2023-10-13,-0.0011720188935143976,-0.023062820534670462,0.002427344202566884
2023-10-16,0.005577758639792563,-0.01785160850724044,-0.0026918306230743726
2023-10-17,-0.019074140902355114,-0.011876323552312839,-0.003310303240669367
2023-10-18,-0.013739028653975055,-0.0030408847865744334,0.00042605974443534394
2023-10-19,-0.005908909209924477,-0.025396852864647882,-0.009357167631713757
2023-10-20,0.0045193147952462395,-0.010299397996324303,-0.009263455711226313
2023-10-23,-0.013822334253002501,0.0017150277239568897,-0.008651712099468951
2023-10-24,-0.0029173776003133815,0.014148047625007543,-0.0020624870405510838
2023-10-25,-0.014001911477134973,0.00602425967408774,-0.0016068318346823729
2023-10-26,-0.006402807815744314,0.022837798547214024,0.00293917580951559
2023-10-27,0.0064345969279587245,-0.009111585356504037,-0.010867929863098596
2023-10-30,0.03455733582963649,-0.0187021625188622,0.0014558043264757128
2023-10-31,-0.012291467621646518,0.048302612222577916,0.014166075749927336
2023-11-01,-0.019335054264767327,0.0005213451828409448,-0.006068454098600705
2023-11-02,0.006167276245587287,0.013549147349613717,0.010384972581105116
2023-11-03,0.011403006286490987,0.008101868480747478,0.00826650263424026
2023-11-06,0.012588233193735775,-0.0029897444836045413,-0.009493378100063184
2023-11-07,0.02211383462056179,0.0037121373709451725,0.0009625765662946158
2023-11-08,-0.0045138979711570925,-0.0007314486358225741,-0.0033205189062007223
2023-11-09,-0.015537596277648865,-0.01194264696744014,-0.014698780647140827
2023-11-10,0.0014238331655775647,0.006812249258541085,0.004431327827996695
2023-11-13,0.0029340661613005037,0.0019119856818716808,0.010074653841876936
2023-11-14,0.02777641164534258,0.01737390978837783,0.01177451895979719
2023-11-15,0.017554885971548344,0.00469082826153753,0.0071690120076858535
2023-11-16,0.042429034464315216,0.008573102536374165,0.00916337748012951
2023-11-17,-0.02678449528786931,-0.004764163806839324,-0.01221258124600047
2023-11-20,0.024865406130022628,0.00714863868213695,0.005201398301388397
2023-11-21,0.04133240915574733,0.006819858405116969,0.008563155189705142
2023-11-22,-0.01646490312123948,0.0005575337251545457,0.0003255419673213999
2023-11-24,0.05818247764218019,0.011278353701165512,0.015165575794664828
2023-11-27,-0.0037632491266647674,-0.0015606150689566332,-0.004140352766771826
2023-11-28,0.0028050177407571326,-0.00048958392677317,-0.006388202417354766
2023-11-29,-0.02364077006952869,-0.001747088427787113,-0.005259448925764997
2023-11-30,-0.015574707467634745,-0.0010785141989675504,-0.0038822081122998064
2023-12-01,0.006883735023390424,0.010197158342954211,0.01184081743731213
2023-12-04,0.008941202652577227,-0.00330697337000971,-0.0003914131988928682
2023-12-05,-0.01959695064478099,0.0002690736525502288,-0.0005267327920428018
2023-12-06,-0.002408315845128687,0.0008244584217172568,0.000842203730929576
2023-12-07,-0.009965128640995321,0.0010458517446828022,0.0006834144153108337
2023-12-08,0.005600423692743925,-0.0013874644730139255,-0.0010005247777780243
2023-12-11,0.009526109894316402,0.0020231247502847977,0.003066636511284766
2023-12-12,0.007214382758602668,0.002396418354653337,0.002281872711704975
2023-12-13,0.02476755534799808,0.01657722215665709,0.01759263472169143
2023-12-14,-0.001042315054489278,0.007678110900635065,0.010834276948018796
2023-12-15,-0.01598431902988702,-0.0036477992674912975,-0.004118218348913352
2023-12-18,0.012835449892363902,0.0011662221672544496,0.00032373620712316967
2023-12-19,0.0006104167745763069,0.0032793659070209243,0.0035198314556223464
2023-12-20,-0.020968752765254735,-0.005980286999228507,-0.006227153322762889
2023-12-21,-0.008451214944397933,0.004588651058332101,0.0033745386650922563
2023-12-22,-0.015016480242955332,-0.00045233096482592166,0.0006674722410566165
2023-12-26,0.06461543576195537,0.0070010265325603956,0.006495664558098659
2023-12-27,-0.01095009949531243,0.003630666823740678,0.0032001456057793374
2023-12-28,-0.011262489974669792,-0.0005160122386222328,-0.000758584117464583
2023-12-29,-0.012119503625459493,-0.003832940481399363,-0.004113552988095537
2024-01-02,-0.0022551531357483503,0.0004172943939957993,-0.003310724060068873
2024-01-03,-0.00015150896522810606,-0.01196652605212459,-0.004069958797070082
2024-01-04,-0.00488001653829084,-0.002917386393983208,-0.002607980764636161
2024-01-05,-0.006175292618765406,0.0010274429267699311,-0.0013436756254781492
2024-01-08,0.0009003853521582687,0.009967063858804023,0.007004750835891812
2024-01-09,-0.0005916240849274306,-0.006583564928118928,-0.001008794898416099
2024-01-10,-0.008378837563574293,0.003532896337515763,0.0004764156913962593
2024-01-11,-0.008300112038790526,-0.001591146224738096,0.003277187702812983
2024-01-12,0.022533221781756752,0.004642839674550546,0.005191839154089091
2024-01-16,0.2620922417545509,-0.010224737667757089,-0.003211633331032746
2024-01-17,0.02798485067499369,-0.01316331621991577,-0.005860473753357329
2024-01-18,0.0997297865369158,0.0024529474773850738,0.0022038078794595676
2024-01-19,0.0285040271613766,0.007760712401335015,0.00215573840018836
2024-01-22,0.8035524758205709,0.00467044576668681,0.026085943167873826
2024-01-23,0.019628620716990213,-0.003251977197381533,-0.002006283213184749
2024-01-24,-0.22523397781725807,-0.0046340635083441115,-0.008422596816304058
2024-01-25,-0.07662699792170997,0.005582449028531706,0.001428118277626041
2024-01-26,0.0853514829168922,-0.002226165183851855,0.0008783827131680561
2024-01-29,-0.04698772523041952,0.007134914314854594,0.0027530525330113557
2024-01-30,0.04030104241431744,-0.005195281408970553,0.0004293697822919891
2024-01-31,0.002718688333618054,-0.005208260776370077,0.0008638532325343617
2024-02-01,0.05471405360575242,0.008370238485513817,0.005795228662286384
2024-02-02,0.008712013776318568,0.0019878196192227257,0.0013681445611812412
2024-02-05,0.1558436745327907,-0.00220490454109373,-0.004335567695579381
2024-02-06,-0.03981034906692777,0.0033289488689698162,0.0035514868199293063
2024-02-07,0.003119656670318525,0.00478406921885889,0.0037403637552000358
2024-02-08,0.040236749100760937,0.0029261574586124887,0.003455060161992077
2024-02-09,-0.012442479195955822,-0.0015917854350339096,-0.003981969806883941
2024-02-12,-0.03305463276694215,0.00430548678324232,0.004496654317599875
2024-02-13,-0.0815503527128314,-0.013169429978949947,-0.011910118541822294
2024-02-14,0.04912699742891956,0.0058410948500454835,0.003183798023689812
2024-02-15,0.1475957788728015,0.016130589696497506,0.015413901139856138
2024-02-16,-0.03647349777216105,-0.0021599103150307625,-0.001900370311011027
2024-02-20,-0.06899658378266114,-0.0046176570617190126,-0.004919470685957992
2024-02-21,-0.03339314360044055,0.006034490600795682,0.009755825581378346
2024-02-22,0.07462295477029829,0.011772080328069114,0.007982154654259539
2024-02-23,0.05793492882700276,-0.00019676695651507317,-0.0018003806506679291
2024-02-26,-0.04478842629179664,-0.0018604024390777097,-0.0005208629082057415
2024-02-27,-0.03064479509812562,-0.0006973852217918127,-0.0005862189401415206
2024-02-28,-0.009177311570568572,-0.002439544851831373,-0.0006948031052734346
2024-02-29,-0.0803629232022856,0.0023642873780206027,0.0025976970466269397
2024-03-01,-0.04836321532491682,-0.0022547025790542654,0.0029009914903270735
2024-03-04,0.16285385517680828,0.022622636818118252,0.009739754619337012
2024-03-05,0.011743012012483666,0.0033014259697712717,-0.0014416868971688578
2024-03-06,-0.12315823890508695,-0.011558321176334175,-0.0020146831179012952
2024-03-07,0.024463633957423715,-0.005485302014384711,-0.00011011307919268038
2024-03-08,-0.028410514388961517,-0.002339746195013127,-0.002729264859846252
2024-03-11,-0.020157943739481612,-0.005827972926444154,-0.0024299830750879005
2024-03-12,0.02560085306260016,-0.000675011821572259,0.002190047294468503
2024-03-13,0.00020381165275518322,-0.003831753062819994,-0.0022670991960058785
2024-03-14,0.020469353702616534,0.0049739806462201575,0.0008499946390351836
2024-03-15,-0.046796835855354824,-0.0104373941214757,-0.007336958913573645
2024-03-18,-0.07912124820722535,-0.005524447850298385,-0.0005277288134147301
2024-03-19,0.022291203152371944,0.007898564056593846,0.006727066381494358
2024-03-20,0.1620569763138198,0.01656591066402037,0.010475399610005265
2024-03-21,-0.001550496974691293,0.0014646543744750722,0.0030235671822329353
2024-03-22,-0.12499921959186784,-0.013623070049512725,-0.006863343047774257
2024-03-25,0.32036679759797293,0.028944616328037926,0.009882095137368893
2024-03-26,0.14606197323510187,0.013571364802029405,0.004884567346538522
2024-03-27,0.12963231349609836,0.011451536680624076,0.009451877824496512
2024-03-28,-0.058064934508091026,-0.004742447286714899,-0.0017353647106329187
2024-04-01,-0.1949751826524195,-0.005752796916425092,-0.011146928576605536
2024-04-02,0.05509080916036681,0.00024620110848342714,0.0006917281392460835
2024-04-03,-0.04897680322982427,0.0016583870258598985,0.00010575251167503486
2024-04-04,-0.05023813680040102,-0.0034837541448754093,-0.002391075290012822
2024-04-05,-0.10905952415687845,0.0020470040637478753,-0.003556466214799176
2024-04-08,-0.07648600562269033,-0.0007153460214442534,-0.002268469659331173
2024-04-09,0.007734067200191977,0.003719312701589077,0.004592502836135147
2024-04-10,-0.07870566930403965,-0.012424749667488149,-0.01541521689132686
2024-04-11,-0.04938976390870129,0.00034256802092777613,-0.0012128904597739365
2024-04-12,0.004119783368706602,-0.007853978702092788,-0.002626664193611361
2024-04-15,-0.16796715385551939,-0.009090467292494391,-0.013201194343850756
2024-04-16,-0.12918025500920374,-0.006690668767357685,-0.007707537692969162
2024-04-17,0.1415388038218491,0.0026156990110331284,0.007836280734816807
2024-04-18,0.23383222513326346,0.0003685620286321637,0.005075713248805973
2024-04-19,0.08784088074090059,0.0036360282189810303,0.003287058751741359
2024-04-22,-0.021183631405878877,0.005997329494580946,0.0034872644623704665
2024-04-23,-0.07440067432314951,0.003064089928765458,0.00048375525112022357
2024-04-24,0.08612295023450867,-0.001274224602049745,-0.0007453787112342194
2024-04-25,0.07180855307168922,-0.002374118018628552,-0.001293422070629369
2024-04-26,0.07186919171918493,0.0018346906137090236,0.00562543973847475
2024-04-29,0.11361845771893098,0.006108479304158003,0.00766094669827889
2024-04-30,0.06145474464784505,-0.011641503762463945,-0.006228487007641109
2024-05-01,-0.08806951332814744,-0.009156444536621951,-0.008920403520450128
2024-05-02,0.07247260603259532,0.009530770511719014,0.011165976723989328
2024-05-03,-0.01313135222506953,0.007729769416548656,0.006964571305203958
2024-05-06,0.02439825013128232,0.008967407819254822,0.0074443139117537985
2024-05-07,-0.027777918189034106,0.0005764066948034193,0.0007946385581771041
2024-05-08,0.030174823003968596,0.0010649843072325091,0.0002105795357962406
2024-05-09,0.09584995567236736,0.011179644529137127,0.013098577575522049
2024-05-10,-0.05716739300974665,-0.0019832165154262584,-0.0028796268909291696
2024-05-13,0.012050011909077653,-0.00040574744786709316,9.712477555741744e-05
2024-05-14,0.03102186059846956,0.004642650955237163,0.005112238533348061
2024-05-15,-0.01439710125357249,0.008435206298315326,0.008143506529124456
2024-05-16,-0.006191985131375725,-0.0019319313438343057,-0.002109279880599026
2024-05-17,-0.020772973566145714,0.003965232074335292,0.0035458229258667285
2024-05-20,-0.04527202752400982,-0.003254145880497947,-0.0045149658067781834
2024-05-21,-0.07896644597573273,-0.0022670938597129514,-0.0037906700244493955
2024-05-22,0.007880551429340524,-0.006442472537179923,-0.007283935855606831
2024-05-23,-0.014795990254004958,-0.009393666977763839,-0.011359682892390888
2024-05-24,0.039210183536201516,0.005208709476359708,0.004933285032108097
2024-05-28,0.08199471981552672,0.0036586560667827926,0.0028886221023271034
2024-05-29,0.020320141534006037,-0.009384989993963457,-0.010650343006379981
2024-05-30,0.01279237718521907,-0.0011218235101330186,0.0029466456139389044
2024-05-31,-0.04700020919674252,0.011954314290632826,0.012751672360367741
2024-06-03,-0.0437507715739815,-0.0006056783795995625,-0.017135768323421542
2024-06-04,-0.02483857977484384,-0.001232442462176231,-0.009428678733463505
2024-06-05,0.02583733020498571,0.0049261652018046335,0.013566566057591708
2024-06-06,-0.01394690015436284,-0.0014080585948512824,-0.0069676465473248
2024-06-07,-0.02829568254821755,-0.010859387626482331,-0.018078489396428345
2024-06-10,-0.050652582816686664,-0.004305721028659156,-0.024899654677716453
2024-06-11,-0.059675186803259346,-0.008760229596276781,-0.025968105752776294
2024-06-12,0.037280139053006735,0.00956656249524238,0.020606316398180943
2024-06-13,-0.02265397790481183,-0.005274418796406214,-0.00792914661732012
2024-06-14,-0.06596700172225517,-0.00698228430138463,-0.030379715566637086
2024-06-17,-0.0571568406330878,-0.008166134727934628,-0.029255906888090814
2024-06-18,-0.08873618620371643,-0.00637422725063587,-0.03960314938751048
2024-06-20,-0.1323481796328402,-0.016393192134416822,-0.06390631724157764
2024-06-21,0.03070055203981019,0.0018527768397313962,0.014783631442181963
2024-06-24,0.1938252626117669,0.02486259370632308,0.09113623907000279
2024-06-25,0.07703452468627876,0.010162212631735962,0.03640890462595132
2024-06-26,0.07140219891445669,0.004166526700705919,0.031182850070001236
2024-06-27,-0.058388727778119404,-0.004388288079713595,-0.026492755220883974
2024-06-28,-0.09871214044777198,-0.011173755835871312,-0.04953039478189026
2024-07-01,0.00868733975230569,-0.004871473484146923,-0.002827223729429469
2024-07-02,-0.03691236621330842,0.0022857751614507094,-0.0005828563797598299
2024-07-03,-0.017793823242850282,0.0024296412985706033,0.0007604871568419169
2024-07-05,-0.0570001110726235,0.00011011570925542144,-0.010852705507254042
2024-07-08,0.03585028989683565,0.0011904207651144971,0.0007623780074936917
2024-07-09,-0.012912407080601528,-0.0019152692322568343,-0.005180421839936475
2024-07-10,-0.032945924247284014,0.0037489034223518896,0.004896741597322386
2024-07-11,0.033858562703085654,0.012695562596661792,0.01815968545857456
2024-07-12,0.031909542704338045,0.0054207795091726,0.007116088782255491
2024-07-15,0.2853531210960215,0.008872705608148406,0.02917265104110987
2024-07-16,-0.08201336569739678,0.00538209349446384,0.0022878979753145462
2024-07-17,-0.011350734872988434,0.003716882347391666,0.006819013440361425
2024-07-18,0.023278878967893827,-0.0041401624241572035,-0.001818923933463113
2024-07-19,-0.05864418737020521,-0.005065090502944816,-0.010731304311224198
2024-07-22,-0.007076002626025177,0.0021634539436133815,0.0001756145369826067
2024-07-23,-0.04753328399527967,-0.003859638797425079,-0.011869800558054738
2024-07-24,-0.06413509414698822,-0.006775350520937226,-0.009580175748123407
2024-07-25,0.012931474638427344,0.0030416478477427273,0.007854764528269208
2024-07-26,0.012283719243202693,0.009027327437771609,0.010070915440919691
2024-07-29,-0.037782942811198754,-0.0003298096868527554,-0.005663273961252634
2024-07-30,-0.04065749023376675,0.0037996979135338908,0.007976728170106698
2024-07-31,-0.0009239094426958228,0.0018458216900292504,0.0019240235730289324
2024-08-01,-0.05010629302628058,-0.003887211691184642,-0.001144074367233323
2024-08-02,0.06601479627644317,-0.002734020040942677,0.0012358256439098407
2024-08-05,-0.07118641462606913,-0.01549841639967879,-0.012071920210140804
2024-08-06,0.0049500463698115196,0.0029753906379383285,0.0008956282867864725
2024-08-07,-0.04645369073100885,-0.0026983659127261203,-0.0031761974505856343
2024-08-08,0.023443857490244524,0.009720343202476212,0.006757838767847233
2024-08-09,-0.004240011433850345,0.003600760366488143,0.0027447177393258946
2024-08-12,-0.0459898147504361,9.214899902471266e-05,-0.0006361229616407045
2024-08-13,-0.0325793744187576,0.0056332454719163925,0.006031289911276938
2024-08-14,0.00012301169294216,0.003534580210917916,0.0025848426973441724
2024-08-15,-0.01444799297471206,0.0038153241455292706,0.001628828399384286
2024-08-16,-0.01978346302579418,0.0017089619764684041,0.0023101356582293344
2024-08-19,-0.03153120139854327,0.004777043009142578,0.00361472163488177
2024-08-20,-0.03450705854925738,-0.0031317325400899367,-0.00048666140243704305
2024-08-21,0.11847354979590358,0.00302363415325074,0.0030268899408406207
2024-08-22,-0.05691340238466554,-0.0026936565164207894,-0.0028568605230208906
2024-08-23,0.0053940125524069875,0.010747711226917638,0.009588960675078103
2024-08-26,-0.04346788253690146,0.0004952121240761897,-3.952638306209141e-05
2024-08-27,-0.03090975048204619,-0.0010930156648612992,-0.0006091839025149461
2024-08-28,-0.03884332721982819,-0.0031224301914310948,-0.0016273915238635152
2024-08-29,-0.011219441496090304,0.0015398605816356588,0.0008301895326571965
2024-08-30,-0.015219565447141587,0.0033087212224314913,0.002498384200075815
2024-09-03,-0.06719690421939195,-0.01102296531569042,-0.01189927786840438
2024-09-04,-0.0559145989072123,-0.006330396967828643,-0.0027985517687905983
2024-09-05,0.022518559422393405,0.0030247821681798175,-0.005456580264772982
2024-09-06,-0.016486488882115766,-0.015349838648802674,-0.00975994191873044
2024-09-09,0.05025698361253999,0.0056962452588806695,0.009588799993945513
2024-09-10,0.029730552511591585,0.0018770690733796564,-0.0014057802412082731
2024-09-11,-0.09521120404361871,0.003385593071314526,-0.002388171862250519
2024-09-12,-0.03221740121892341,0.011098867727245509,0.005105379296252615
2024-09-13,0.10751540432287064,0.0010603770886910959,0.006535586952782585
2024-09-16,-0.0341505408839678,0.00931374994282262,0.007681449888687366
2024-09-17,-0.05979731892915259,-0.002861074598276403,0.0008851553030011424
2024-09-18,-0.029476099953632758,-0.003234034362217599,-0.0010023898063968762
2024-09-19,-0.052643778044942545,0.015066825741269396,0.009102495842598871
2024-09-20,-0.07095890688707931,0.0028402021080862878,-0.002374936007917141
2024-09-23,-0.09314972930507906,0.010087971250123359,0.005779262439851221
2024-09-24,0.04778549104513712,-0.0015887032810401136,-4.7522152782459817e-05
2024-09-25,0.09448489248671042,-0.00725471276731054,-0.009414101346929217
2024-09-26,-0.010149889270049875,0.007127638257177929,-0.00025422333048435465
2024-09-27,0.051106710687554555,0.003951252688278464,0.005245292835977817
2024-09-30,0.08169467119878887,0.002441632267143841,0.004086018365425804
2024-10-01,0.005558367991209782,-0.0015406389009274904,-0.0017582084802566366
2024-10-02,-0.019417234023491093,-0.0014820595108003432,-0.0003410886090392494
2024-10-03,0.021087071503108307,-0.0029093647139340237,0.001232680045324623
2024-10-04,0.018672144920243532,-0.004233955079401202,-0.004280146677699076
2024-10-07,0.10368272217277705,-0.006680033264992003,-0.007337599475156952
2024-10-08,0.1680768804493802,0.00513228693207527,0.007846847541938241
2024-10-09,-0.051096665093138635,-0.0021458066361236673,-0.004502509739260765
2024-10-10,0.1571546437286471,0.0019486910808133335,0.00958174105078384
2024-10-11,0.04410088616381519,0.0030279939649693077,0.001620596643337207
2024-10-14,0.1678608834866848,0.0013368189150489453,-0.0004677501362870696
2024-10-15,-0.08878608876894781,-0.0003031646844191673,-0.008735832657679942
2024-10-16,0.14130195469507487,0.003560476715942104,0.0014916254606510942
2024-10-17,-0.039614709528033046,-0.005359304881599807,-0.0046931752648313825
2024-10-18,-0.009859407341727945,0.0006296472093625678,-0.0028716753467998555
2024-10-21,0.05249231989290682,-0.005893026490790586,0.000351623667335374
2024-10-22,0.08986350103351375,0.00237842558077332,0.00518869520531881
2024-10-23,0.03994179279190323,-2.2495869101227923e-05,0.0007880462320494724
2024-10-24,-0.024000514838649435,0.004638007665805427,0.0074896132171263854
2024-10-25,0.10398629874578134,-0.0002193806207834972,0.004736216726980591
2024-10-28,0.195839585135302,-0.0013967886630011854,-0.003837437590701626
2024-10-29,0.07926633414056239,0.001192347229192588,0.004193809269001091
2024-10-30,-0.20278233922709915,-0.005131997789308999,-0.012882491353026732
2024-10-31,-0.10717711670478504,-0.01331283450817151,-0.01923073235074099
2024-11-01,-0.12336171303438513,-0.0039691548368156115,-0.011280112545269524
2024-11-04,0.11337423976831613,0.004388595999251371,0.011203296784563388
2024-11-05,-0.010212522965418181,0.007232847629742608,0.00594410410500224
2024-11-06,0.055865320939564464,-0.0029933804281677694,-0.005354481860853531
2024-11-07,-0.20885311554993094,0.007100781771690043,-0.0015824509753492651
2024-11-08,0.13875430798172345,0.004938954033601673,0.01441471262132971
2024-11-11,0.04360463411019811,-0.0010932193044547334,-0.00015991757260134658
2024-11-12,-0.08064439628612124,-0.009040539355742552,-0.012370189574632361
2024-11-13,-0.04555293840997556,0.00030775222109558585,-0.0005800067902992215
2024-11-14,-0.06159515381754535,-0.0032005165837476965,-0.0070469617373799115
2024-11-15,0.037115147252846425,-0.0016128438563571621,0.0010761625997753627
2024-11-18,0.1522646098300966,0.004233292232758735,0.01063811989775463
2024-11-19,-0.08081684448607403,0.0011462346035293468,-0.000941738082023057
2024-11-20,0.007708232012994439,-0.0005753252891689498,0.0002120777203247937
2024-11-21,0.012547139546118344,0.004189482558719832,0.003912958552597134
2024-11-22,0.008335923670472466,0.004641747850704908,0.003734364121094054
2024-11-25,-0.000541420184805237,0.007342458688636736,0.00897987457053189
2024-11-26,-0.006964084097512976,-0.0005568897144333377,0.00035561317279589046
2024-11-27,-0.0026660436014211155,0.002331503059131377,0.003506145676673747
2024-11-29,0.03533184885638557,0.003443385383568914,0.0019703681280818595
2024-12-02,0.025006576936528597,-0.006372271447032475,-0.003915671848434722
2024-12-03,0.03233502606831741,-0.002378828952667775,-0.001325824041565264
2024-12-04,0.042636720458684725,-0.004022987135085931,-0.0003229703357800028
2024-12-05,-0.039143595149626675,-0.0003522676443394374,-0.002602992055858828
2024-12-06,0.026510905243909547,-0.0028285967961838004,-0.00021961451272446117
2024-12-09,0.015683353527531207,-0.0010187765744639505,-0.0008755051308502271
2024-12-10,-0.03073643754376644,-0.006607752458584321,-0.007221311481641591
2024-12-11,0.05560488668874529,-0.0006979842244791705,0.0013684105491518644
2024-12-12,-0.00095961119143106,-0.0037049794359706838,-0.0031324890691002767
2024-12-13,0.00922727885458851,-0.002904755416821707,-0.0005102281020872315
2024-12-16,0.04674705210142582,-0.0044920761733783605,-0.0003382334043970419
2024-12-17,-0.011721154168270803,-0.0039277213300552725,-0.0042824526169023165
2024-12-18,-0.06641700580914003,-0.026118003721856117,-0.02818296233203013
2024-12-19,0.002289882271889252,-0.0078916450039262,-0.006297761997511076
2024-12-20,-0.016999531205490352,0.010609314599595994,0.00983024408288383
2024-12-23,0.013830968704097642,0.002420473748744551,0.0031930970231070586
2024-12-24,0.015289807962137855,0.006062126632572,0.007207732950995276
2024-12-26,0.031223015046283928,0.0008770059628972482,0.0025170102178713703
2024-12-27,-0.023483371079848457,-0.005251659543618912,-0.006891570265105159
2024-12-30,-0.04873560368664291,-0.0025401463017064923,-0.007183551760293881
2024-12-31,-0.0006402214657689502,0.004449553997451791,0.002769787846370242
2025-01-02,-0.0018464409991615258,0.002873033307182946,0.006720326461198287
2025-01-03,0.016076221662885408,0.0049322320188913355,0.004192813094392479
2025-01-06,0.04126954156372225,0.0023532926078905212,0.0027618794246181484
2025-01-07,-0.024378359718119632,-0.001652327049147642,0.0008094016044802589
2025-01-08,-0.01698733135863938,0.0003874166377364042,0.002773789802566278
2025-01-10,0.020177972514738806,-0.006475183502697665,-0.002125808874142284
2025-01-13,0.19648234055616523,0.01648011074966412,0.012951739404574027
2025-01-14,-0.07486842509791608,0.0015264056843251174,0.007457548738804494
2025-01-15,0.035522946731538683,0.012518544971065975,0.013805051879357481
2025-01-16,0.004362914814721723,0.0034269725997839455,0.005680501699213516
2025-01-17,-0.021583599835640007,0.001605354918905988,0.002066767108400542
2025-01-21,-0.10078327980662788,4.980739714481231e-06,0.0005341287360307318
2025-01-22,-0.050895064828796854,-0.009118055044529137,-0.009428933412552989
2025-01-23,-0.0013886553781570794,0.0027573411746575184,0.0032720652974879824
2025-01-24,-0.0230605460800851,-0.001176268057609339,-0.0034499902709183025
2025-01-27,-0.08895878036553519,-0.007143439738939612,-0.01016139040313892
2025-01-28,0.0148889563465574,-0.003646890052479017,-0.006830255404801295
2025-01-29,0.06154755237567293,0.0018445465445187884,0.0009411366927214121
2025-01-30,-0.01313395581402741,0.004911932789936654,0.005294643972638494
2025-01-31,0.006534950297076928,-0.011506937224310726,-0.018266328103658254
2025-02-03,-0.029115893133193106,-0.008132388803910925,-0.0033592947333223808
2025-02-04,-0.005351171556325927,0.002200036956981806,0.003838730524913316
2025-02-05,-0.007311283685910046,0.006132092421055502,0.006881666703830873
2025-02-06,0.06033738808298329,0.007201765838968021,0.00173181275120366
2025-02-07,-0.03395951038439337,-0.011271444670419396,-0.007245773354759121
2025-02-10,0.001696520005586476,0.003985015205153962,0.0032601885605155066
2025-02-11,-0.02489597652246723,0.00026179626968322585,0.00012077327539184879
2025-02-12,0.001829441242147728,-0.004706625980137362,-0.004038516530455678
2025-02-13,0.007964413056119543,0.009259136560727663,0.009098762123474427
2025-02-14,-0.008052304521140401,-0.0032389078147554407,-0.00028733163500871807
2025-02-18,-0.03378667686046874,-8.377796489289404e-05,0.0004348222812143185
2025-02-19,-0.029605612326343983,-0.0018411046387796376,3.748818051392723e-05
2025-02-20,-0.013248005555013698,-0.0003888523365075951,-0.0002211642430138512
2025-02-21,-0.028641276244825074,-0.0101256331103958,-0.004938595287954892
2025-02-24,-0.04277723216839949,-0.006330437102555457,-0.0018661961206592756
2025-02-25,-0.06794150058139177,-0.004601415936557017,0.003260204615747066
2025-02-26,0.026707986294236676,-0.0005310673036814675,0.0005488276238357596
2025-02-27,-0.027039348700011262,-0.006637368824074938,-0.005648734789167752
2025-02-28,0.012264308754551836,0.007918660362645723,0.0042395853680176595
2025-03-03,-0.033999530815172256,0.00198140217614539,0.0012838000623432
2025-03-04,-0.03767140574574453,-0.006505860710579796,-0.0026530569476612546
2025-03-05,0.01767274272872983,0.006196002113932978,-0.002185208903632852
2025-03-06,-0.029543454352077263,-0.012663501651191502,-0.0031721285633118505
2025-03-07,0.022446298664112126,0.003692335722161123,-3.492714085190727e-05
2025-03-10,-0.10458087782300499,-0.007131385717127556,0.0023782745778880517
2025-03-11,-0.01689508844054331,-0.00690481789066506,-0.0038255416365691906
2025-03-12,0.022798217120150573,0.00026292535799551134,-0.0021913570143522083
2025-03-13,-0.041437760800202436,-0.008351636272486865,0.001336734345671892
2025-03-14,0.050925318537921926,0.010160991457538475,-0.00038247522918009814
2025-03-17,0.01646233045320235,0.008950681114348378,0.0017468560002324468
2025-03-18,-0.020926646581260394,-0.0028183035702311035,0.0008492811655715995
2025-03-19,0.023742887129430436,0.0036563902377804375,0.003570831518487986
2025-03-20,-0.02514346892447082,-0.0017241103492647125,-0.0003174505610836744
2025-03-21,0.00954927995485412,-0.004781398151514855,-0.001627568474567605
2025-03-24,0.03487665023122174,0.0051977776272476885,-0.0027781314208102617
2025-03-25,0.08042937190431794,-0.0015094923266333214,0.0004740774742937519
2025-03-26,-0.0768508130800958,-0.0029383703783604225,-0.003235864780164596
2025-03-27,-0.027184270497434805,-0.002181824754931161,-0.001059307323015449
2025-03-28,-0.022230319361701712,-0.0012414915733048718,0.004518239093729459
2025-03-31,-0.012555158566768492,0.003254579129777009,0.00217806718999526
2025-04-01,0.03341558217799147,-0.00792155195176625,0.014749930165239622
2025-04-02,-0.06700116872713673,-0.008611690600606499,-0.02202387445567219
2025-04-03,-0.0205628444903878,-0.01116694858695253,-0.05114275833949538
2025-04-04,-0.07049774396051789,-0.06481781189700112,-0.0757741296524926
2025-04-07,0.011135673149272612,-0.018511480734557828,-0.0008265552977314676
2025-04-08,-0.0363629031240963,-0.029920569965353912,-0.026003985446876536
2025-04-09,0.2031289949241793,0.10367781119989725,0.11232350268853128
2025-04-10,-0.0701046975386762,-0.049480842124870764,-0.061287324761234795
2025-04-11,0.0062686246268190355,0.011019418995212938,0.016278592566376506
2025-04-14,0.0022207926491544096,-0.016356622979618995,0.003521958793212723
2025-04-15,0.049323215114348944,0.0068661373375656885,0.016084944818174872
2025-04-16,-0.010486060552115702,-0.015276785469642213,0.0020179169787113375
2025-04-17,0.10685319577656528,0.0284767995593313,0.04945735211186816
2025-04-21,0.016568161046596867,-0.02452832467693363,-0.009694773593427679
2025-04-22,0.04844655638664122,0.01483280739885829,0.03083366103074314
2025-04-23,0.10526561352237973,0.026369780702418102,0.034286913599117466
2025-04-24,-0.0069036987713152285,-0.0017604783816247019,0.00707693316161358
2025-04-25,-0.0001311389719664989,0.00477204301710643,-0.00043417661059893473
2025-04-28,-0.010039320021091633,0.019620618550940144,0.0008325686279562207
2025-04-29,-0.029665830635843434,0.0005840901607071926,-0.01190452673765503
2025-04-30,-0.016791496940033773,-0.006006042952742609,-0.02099898250148984
2025-05-01,0.007396903567616773,0.004837981219184982,0.0004131803082603753
2025-05-02,0.028551015705723336,0.013030873047385816,0.0068148162814517625
2025-05-05,-0.04405613191958869,-0.005164101951636018,-0.003939562798810076
2025-05-06,-0.017710616786432345,-0.007167682201316869,-0.002700233123761675
2025-05-07,0.01580213647940745,0.008619588281651592,0.00491313901758961
2025-05-08,0.035754311816361614,0.0004939732865161498,-0.001459382067072716
2025-05-09,-0.00844251833944755,0.005210682912597423,0.003023276826556582
2025-05-12,0.029251758599091217,0.012016859820126565,0.005989911402494386
2025-05-13,0.024069789961287894,0.00023736689995321796,-5.979596116497074e-05
2025-05-14,-0.010740570106560111,-0.007276629268715906,-0.00670300809698828
2025-05-15,-0.03630783374870993,0.002478618133847214,0.004122912587722392
2025-05-16,0.02423001877849678,0.0036077400079193313,0.0026067072137887204
2025-05-19,-0.020947842172670258,-0.006170985185741806,-0.003564579648580189
2025-05-20,-0.006334779943646302,0.007286345403704389,0.003238965790708553
2025-05-21,-0.016681321205525027,-0.012998687668240416,-0.009839908272275193
2025-05-22,0.0038462416783948783,-0.0011649939354336323,0.00026940045928667395
2025-05-23,0.04225079320086035,-0.0010360757058648041,0.0011931863644845848
2025-05-27,-0.09325644623982554,0.014131516539152575,0.008968463556608349
2025-05-28,-0.06256013491796021,-0.009903634026742962,-0.007742280752929076
2025-05-29,-0.027569296710636283,0.002527004245157349,0.0024851265943681058
2025-05-30,0.021522073117880507,-0.0012991720826056718,0.00030717051961456405
2025-06-02,0.0035697149790494325,0.004967859264867307,0.002375208344881428
2025-06-03,0.019712262549740303,-0.0013844820378467518,-0.0019529295775095865
2025-06-04,0.0011638948978209902,0.003566456035685974,0.005636688035819889
2025-06-05,-0.07343474884596946,-0.0025707372017579563,-0.002618112592456507
2025-06-06,0.03624656249243601,0.0004776661951595676,-0.0023951501401675186
2025-06-09,0.013793564556453244,0.001688115913540992,0.0017193125833932928
2025-06-10,-0.012724436120139277,0.00344129192947392,0.002104053068793729
2025-06-11,-0.016646224176147136,0.002967288394634323,0.002234922182005742
2025-06-12,-0.025721595838711135,0.004584275397049582,0.004296998237747527
2025-06-13,-0.018556295906200716,-0.004594903583337585,-0.0058644269810059655
2025-06-16,-0.03921878251600776,0.0013687522121644986,0.0008680312791591822
2025-06-17,-0.007594877745117761,-0.0023288431086366493,-0.001627872165158708
2025-06-18,0.002976463592170563,0.0028414562665591697,0.00273423424036558
2025-06-20,-0.036195035651518145,-0.0028889668968276874,-0.0025659129051910203
2025-06-23,0.0024059651479209575,0.0015603920607132245,0.0036909949778725333
2025-06-24,0.0160937220141147,0.006421956452601749,0.006808757673204498
2025-06-25,-0.023978440328903762,-0.0014786817056581766,-0.0007944290224127692
2025-06-26,0.004734832571130847,0.007944099203614488,0.006041826951626177
2025-06-27,-0.021084423891566655,0.0008640548986436586,0.0004914767396258441
2025-06-30,0.033047777555164824,0.002376603093018261,0.0033756070262846685
2025-07-01,-0.015218186934575505,0.0031406714085584282,0.00292282835668017
2025-07-02,0.02436908759497047,0.002647667946226742,0.001804919607171255
2025-07-03,0.03815075766893107,0.003381079665369055,0.003429525460777767
2025-07-07,-0.011303804686551563,-0.009864791078701744,-0.007016523633106064
2025-07-08,0.025874194182924554,0.0014211918441403098,-0.0006307861189906818
2025-07-09,-0.010634953610361184,0.0037961716610864196,0.004355894714828837
2025-07-10,-0.004131522357749815,0.0023407220369504552,0.001972215527296587
2025-07-11,-0.01975328943218485,-0.005483220281424349,-0.004988098216385115
2025-07-14,-0.011845162274173803,0.001142403981413398,0.0010082618526900695
2025-07-15,-0.017636399497774437,-0.006980992504513263,-0.0060181377096457985
2025-07-16,0.05025188492505352,0.0032589607849540644,0.003345214437519087
2025-07-17,0.011427901542450516,0.004503224709691297,0.004038295105825343
2025-07-18,-0.023446698449579778,-0.001637300971014392,-0.0007241131299444741
2025-07-21,0.02752589562582469,0.0032155643992580916,0.0024037551492954346
2025-07-22,0.029117291634538498,0.003324724632715125,0.002904873721625943
2025-07-23,-0.011954216850308029,0.010325507662721058,0.006525738686822448
2025-07-24,-0.022099823040215936,-0.0016001807915673335,-0.0013079762180184845
2025-07-25,0.0019151331755420187,0.0014093795705675276,0.0027080779826167685
2025-07-28,-0.017032901142592014,-0.004069284273996221,-0.0024631127979119127
2025-07-29,-0.0469913551199753,0.000821994829345867,0.0007780165988318013
2025-07-30,-0.00294796523931881,-0.0031641355447587353,-0.0026985506589812724
2025-07-31,-0.009546795105736547,-0.00468303122416269,-0.003871437302809267
2025-08-01,-0.03540900934537396,-0.010704037530918514,-0.006484598257578667
2025-08-04,-0.001452064219492298,0.01279788754066126,0.007223514510956713
2025-08-05,-0.026804923328033917,-0.0036503187244828054,-0.0015498886236738842
2025-08-06,-0.007702636950339846,0.00494607392137928,0.0013735762838113117
2025-08-07,0.04914182629914221,-0.0016667222610830586,-0.0013014330047432983
2025-08-08,-0.00724204239546747,0.005931820743385511,0.0033916446988035195
2025-08-11,0.013009754847243149,-0.0017020645933257964,-0.0015407505320381202
2025-08-12,0.01177092342145498,0.009049545856587496,0.005715429592996737
2025-08-13,0.0277898332628895,0.005198022588258367,0.005511863370224669
2025-08-14,-0.018296887316424003,-0.00018529513190210638,-0.0011203335018184033
2025-08-15,0.045547696757957785,-0.0022566726449246514,-0.0015726962408697377
2025-08-18,-0.004691115103722965,6.360036355339952e-05,-0.0008944074727892953
2025-08-19,-0.04965904169861636,-0.0016986588586030986,-0.0010012105052819378
2025-08-20,-0.01807153448430744,-0.0008168228874432546,0.0004939279009701368
2025-08-21,0.017230060531939026,-0.0038512201900802413,-0.0019319278583997067
2025-08-22,0.02663481038961756,0.012790869239292062,0.011868054629490312
2025-08-25,-0.033265949152814514,-0.005723862650304748,-0.0031860497450204722
2025-08-26,0.047611761747406174,0.0035506878575518727,0.00168339178690562
2025-08-27,-0.009489281650689395,0.0018681593233884203,0.0025085769684025675
2025-08-28,0.00229206643401082,0.0028103802609757973,0.003992464983111204
2025-08-29,-0.021360848294737077,-0.0037213491170893435,-0.0020820861944998497
2025-09-02,-0.023603508119879383,-0.0025569712282277166,-0.0012463906701735347
2025-09-03,-0.006236560070437365,-0.0060033174927707905,-0.012674159518881494
2025-09-04,-0.010705138874392853,0.005247122079401165,0.004894813645658939
2025-09-05,-0.004848547409580011,-0.005752571468624009,-0.014021560431629464
2025-09-08,0.020308889568372346,0.0017032260552319954,0.001956457553809347
2025-09-09,-0.007830812786275657,0.0012975864225325028,0.0034649260736472603
2025-09-10,-0.000580440583489831,0.008017604045691087,0.009484562697903692
2025-09-11,0.0023526982735257137,0.0027808302372478947,-0.0027871111294483645
2025-09-12,0.003469239108849363,-0.0027101444265575287,-0.0032622061854825973
2025-09-15,0.025376592802564615,0.0014970494169666705,0.0031128346590805663
2025-09-16,0.0016379041018347508,0.006143219890806151,0.014166808358387932
2025-09-17,-0.02914948953712841,-0.0010939492556908295,-0.0017026833560680145
2025-09-18,0.00027901838304920137,-0.0008339976147306176,-0.005126722901275905
2025-09-19,0.02698572070531268,-0.0030668141526605662,-0.008065352200983816
2025-09-22,0.008178059708585473,0.0006197167595677122,-0.0029888877981893583
2025-09-23,-0.006122358525820113,0.005631839482914528,0.013214370825093916
2025-09-24,-0.02426985497922942,0.0022962594026152217,0.006706216220773782
2025-09-25,-0.009492786954176685,0.0012711166670912022,0.006814787387930901
2025-09-26,0.006380527678701947,0.004818332366235333,0.005876290589642563
2025-09-29,-0.0013316137415636741,-0.005553911436679361,-0.009771729919473424
2025-09-30,-0.026338615035575528,-0.00401436270130438,-0.006955275630016074
2025-10-01,0.011613817332682205,0.004106088082122797,0.004601811232888003
2025-10-02,0.031336166774005844,-0.001298944749002234,-0.0030662415598467093
2025-10-03,0.007490864051653473,0.004519463122556786,0.002945302848076626
2025-10-06,0.014958265323027997,0.0033524860112468333,0.0030698621180381583
2025-10-07,-0.030805080167116035,-0.003899341250246749,-0.000763218900139229
2025-10-08,0.012415867795617694,-0.000705428290444631,-0.0029356080820526617
2025-10-09,-0.010780241375511205,-0.005736331411623751,-0.007050139594596132
2025-10-10,-0.060483690209286234,-0.02361131461568742,-0.0209914659732426
2025-10-13,0.03442797795727988,0.011577178232495123,0.01027278900157601
2025-10-14,-0.015344116817200746,0.0019560334042019478,0.0007050469583392787
2025-10-15,-0.0004224186635578276,0.007221067363929574,0.004587670410150488
2025-10-16,-0.0281277171737987,-0.003666774915848012,-0.005363054758167807
2025-10-17,0.023628700254881067,0.005311186593622818,0.0054695335612480415
2025-10-20,-0.00935538532424849,0.013397825725364777,0.013671794725122428
2025-10-21,-0.001679448771867052,-0.003168660281973125,-0.0014612786261847344
2025-10-22,-0.01694293166038802,-0.000189684939278915,0.0014137096358893412
2025-10-23,0.014390905510609276,0.00399018041664916,0.0044300671861048045
2025-10-24,-0.003438684624345496,0.0033930713179061655,0.0009586078183008715
2025-10-27,0.011279859661548838,0.00811568990945905,0.0062025828971603095
2025-10-28,0.006718094271912906,-0.004318813718269329,-0.0061283950940300945
2025-10-29,-0.010315792567852722,-0.005089029840229413,-0.0032443834947591945
2025-10-30,-0.03702543293749523,-0.0025762872965492266,-0.0009242047038387467
2025-10-31,0.00014650041709873336,0.0038159642240602086,0.004629533014043973
2025-11-03,-0.04763472029217911,-0.0011656580971776578,0.001921259131183581
2025-11-04,-0.044295179596234385,-0.0071151089110987765,-0.007831896309166557
2025-11-05,0.023035396135621243,0.002892601867815953,0.0015707709487681597
2025-11-06,-0.053592563582038344,-0.0018369772372559036,-0.003906524768248615
2025-11-07,-0.015248706938352886,0.004354314445109031,0.00045260342531403035
2025-11-10,0.023592069316834312,0.008619820667362122,0.010487582781226941
2025-11-11,-0.03498394072807703,0.007075941375022752,0.003760504280605459
2025-11-12,-0.01859756991291737,0.0016032827685377071,0.0033045384651543214
2025-11-13,-0.04426465232393254,-0.00908916038950183,-0.012305757053214513
2025-11-14,-0.07227315369878574,0.003346774904095137,0.00038839503275617634
2025-11-17,-0.01914181859165495,-0.011926591633245186,-0.009528033313885593
2025-11-18,-0.006565471079341668,-0.0037464124734916185,-0.007656045045862049
2025-11-19,-0.04066259962905197,-0.002172498839326755,0.002153097189497733
2025-11-20,0.00439410708011394,-0.011072266278258157,-0.011573320687129416
2025-11-21,-0.0009192682859503633,0.011913353997531184,0.01130011361361858
2025-11-24,0.023016965220874885,0.0043353087651027975,0.0074295197473086445
2025-11-25,0.012937157726642896,0.007778784437471182,0.006737568300030878
2025-11-26,0.0286543027080734,0.008620665083710009,0.008456981245760008
2025-11-28,0.0393857035110137,0.005445115609050728,0.003904834654556632
2025-12-01,-0.04633973319651642,-0.007074356194778023,-0.006278720796126661
2025-12-02,0.01947041976291669,-5.7362845205422805e-05,0.0007403810922080807
2025-12-03,0.027081032594421035,0.007534733633032802,0.004308629061526446
2025-12-04,0.022275296654222274,0.0017013831204114778,-0.0007018706054893639
2025-12-05,-0.03296820063184157,0.000413917202336448,-0.0005061897593053869
2025-12-08,-0.021847781894234853,-0.011713186438373274,-0.0038900792429170977
2025-12-09,0.016028294200740787,-0.00538909480870181,-0.0014683798774361553
2025-12-10,0.0007712988830453015,0.004990586069305496,0.005884420552644394
2025-12-11,-0.03190727897839129,-0.008237343693939725,0.00014844465684178646
2025-12-12,-0.022453962928489047,-0.0070735984660732195,-0.005961680984871597
2025-12-15,-0.016521935651805483,-0.0014203846419037743,0.0003804430155318552
2025-12-16,0.02221137677567961,-0.002676293444797641,-0.0012576238669310714
2025-12-17,-0.021364717259489845,0.0013813766018834135,-0.0028310371898128987
2025-12-18,0.3807562788672848,0.029826418961285853,0.011045368525203584
2025-12-19,0.07557094558086702,0.006886717758996038,0.00289293864608634
2025-12-22,-0.09465296591822112,-0.008914868759954966,-0.0005650346310229717
2025-12-23,-0.015543290824627387,0.006668960836221386,0.0017113794795047654
2025-12-24,0.010141052530049264,0.0009597007297354677,0.0032570476494380267
2025-12-26,-0.03418066174066433,0.00043382451922092664,-0.0001334785154342612
2025-12-29,-0.03995671359406418,-0.0009136973771559149,-0.0006549500820256267
2025-12-30,-0.04057687991521792,-0.0032220484608301283,-0.0018562596107517212
