,disclosed,mean_variance,black_litterman
2018-02-01,1.0049948691913533,0.9890547414986947,0.9832229634318892
2018-02-02,0.9737109737329828,0.9847853388931908,0.9818821934624594
2018-02-05,0.9327464034596284,0.9462455547692155,0.9460840233836246
2018-02-06,0.9545874336194198,0.9723511371897849,0.9680716100948773
2018-02-07,0.9470171305267399,0.9660538745035347,0.9596866872684857
2018-02-08,0.9091693157156143,0.9238465619028374,0.9150960377612574
2018-02-09,0.9261719185965294,0.931537747482064,0.9250315391408576
2018-02-12,0.9489986855144115,0.9576817282680835,0.9484323203985495
2018-02-13,0.951485734280965,0.9686848186014466,0.9588228525110201
2018-02-14,0.9643334811676317,0.98548670806467,0.9766029737163594
2018-02-15,0.9749130720514616,0.9958341947927043,0.9841403171577802
2018-02-16,0.9730937969288311,0.9946191215597564,0.9817886248288712
2018-02-20,0.9682852128338649,0.9955696395744278,0.9847074631235229
2018-02-21,0.962672780735428,0.9947747049831916,0.9855100903509341
2018-02-22,0.9643780348294402,0.9950916773142634,0.9856639575681133
2018-02-23,0.9785322831920545,1.0061849794071143,0.9966388460881582
2018-02-26,0.9930201070178498,1.017575339699703,1.0111500024088067
2018-02-27,0.9820215519969411,1.0084392542737013,0.9999806498746652
2018-02-28,0.9703955848010746,1.0015418813812624,0.9924598343864205
2018-03-01,0.9581680356532438,0.9891216391588871,0.9776388637737408
2018-03-02,0.9624998529720545,0.9940605390112414,0.9830940366540283
2018-03-05,0.9708747746399944,1.0027855408133644,0.9934164584463016
2018-03-06,0.9692973307188244,1.005384307257004,0.9958578666677074
2018-03-07,0.9666985514542048,1.0028783608191936,0.9956897015817346
2018-03-08,0.972644230230586,1.0081410746667216,1.0013176742688763
2018-03-09,0.9903944212218427,1.0277895970778408,1.019357048092681
2018-03-12,0.9880295155947871,1.0339867034943113,1.025793490410555
2018-03-13,0.9770109798854278,1.0249047032648153,1.015633226758008
2018-03-14,0.9690033213452418,1.0186836004755708,1.0114330416998185
2018-03-15,0.9681443385833401,1.0180029052184467,1.0100302897697055
2018-03-16,0.9704627027160032,1.0136824573221348,1.00710476754213
2018-03-19,0.9605114558903535,0.999454287685652,0.9933166131211313
2018-03-20,0.9615177112251574,1.0049100889171176,1.0029354510641066
2018-03-21,0.9585910329202658,1.000039909883091,0.995737401658218
2018-03-22,0.9340160723039789,0.9801412124173136,0.9733001178869648
2018-03-23,0.9178375481910723,0.9602547897410859,0.948724294286674
2018-03-26,0.9440715459079241,0.9952162545822211,0.9845057474997391
2018-03-27,0.9289344403787306,0.9728856291316447,0.9577326082119715
2018-03-28,0.9269509177570364,0.9534803256291366,0.9378080110286093
2018-03-29,0.9382166626557578,0.9632999871033161,0.9487583708181118
2018-04-02,0.9208030145770776,0.9487368662510861,0.929332841807898
2018-04-03,0.9346763156019462,0.9646163070230236,0.9448114332873989
2018-04-04,0.9445814769855921,0.9717540780292061,0.9516598718816165
2018-04-05,0.9533990048927222,0.9799574374147759,0.95974966147646
2018-04-06,0.9340859740139741,0.966441267283655,0.946130060747687
2018-04-09,0.9392742432052786,0.9743394805767696,0.9485719997125652
2018-04-10,0.9529336380860619,0.9887240221025423,0.9584364429229525
2018-04-11,0.9465736009338884,0.991285424617938,0.9584679742535127
2018-04-12,0.9566946014109073,0.9942441103120263,0.9599558769317327
2018-04-13,0.9553325633824147,1.0033173155330404,0.9664822960636825
2018-04-16,0.9617239446223862,1.0130542247285714,0.9729850405351784
2018-04-17,0.968558512899686,1.0191020450063302,0.976697824312193
2018-04-18,0.9705953772641543,1.0223018368634567,0.9807056389786233
2018-04-19,0.9859613673273058,1.0146818094481493,0.9831042747514234
2018-04-20,0.9716848169910105,1.0023242779216759,0.9738431588383469
2018-04-23,0.9721037548008532,1.0035806782724457,0.9761792090468254
2018-04-24,0.9619371411898461,0.9946357185494292,0.9646050414530661
2018-04-25,0.9582463831135568,0.996526054315944,0.9609706789585515
2018-04-26,0.9662676138595241,0.9981134520226267,0.9653657158041945
2018-04-27,0.9656717597350597,0.9962134007577548,0.9729079458868659
2018-04-30,0.9627746668183439,0.997638428075527,0.9672430524610215
2018-05-01,0.9650990089503727,0.9983789270410968,0.9652392773699079
2018-05-02,0.9650090727617873,0.9957705876040124,0.9665155621601363
2018-05-03,0.9625737243461934,0.9988694760952672,0.9711403221837965
2018-05-04,0.9788108001183817,1.0036847227825123,0.9727620537151468
2018-05-07,0.981831322234047,1.0045251752219329,0.9712665902321601
2018-05-08,0.9872365667910687,1.0123769879071727,0.980826530722042
2018-05-09,0.9997268302923839,1.0334837066380453,1.0072087974285766
2018-05-10,1.0094680026812126,1.039586893751336,1.0135848224543198
2018-05-11,1.0108058188907012,1.0466680944238977,1.021977532510265
2018-05-14,1.0099908021660609,1.0452858638291909,1.0228561577843667
2018-05-15,1.004464743007645,1.039547883907452,1.0164802922314777
2018-05-16,1.0051350503972958,1.0399755874184655,1.01629490984129
2018-05-17,1.0079276489646343,1.0452416895167036,1.0261791403211027
2018-05-18,1.0018537790974427,1.0388357503868537,1.0172364497144344
2018-05-21,1.009870052135048,1.04732898495746,1.0254553236573307
2018-05-22,1.010881587483906,1.0423688935767361,1.0179917917227852
2018-05-23,1.0095441980166064,1.0470455790438404,1.0236351545992237
2018-05-24,1.005832797830434,1.0375493471514068,1.010633702929828
2018-05-25,1.0004448503491299,1.0208903298309708,0.9891002765377471
2018-05-29,0.9832525706862086,1.0112442380987257,0.9825509411922919
2018-05-30,0.9967774604095384,1.0322331333174335,1.0064816246131727
2018-05-31,0.9900491311692431,1.028317646580761,1.0042935402114768
2018-06-01,0.9970073457532055,1.0327731784884628,1.0101451141305047
2018-06-04,1.0037895163041233,1.0430759096711881,1.0218028828544086
2018-06-05,1.0028713030299892,1.0438017627255127,1.023942711492707
2018-06-06,1.0150540717309522,1.0521316525397326,1.0284984767717733
2018-06-07,1.0178665358572527,1.0499250233484316,1.024531621547542
2018-06-08,1.0177563598014014,1.0577375263048712,1.0333501193030759
2018-06-11,1.0201971087032518,1.0659353289573332,1.0441184344570034
2018-06-12,1.0193339797419478,1.0684728298832225,1.0489395397260126
2018-06-13,1.0143271952566058,1.0666276873898382,1.0477920091311146
2018-06-14,1.0109119079365048,1.069103690590362,1.0537374923056007
2018-06-15,1.0060255505696012,1.0743891549698135,1.0631218141333556
2018-06-18,1.00552979177248,1.0720198853514096,1.057551554446632
2018-06-19,0.9979406630395368,1.076445867045795,1.0668314334082207
2018-06-20,0.9956974810192953,1.0795634611053746,1.0733001256865429
2018-06-21,0.9909834666646402,1.0714015990007306,1.0652158821582471
2018-06-22,0.9942620118176633,1.077231681957123,1.0672038348678625
2018-06-25,0.988359134615666,1.0654458946622969,1.0560806680432762
2018-06-26,0.9909385647251904,1.0697617890286597,1.0605580847862124
2018-06-27,0.9862166996590881,1.0610657499979121,1.0484445585801438
2018-06-28,0.9917314578054595,1.0685238002601563,1.0589652592809131
2018-06-29,0.9937211659399704,1.0702411427088903,1.0605304977319983
2018-07-02,0.9960429938194858,1.0725900205062049,1.0601068225683756
2018-07-03,0.9892050860135386,1.0683846665343546,1.058560831923249
2018-07-05,0.997569924289494,1.080565623557343,1.0652885957686526
2018-07-06,1.0022742335719468,1.0841265959795128,1.070486877721187
2018-07-09,1.0161077435352623,1.094326399642463,1.0837644546218663
2018-07-10,1.0190126851403682,1.0997847826554314,1.0908769665894813
2018-07-11,1.0126634045889509,1.102818744934724,1.0788478617820092
2018-07-12,1.0213622650455274,1.115584919740168,1.0878482062275088
2018-07-13,1.018672867007949,1.1088959490107153,1.0864984652614433
2018-07-16,1.0223249808846484,1.1032075066834541,1.0860339272075232
2018-07-17,1.0266100629910635,1.1114984744695189,1.08943429932141
2018-07-18,1.0306632399375497,1.1214039416586161,1.09238864264352
2018-07-19,1.0212083358571176,1.109779132671212,1.0863313930837002
2018-07-20,1.0242963513403596,1.1127874449472288,1.0876136922955766
2018-07-23,1.0284411741191744,1.1139169038322885,1.086346528328292
2018-07-24,1.0351882356072564,1.120750664844626,1.09653155596869
2018-07-25,1.0454468463468265,1.138676056977332,1.1090289623996379
2018-07-26,1.0441712133782275,1.1275018134121302,1.1073226266209935
2018-07-27,1.042207493923472,1.118808870975307,1.1082391364107949
2018-07-30,1.0337438665596974,1.0969891320170893,1.106649679279123
2018-07-31,1.0294704455265575,1.0965318811230134,1.1058050405831705
2018-08-01,1.0384739706266455,1.0977777094042112,1.102510883306683
2018-08-02,1.0436680770367899,1.100311250183561,1.0989685594183431
2018-08-03,1.0531727294393836,1.1110375431989676,1.1069762767612126
2018-08-06,1.0527822495613612,1.1086939333116883,1.106713293979615
2018-08-07,1.0542479752192122,1.1102125729715813,1.1079354554530436
2018-08-08,1.0543243277553231,1.1097238852166735,1.1043436855890616
2018-08-09,1.052243395824894,1.106959959973904,1.1001310886406868
2018-08-10,1.0454407543815976,1.0974134866159713,1.091549910328232
2018-08-13,1.0413657106308178,1.0887329830619024,1.0814175689796264
2018-08-14,1.0459814662650897,1.0901071102271722,1.0780516151691006
2018-08-15,1.0364331547984744,1.0802785389337692,1.0680020103491774
2018-08-16,1.0477454117029918,1.0902947928302562,1.07891496046713
2018-08-17,1.0541772696575153,1.0919057481439003,1.0787771132423183
2018-08-20,1.0557605816575037,1.0956686232788673,1.0837960186638358
2018-08-21,1.0566600687139038,1.0952882028323838,1.0846885824382413
2018-08-22,1.0586149220745296,1.092301344264793,1.0781982234917145
2018-08-23,1.0553312781057744,1.0894178250681652,1.076264181603219
2018-08-24,1.060229273671628,1.0964087039699848,1.0848800005789663
2018-08-27,1.070544614316589,1.1067144300288652,1.0959006262199114
2018-08-28,1.0706180532105458,1.1037096704298603,1.0934920153767347
2018-08-29,1.0729264554656042,1.1056846606914559,1.093421362364013
2018-08-30,1.0685683689249057,1.093537459261481,1.0846451896915401
2018-08-31,1.068198696678722,1.0915534445507544,1.0817552385681173
2018-09-04,1.0714695090467212,1.0966237056744792,1.086827821033793
2018-09-05,1.067560817098826,1.0817069348289046,1.0684594967512513
2018-09-06,1.0605549202237115,1.0776206040721792,1.0660495952624007
2018-09-07,1.0592219621752919,1.0727029471433813,1.0597131817961853
2018-09-10,1.0608796113341583,1.070814008296249,1.0567140457626472
2018-09-11,1.0694564911661912,1.0834521582846197,1.0709867891394107
2018-09-12,1.0656526586830144,1.0785915692403387,1.0699699251842785
2018-09-13,1.073950622790527,1.087803003721373,1.0835839082849843
2018-09-14,1.0779894721684353,1.0887406009109053,1.0835709358611496
2018-09-17,1.0702948137273613,1.074710476703838,1.0637933559389532
2018-09-18,1.0718427268927275,1.0819548942508272,1.0729526496343544
2018-09-19,1.0783172414257465,1.085831965239673,1.070548024547065
2018-09-20,1.0865660720815042,1.0961838185473929,1.0807204230054996
2018-09-21,1.0826227082962487,1.0906703126930375,1.0728772251927419
2018-09-24,1.0809405896380795,1.0891060751992916,1.0770084170644707
2018-09-25,1.0799844635099243,1.0929259446654747,1.0787735373518539
2018-09-26,1.069960718839961,1.0856108235609492,1.0754106853716559
2018-09-27,1.0740402863144716,1.0923785648684827,1.0850029204254397
2018-09-28,1.068316717241405,1.0888356898941058,1.0790884266651377
2018-10-01,1.0778431739464571,1.0972992364169871,1.0879124290733788
2018-10-02,1.080049440177633,1.0949232251339422,1.0825591254908649
2018-10-03,1.0822467701954914,1.0930117924821094,1.0811872398651838
2018-10-04,1.0775412062097791,1.078265798107743,1.0642843158118065
2018-10-05,1.071277870951559,1.0712256124122828,1.055347065682423
2018-10-08,1.0728559124539208,1.0632711676488438,1.0449611303285624
2018-10-09,1.0745413482145805,1.0692662208974573,1.0515232572365991
2018-10-10,1.0403539525062528,1.024562868513729,1.0026446851074666
2018-10-11,1.0177803548439956,1.0056825777300828,0.9848286327923619
2018-10-12,1.0305136056886128,1.0283748289286956,1.0115713734761365
2018-10-15,1.0194449167012238,1.0131576238502222,0.9943902474309981
2018-10-16,1.0363360090457736,1.035548759452217,1.0188048936813001
2018-10-17,1.0398903680932277,1.0352386679775902,1.0174365926104014
2018-10-18,1.025140197242548,1.0222928993144076,1.0016385612184473
2018-10-19,1.042313046135445,1.0270819512571168,1.0038783246833627
2018-10-22,1.030877679654112,1.027031712193269,1.0061835997530841
2018-10-23,1.0268414936563837,1.0185254517591922,0.9975464699996889
2018-10-24,1.0023832039392149,0.9920027024043311,0.9642655086189041
2018-10-25,1.0154749884383234,1.0156066927855159,0.9944274292291779
2018-10-26,0.9968950244828021,0.9984536489871293,0.9715639380572004
2018-10-29,0.9915626812851656,0.9806422169682383,0.9481640974138371
2018-10-30,1.0018463949769216,0.9847802045069418,0.9486119415184889
2018-10-31,1.0154133648447479,1.0092199991365873,0.9761463822857174
2018-11-01,1.0262864261784268,1.0168906363703851,0.978990600225584
2018-11-02,1.0138289087231336,1.0070668200439,0.9718646855279769
2018-11-05,1.0219713999071098,1.0180965721099113,0.9803100928046132
2018-11-06,1.0293124264491857,1.0260479084986496,0.9885611746560923
2018-11-07,1.04928059945323,1.0407023433742852,1.0063245937089467
2018-11-08,1.0501049112827998,1.0427963837754253,1.0009093110778733
2018-11-09,1.0449284335514546,1.042565340196505,1.0013901426216234
2018-11-12,1.0213592858010212,1.0309751014399433,0.9928763359293781
2018-11-13,1.0186502672307556,1.0323289280325043,0.9894493385316172
2018-11-14,1.009831546216351,1.0272151564908087,0.9851100945111364
2018-11-15,1.0268880024221112,1.0367298371805316,0.9912814553626944
2018-11-16,1.0309529951512315,1.0376899810767357,0.9943123248891695
2018-11-19,1.0205416306642303,1.0299037427773081,0.9884747173528438
2018-11-20,0.9958154102288417,1.0123201446150711,0.9670446586498995
2018-11-21,0.9993191069416034,1.0095107847692866,0.9619346334315882
2018-11-23,0.986797246516409,1.006700959197717,0.9610814278422487
2018-11-26,1.0059738530421662,1.0196198830029437,0.9683110348055289
2018-11-27,1.008441816591842,1.026560918475757,0.9767825599018192
2018-11-28,1.0337476254243614,1.0441864931689167,0.9931855021052198
2018-11-29,1.0253075753537624,1.0351719715111567,0.9867450823678814
2018-11-30,1.033128285305106,1.0538563853201137,1.0061953776827
2018-12-03,1.041283192926194,1.0745472859645373,1.0120207507136303
2018-12-04,1.005142613365278,1.0265256047386675,0.9747524357254812
2018-12-06,0.9977774942416407,1.0233852212911816,0.957356459861109
2018-12-07,0.978518922819487,0.986791041315651,0.924358032651153
2018-12-10,0.9723901275589454,0.9835030699957205,0.9166527549758796
2018-12-11,0.9700778960006501,0.9827918787758968,0.9141063346083269
2018-12-12,0.9768617973369648,0.9949584414184542,0.9261871385816008
2018-12-13,0.9787014383579099,0.9984222903960378,0.9333714242725142
2018-12-14,0.964922588676205,0.9714327963059464,0.9120311738332033
2018-12-17,0.9452682025629815,0.9412911412599593,0.8898577555141196
2018-12-18,0.9436984311728649,0.9400469229284416,0.879249743722196
2018-12-19,0.926601311553132,0.9141407518001888,0.857143216323665
2018-12-20,0.9081199171083533,0.8910428733373854,0.8343522986148437
2018-12-21,0.8834816100911081,0.8567659078333764,0.8101742353399966
2018-12-24,0.8596349873948552,0.8381647528208198,0.7914751393346416
2018-12-26,0.9044937028104184,0.889431937824141,0.8278303983699552
2018-12-27,0.9126057971357532,0.889255571236729,0.8321319066131299
2018-12-28,0.9097767390572372,0.8894831910728332,0.8285041488236518
2018-12-31,0.9165152977219101,0.8995828522386414,0.8365888390660846
2019-01-02,0.9202462911012591,0.9063538202250876,0.8414177099617139
2019-01-03,0.8914414794079942,0.8849210108154069,0.818901335108732
2019-01-04,0.925194196113156,0.9185430038264762,0.8515935572450987
2019-01-07,0.92736307369037,0.927374849203514,0.8541371933798491
2019-01-08,0.9332294654371082,0.9308353819204319,0.8555504501184782
2019-01-09,0.9376662119172858,0.9383500605757713,0.8631543688424423
2019-01-10,0.9405166809070276,0.9447973588224899,0.865862735741568
2019-01-11,0.940822334306891,0.9415076929117903,0.8626295628888747
2019-01-14,0.9387549881946355,0.9405032479868041,0.8616998614327077
2019-01-15,0.9465188098809925,0.9581201763425153,0.8732009221703894
2019-01-16,0.9590140674575864,0.9657971037552544,0.8844687172968845
2019-01-17,0.9647906680671129,0.9720288418305036,0.8906493651244269
2019-01-18,0.9751613940239268,0.980888905941124,0.9001032655517247
2019-01-22,0.9631762656847322,0.9577618578136373,0.885852737557288
2019-01-23,0.9630293980207618,0.9579435799759605,0.884722034214697
2019-01-24,0.9624291044755555,0.9641545683643622,0.889548132598409
2019-01-25,0.9742023413591988,0.9695612859910949,0.8978329053413467
2019-01-28,0.9689196039746176,0.9616385511814125,0.8885023289291167
2019-01-29,0.9674788080855122,0.9520583713155159,0.882909081457382
2019-01-30,0.9855438422511787,0.9693996181163512,0.8950040123420445
2019-01-31,0.9886017267816113,0.9811727847166327,0.9020742765434447
2019-02-01,0.9953133268237753,0.9878008995439611,0.908925280473016
2019-02-04,1.0063203751946386,0.9950971855513452,0.9127508613528951
2019-02-05,1.0111646382471362,0.9977332936943064,0.9155423742403306
2019-02-06,1.009301992913503,0.9870734645742764,0.9104511581121202
2019-02-07,1.0005283043405033,0.9758819698257143,0.9013431873429454
2019-02-08,1.0009475569433017,0.9758138020289564,0.9020770047256134
2019-02-11,1.0026029589486503,0.9766984684768424,0.9044178747275451
2019-02-12,1.013983910775542,0.9894545889575604,0.9164585112525653
2019-02-13,1.016342529414978,0.9909488014750962,0.9188741922582766
2019-02-14,1.0021146643792325,0.9866675218738831,0.9158405306174668
2019-02-15,1.0103539899912095,0.9962877049689127,0.9241641109246627
2019-02-19,1.0080254227209422,0.9981707883888752,0.9236203485421536
2019-02-20,1.013986625789781,1.0046093836232068,0.9289872587047847
2019-02-21,1.0119946664277357,0.9960411694269331,0.9216351563145881
2019-02-22,1.004782954636055,0.9957061907872747,0.923442208589707
2019-02-25,1.00455569804435,0.9990879395771965,0.9247545677354398
2019-02-26,1.0031554498724051,0.9983488956108677,0.9239668854287247
2019-02-27,1.005463741794494,0.9991541450107432,0.9253125743467553
2019-02-28,1.00504275759065,0.9972707561786553,0.9248047272456335
2019-03-01,1.0142635075507536,1.0077640857773649,0.9334911521817447
2019-03-04,1.0139619028715001,1.000422977878057,0.9270793571651258
2019-03-05,1.013353087526162,1.0016515590270756,0.925252369950684
2019-03-06,1.0090225150804955,0.9983144946777753,0.9202834270587082
2019-03-07,0.9995352930725802,0.9894773996796035,0.9133129941819376
2019-03-08,0.9977015963698989,0.9913796918031478,0.9141640621832003
2019-03-11,1.016655749688719,1.0072965530593447,0.9308987422288375
2019-03-12,1.0218167187965443,1.0112325327273528,0.9345665298757775
2019-03-13,1.0314533640356214,1.018530381578626,0.9409757252992977
2019-03-14,1.0347209989223936,1.025297502244625,0.9470869795089374
2019-03-15,1.039853549088762,1.0298062934856853,0.9506545441642185
2019-03-18,1.04606511537746,1.0363588573638078,0.9592922187519846
2019-03-19,1.0419325457990716,1.0324832814569636,0.9573427170845343
2019-03-20,1.0344642914174988,1.0195443323492819,0.9481717264945546
2019-03-21,1.0462004150229527,1.0267877177844797,0.9600260468163115
2019-03-22,1.026318773714087,1.0021919799416146,0.9401309657662182
2019-03-25,1.0221473386622018,0.9996497246113031,0.9361653106732113
2019-03-26,1.028217100082809,1.0104742765689634,0.9413504563092171
2019-03-27,1.026060965435916,1.0053496681032592,0.9410829008672137
2019-03-28,1.0292710756446055,1.0108317133355484,0.9464696057170021
2019-03-29,1.0336985100274674,1.0185787045195407,0.954218205034148
2019-04-01,1.0488754047287034,1.03063088350092,0.9598570398988433
2019-04-02,1.0497792317882353,1.0259684350671865,0.9532407812323079
2019-04-03,1.0477794190137482,1.0224824461580424,0.9461590911706761
2019-04-04,1.0513796609477868,1.021650139868165,0.9454274885256018
2019-04-05,1.0576694370431816,1.02768131149483,0.951158594497045
2019-04-08,1.0605057699876295,1.0275560107190715,0.95076400612787
2019-04-09,1.0545447964600314,1.022823478842552,0.9475163525994355
2019-04-10,1.057303603733824,1.025758176866514,0.9503584998738099
2019-04-11,1.0554301825847687,1.0264736399626635,0.9517083659926628
2019-04-12,1.05866533663982,1.035997101880687,0.9555416011893914
2019-04-15,1.0571777299617637,1.0372366251038316,0.9552269550777167
2019-04-16,1.06238339221521,1.0426137250948537,0.9588052685877241
2019-04-17,1.0627814695217896,1.0349016917544156,0.9521733772438504
2019-04-18,1.06855281339441,1.0382869602223983,0.9549321028275775
2019-04-22,1.0679665457058416,1.038319373438643,0.9545507066941795
2019-04-23,1.078024214399292,1.0439940638868497,0.9606251929848562
2019-04-24,1.0761057051046894,1.0517431833035122,0.9647107053848597
2019-04-25,1.078097746814143,1.0527850629845956,0.9659663950322497
2019-04-26,1.085313449774546,1.064919318748482,0.9742603762007828
2019-04-29,1.0864016682372943,1.0678136913992033,0.9768195930758714
2019-04-30,1.0848581967009858,1.0771421703304778,0.9851930305067246
2019-05-01,1.0852857020395519,1.0612021326545449,0.9708259467520473
2019-05-02,1.0825171758611922,1.057865274222395,0.9682084240939046
2019-05-03,1.0953591182276041,1.0703788078771004,0.9776330543897748
2019-05-06,1.0931656517438793,1.0708364275494744,0.9781825329269256
2019-05-07,1.0791238089310853,1.05549005429582,0.9637618207340628
2019-05-08,1.0745652929187572,1.0529573034657098,0.9602016705943686
2019-05-09,1.0692719077420907,1.0489534557769935,0.9579941849927088
2019-05-10,1.0713855065622322,1.0530416742898066,0.9627660588923886
2019-05-13,1.0422835585560557,1.0264434857846307,0.9389160281258151
2019-05-14,1.0539675547584708,1.032360665060123,0.9470673423307806
2019-05-15,1.0586316867146575,1.0477293419818097,0.9579566972460164
2019-05-16,1.0668067950092905,1.0618596288066042,0.9713110264733888
2019-05-17,1.059277760297593,1.0525741997601774,0.963918464277518
2019-05-20,1.05376907183567,1.0472058875903019,0.9613763711683736
2019-05-21,1.0616738045119647,1.0546906668696772,0.9680170736131775
2019-05-22,1.0586682756561092,1.058678730803903,0.9719185726281652
2019-05-23,1.0437474126753987,1.0411177197286474,0.9537667223163478
2019-05-24,1.0479202281754982,1.044992084554551,0.9583994831899456
2019-05-28,1.038045753177448,1.0444529635815705,0.958355749214555
2019-05-29,1.028883106855371,1.036557249590136,0.9516229605031747
2019-05-30,1.0262876797598972,1.0352085646960982,0.9502294720463733
2019-05-31,1.0106487665296493,1.0228814227597018,0.9393101036116612
2019-06-03,1.0118605992625453,1.0250273233152944,0.9389657193002796
2019-06-04,1.0332088389537981,1.032175854681681,0.9476902511559298
2019-06-05,1.040011819980127,1.032149210839746,0.9634368913423499
2019-06-06,1.0524010858015298,1.0454274821710317,0.9684806285408862
2019-06-07,1.0618239432909091,1.0497391444770992,0.9779812042358916
2019-06-10,1.0735350381554958,1.051199114956031,0.9786997801714173
2019-06-11,1.0769452331158804,1.0566215910496701,0.9747255414788609
2019-06-12,1.07242857845748,1.0561285228574588,0.9785288996431297
2019-06-13,1.074387754118245,1.0593187782040712,0.9757316973374797
2019-06-14,1.073976092052601,1.0605513975695486,0.9793856426717361
2019-06-17,1.0725173426882322,1.056880657473211,0.9724627095927391
2019-06-18,1.0866088306993322,1.0605902888900114,0.9717108157373991
2019-06-19,1.0911880974314998,1.0675413250082013,0.980045168277644
2019-06-20,1.0984966235233737,1.0795237527895554,0.9911293831003755
2019-06-21,1.0962931957958437,1.0749219434606614,0.9880786615618643
2019-06-24,1.0935034888525046,1.0733521235038799,0.9919781691591143
2019-06-25,1.0847473894688158,1.0680113062139953,0.9871171290928958
2019-06-26,1.0889789069097895,1.0643948892990611,0.9762298813290884
2019-06-27,1.090240018315638,1.0614899692566813,0.9773575127510329
2019-06-28,1.0936168886952453,1.064555023169951,0.9806738237607749
2019-07-01,1.1047021851850265,1.0668677514922964,0.9796133737715296
2019-07-02,1.1050780571460737,1.0763401793858176,0.9902149159732107
2019-07-03,1.112697980734538,1.0868908842490026,1.0010345780219707
2019-07-05,1.1123821937747458,1.098178133716155,1.0146870010010218
2019-07-08,1.103957785727931,1.0598811107800021,0.9708348137116187
2019-07-09,1.1065328263974732,1.0242737916856908,0.925562697770236
2019-07-10,1.1147330608104693,1.0554467443064477,0.9593378016801932
2019-07-11,1.1171693918116152,1.0775808238288782,0.986730687264393
2019-07-12,1.1241916235883744,1.0856923521555157,0.9949595341686762
2019-07-15,1.126541582741496,1.0879453239523658,0.9961822395314472
2019-07-16,1.1220298263371828,1.0957778409700705,1.0073223205355417
2019-07-17,1.1181023776767036,1.0805145897081836,0.9905028860629557
2019-07-18,1.1258342393913912,1.083689843331354,0.9925068539122495
2019-07-19,1.1128835313034804,1.071666685526569,0.9807197448582612
2019-07-22,1.1219890814776723,1.1122804427788653,1.0252856335035527
2019-07-23,1.1402280926700292,1.121003079734745,1.0340042295703655
2019-07-24,1.1431308487857426,1.1256505244674269,1.038472706892145
2019-07-25,1.1327656587112085,1.1142785572593452,1.0276126340795897
2019-07-26,1.1414118386854457,1.1199722520007978,1.0350745052618484
2019-07-29,1.141463609051107,1.1234433605069594,1.0389463890800508
2019-07-30,1.141683916656232,1.1275022031298763,1.0454221599422915
2019-07-31,1.1378511337556072,1.124464347005374,1.0416112936756645
2019-08-01,1.126461970394553,1.100302324615534,1.0241568845250997
2019-08-02,1.120171463847692,1.1039312010218627,1.0271701063531016
2019-08-05,1.0825604110893103,1.0705166688392542,0.9958763580874219
2019-08-06,1.094311798780578,1.0876897762673936,1.0086426797387478
2019-08-07,1.0986752373911184,1.0897097021234683,1.0130000527873113
2019-08-08,1.116242388544616,1.1083060191063985,1.0268071384577868
2019-08-09,1.1124987144581693,1.111262597517162,1.0265949064385114
2019-08-12,1.0976618183134517,1.0924839045277217,1.011310190982111
2019-08-13,1.1135076480930413,1.0998801839917374,1.020920550064167
2019-08-14,1.0805937788079683,1.0608345300128437,0.9879551367876361
2019-08-15,1.0815341106644942,1.0646057637381994,0.9892236266046417
2019-08-16,1.0993985565571889,1.0814149572700664,0.9991821255227925
2019-08-19,1.1088508855163142,1.0855697408107339,1.0002864720733602
2019-08-20,1.0945211005673077,1.0701386385739178,0.9853990539747535
2019-08-21,1.103458655662356,1.0758272121827646,0.9931948397732229
2019-08-22,1.1041883175684293,1.080801682463622,0.9931799611169365
2019-08-23,1.0702601055023842,1.0602387498272547,0.9701259149891066
2019-08-26,1.0815464316152015,1.0732472132285573,0.9803648541270381
2019-08-27,1.0761896956187507,1.0678543057418832,0.9707731016994139
2019-08-28,1.0864077055482564,1.0798380809264803,0.9815103867920945
2019-08-29,1.0984417049956239,1.0896705621479101,0.9941254048152803
2019-08-30,1.098395754024124,1.090986878978507,0.9982171908993399
2019-09-03,1.0865899829345542,1.0840516983515796,1.0033020794813237
2019-09-04,1.0985446471668336,1.0976150452644267,1.0134521054584693
2019-09-05,1.115246111464499,1.115603327650916,1.017291779938826
2019-09-06,1.1151852104762912,1.112229244947507,1.0183536075770503
2019-09-09,1.1191875814288301,1.122053118054143,1.014730176610862
2019-09-10,1.120764249644134,1.1284311032220151,1.013047787284016
2019-09-11,1.1297900625117225,1.129651593811667,1.0167236985083898
2019-09-12,1.1335611084670536,1.13855753090489,1.0223770740092057
2019-09-13,1.1314316039429768,1.1447841696434828,1.0188628120537442
2019-09-16,1.1338287086316639,1.1442287873348702,1.0157147545342498
2019-09-17,1.1342884116720202,1.1423768144535968,1.0185697768058477
2019-09-18,1.1345738399147458,1.1420897481774201,1.0178625170770135
2019-09-19,1.131002864496761,1.1393861915303154,1.0184306986355223
2019-09-20,1.1221317274027633,1.132198395728644,1.0102092374741138
2019-09-23,1.1273908873186644,1.1328905344510047,1.0122547263381958
2019-09-24,1.1205037383584295,1.1216766380827679,1.0126296260915504
2019-09-25,1.1285614125691625,1.1300828819619868,1.014007501843101
2019-09-26,1.1240777186842204,1.1268794342447748,1.0187611639635719
2019-09-27,1.1187702927690466,1.1254730166339106,1.0174086451100883
2019-09-30,1.1212990566278027,1.1225126824779277,1.0199187472091724
2019-10-01,1.1092151497472411,1.104757235116157,1.0069265321047174
2019-10-02,1.0798413942071419,1.0747086373662917,0.9799639466024815
2019-10-03,1.085970786471828,1.078592594482302,0.9828342536620426
2019-10-04,1.1050904839701134,1.097641683333775,1.0033112903533887
2019-10-07,1.100001666941822,1.0938218297077915,0.9977742827579106
2019-10-08,1.0844654229163606,1.0793022952037021,0.9847190127712478
2019-10-09,1.0956372006627941,1.0891639624420393,0.9945508332166454
2019-10-10,1.1051366160191065,1.099471229673226,1.001149803411035
2019-10-11,1.1176994496091637,1.1095248145930847,1.0109354334142688
2019-10-14,1.1181738886544612,1.1130636101317528,1.0123828085164241
2019-10-15,1.126952018764808,1.1287923796159078,1.0210036901287571
2019-10-16,1.1254978833645497,1.1302648894284313,1.019214177574345
2019-10-17,1.1323938543181071,1.141656417249441,1.0276027130125538
2019-10-18,1.1292511780490748,1.1309407360489678,1.0169906968632207
2019-10-21,1.1430996589375262,1.1432566949149572,1.0293121524975803
2019-10-22,1.1408442322254226,1.1468238237782735,1.0253926173299917
2019-10-23,1.1432628975430643,1.1473408039012345,1.0234628497117613
2019-10-24,1.1437046345159916,1.1461260184231625,1.0238138062089184
2019-10-25,1.150775626341898,1.1551893147548087,1.0311565102206692
2019-10-28,1.153835088021804,1.1646514483043877,1.03644069960969
2019-10-29,1.1474085335128432,1.1511660830015213,1.0242951733280539
2019-10-30,1.1475124844360152,1.1537715061159373,1.0328143189284877
2019-10-31,1.1538320264809352,1.1770291827525943,1.047433252557627
2019-11-01,1.167883320665827,1.1878923123646186,1.0560707906372855
2019-11-04,1.178145797459779,1.19447757888768,1.05708695636306
2019-11-05,1.1712858510868982,1.1927935579622277,1.051295913208981
2019-11-06,1.174535751547718,1.2271282233941527,1.0697438247156532
2019-11-07,1.1828818950082245,1.2314240508597165,1.0774057401713166
2019-11-08,1.1845089322118953,1.2344075090712177,1.0796128671883345
2019-11-11,1.1810882429631249,1.233241273646451,1.0802141481865897
2019-11-12,1.1798870496098903,1.234267021728883,1.0803741134448117
2019-11-13,1.1824284815379993,1.2332005825960364,1.080147796885137
2019-11-14,1.1796817916790434,1.2286255266300956,1.0787865448957117
2019-11-15,1.1863150607280732,1.2403116629632112,1.0863462143981075
2019-11-18,1.1848300586806488,1.2437223360958751,1.0885563704031835
2019-11-19,1.1834596838261378,1.2529336725406117,1.0979704115227915
2019-11-20,1.1794348056851378,1.2492306028968319,1.0945102527892634
2019-11-21,1.1771317716397796,1.242462485563522,1.0897023780584614
2019-11-22,1.1801768182873689,1.2464559363537562,1.091094795438059
2019-11-25,1.191476609773963,1.2574427563452515,1.101769612713498
2019-11-26,1.1872451536656552,1.2570512429559024,1.1043376976539392
2019-11-27,1.1924392169155247,1.2618769276151947,1.1089409137826638
2019-11-29,1.1891359888574051,1.2574136733353838,1.1067177438822613
2019-12-02,1.179901985691471,1.2528042001649888,1.1025634563609803
2019-12-03,1.1702390124662871,1.2453314670752995,1.0962679620000315
2019-12-04,1.181510930004676,1.2515743816690497,1.1015353077316876
2019-12-05,1.185432593920623,1.2469147230540545,1.099759506069572
2019-12-06,1.202797254428014,1.260370351009786,1.1105082732612936
2019-12-09,1.1970200385862133,1.252519424214935,1.1045029440361966
2019-12-10,1.1994233619814556,1.2514565050105573,1.1034719995267102
2019-12-11,1.200035020103263,1.2536143095468386,1.1047442267424934
2019-12-12,1.2157777738671764,1.2683842044767566,1.1187378817536386
2019-12-13,1.2221418105163508,1.2670864220451505,1.1184944334942757
2019-12-16,1.227718901628804,1.2744564940808776,1.1248731946378956
2019-12-17,1.2314604690256459,1.2776277317138462,1.1269158398240526
2019-12-18,1.2289045484725158,1.2773565573194794,1.1254305640909845
2019-12-19,1.2320296966145154,1.281827490637562,1.1288637049721746
2019-12-20,1.238465777581457,1.2870535544390507,1.1342387106784433
2019-12-23,1.2399386737272735,1.2913464703438249,1.137041028586311
2019-12-24,1.2411219376628406,1.2920417629120633,1.1371621902737714
2019-12-26,1.2504830502314175,1.3108589920151088,1.15243101126754
2019-12-27,1.250152144261003,1.3127263502111979,1.1533139225900408
2019-12-30,1.2471221343865706,1.3071386839401962,1.146770311171617
2019-12-31,1.251909855390297,1.3120911353660165,1.1499178854488303
2020-01-02,1.2668542385655202,1.3333664195591077,1.1693820955102816
2020-01-03,1.2573507491729694,1.3346563084060257,1.1744123241439843
2020-01-06,1.2607919196468238,1.3505829515654668,1.1902076025141977
2020-01-07,1.252388178569549,1.3446374230775353,1.1857277472879466
2020-01-08,1.2628679582950215,1.3499609288501644,1.1867233661360868
2020-01-09,1.2783776259810595,1.3630999512724356,1.199450389977305
2020-01-10,1.2756873805082056,1.3648243729645089,1.2029229605090397
2020-01-13,1.2900531197407774,1.3811865646363874,1.2172890346959806
2020-01-14,1.2891904105307108,1.3831300304965353,1.2199377982332562
2020-01-15,1.2915185159804092,1.3886683238757518,1.2240628551518757
2020-01-16,1.2990048512957004,1.3951612870499757,1.2254325573077078
2020-01-17,1.3028378849068518,1.3948542934956667,1.2215853231250842
2020-01-21,1.2928744999516737,1.3839701657631465,1.2056628999611427
2020-01-22,1.2964382457936734,1.3805304909901088,1.1993314793314873
2020-01-23,1.2948790526106015,1.373065481365498,1.1922027536277184
2020-01-24,1.2976838264071444,1.3720441644504295,1.1876197195698475
2020-01-27,1.2713398366701962,1.3490819719775677,1.1665359628131422
2020-01-28,1.285231230453081,1.3606700436474157,1.172670768816964
2020-01-29,1.2847057953547814,1.3591592396738146,1.1692108601366087
2020-01-30,1.2996913603743168,1.370426052523066,1.1811069102205236
2020-01-31,1.2658844945878798,1.3421133239359675,1.1526996969788863
2020-02-03,1.271817289139525,1.3548094464047378,1.1617660378810257
2020-02-04,1.2880249515459883,1.3774608488677533,1.1802448005199357
2020-02-05,1.309501972188284,1.3811168091566564,1.1881835017983358
2020-02-06,1.3113125382095026,1.392102062513562,1.1956312468984887
2020-02-07,1.304202775805033,1.3855290488678347,1.1900497494637452
2020-02-10,1.3092267193587341,1.3946641443474934,1.199123630356934
2020-02-11,1.3140730219412353,1.4111313887416275,1.211013124783296
2020-02-12,1.32480805243583,1.4170708525917517,1.2161110445999954
2020-02-13,1.322154859127817,1.4160355169785552,1.2155995439553715
2020-02-14,1.3256101747791154,1.4312758372596641,1.2265397856508857
2020-02-18,1.318244296502941,1.4332285144719272,1.2255213041971742
2020-02-19,1.331314164754463,1.4487599603703638,1.237427613549138
2020-02-20,1.3259262623129253,1.4301448490870206,1.223742581948248
2020-02-21,1.3103236262051654,1.4098894595896165,1.2098287039897948
2020-02-24,1.2567797700857668,1.3743198099815124,1.1775165469452922
2020-02-25,1.2059943406200717,1.3365477379140343,1.1453146190608168
2020-02-26,1.1943108347980975,1.3353849486710856,1.1456365350720765
2020-02-27,1.1334100585649851,1.2643217242940652,1.087092870476541
2020-02-28,1.117622163033412,1.2429488348720572,1.069177569753557
2020-03-02,1.1723526404032785,1.308618497717318,1.1190338156123592
2020-03-03,1.1334365925600374,1.2651995325735723,1.1015271626348002
2020-03-04,1.1877335787814642,1.313806606798688,1.1519358634233388
2020-03-05,1.1430901567909455,1.2589807855182444,1.1045383649777623
2020-03-06,1.1093198666993012,1.2342997039179102,1.0885577523411356
2020-03-09,0.9798585965089708,1.1183541041247775,1.0181773419163247
2020-03-10,1.0384548963454836,1.1809117362448396,1.0521321683720892
2020-03-11,0.9820989845487691,1.1304584103610713,1.0098903725655235
2020-03-12,0.8859091277193474,1.017660986182367,0.9058135937336189
2020-03-13,1.0037680109979004,1.116278347279863,0.9429666129107948
2020-03-16,0.8736621664440399,0.9686253859836834,0.8369465123433154
2020-03-17,0.9059592549286807,1.0213395777158683,0.888553478528867
2020-03-18,0.8244659929296559,0.9643324997979007,0.8275024388228382
2020-03-19,0.8310094015417384,0.9535321425512103,0.7953591136422491
2020-03-20,0.796218135314683,0.9105871518991363,0.7694175154038301
2020-03-23,0.7532621797489769,0.866297886669442,0.7362400858172045
2020-03-24,0.8635023755237077,0.9608146136763892,0.7864144467425448
2020-03-25,0.8957912171039116,0.9803380697042314,0.8069981424342949
2020-03-26,0.9503484415675387,1.040686715585757,0.8619144728532914
2020-03-27,0.9056221434488958,1.0032813177290127,0.8430487192077535
2020-03-30,0.9290489162834666,1.0386021944852226,0.8862243838682999
2020-03-31,0.9091498372144536,1.016412617139128,0.8700581548670633
2020-04-01,0.8497494059031254,0.9616816668121654,0.8297770477566034
2020-04-02,0.8793763996461034,0.9759037211168764,0.8229749746692013
2020-04-03,0.8633227928225811,0.9554263542814047,0.7829311389490353
2020-04-06,0.9404697088470083,1.038968357983469,0.8469524260166262
2020-04-07,0.9556150712108277,1.0441213909502052,0.8533836467046858
2020-04-08,0.9969738781284353,1.0733499977128955,0.9025766397144049
2020-04-09,1.020812373346775,1.0951966159034894,0.8895485088482078
2020-04-13,0.9982969534319306,1.0685537027707908,0.8727646715174998
2020-04-14,1.01013562628833,1.1059791067632716,0.9090472051018831
2020-04-15,0.9715984548612913,1.0818454616010906,0.8959803701100622
2020-04-16,0.953330201722811,1.091327831234309,0.895003423322145
2020-04-17,0.9997363428056687,1.1139839693645697,0.9157445142892531
2020-04-20,0.968389037511494,1.10354001197123,0.9022787273596663
2020-04-21,0.9391711560394765,1.0531397653744459,0.855530382299941
2020-04-22,0.9559273270462615,1.0773062648343619,0.8587770298389924
2020-04-23,0.9584746985610214,1.081249091958832,0.8646958635987956
2020-04-24,0.9701410358988567,1.095551443382691,0.8720027534102434
2020-04-27,0.995763671693507,1.138921725026999,0.9185622290142581
2020-04-28,1.008285369226392,1.132409610311836,0.9153848107835438
2020-04-29,1.0575468818782325,1.1633292578077525,0.9470687869081794
2020-04-30,1.0322672842972838,1.1295974148602155,0.9203413100278771
2020-05-01,1.002582914912226,1.0844591115861342,0.8856070518182858
2020-05-04,0.9994878080348003,1.0904037674039808,0.8888348413256247
2020-05-05,1.0062229635848807,1.0951349689177523,0.8921283142250305
2020-05-06,0.9848982127321944,1.072910457822024,0.8641787928623494
2020-05-07,1.0040382453125256,1.083618280042767,0.8760878602207325
2020-05-08,1.034618047435918,1.1198849981087788,0.9079307763502454
2020-05-11,1.0168187436271114,1.1200376076954124,0.8986348809338126
2020-05-12,0.9965982779037227,1.1028215336004283,0.8834233827223233
2020-05-13,0.9619793316420014,1.0715684908991505,0.8525852767457476
2020-05-14,0.9891618651515836,1.0859298308960954,0.8686523865933379
2020-05-15,0.9812286147832379,1.0874503740805392,0.8683291320966302
2020-05-18,1.0333133993043118,1.1395492781874936,0.9195505752242195
2020-05-19,1.0144070523682962,1.1148263775297351,0.892234883610622
2020-05-20,1.0441813492487004,1.1395572909920253,0.914306277653058
2020-05-21,1.0368453269415037,1.1178796009501972,0.8972506039653193
2020-05-22,1.0350710628489563,1.1184992810469592,0.8952852459081743
2020-05-26,1.0666392950118802,1.13138091035525,0.9165959015419101
2020-05-27,1.1010931992399227,1.1465522023142942,0.9342987422581883
2020-05-28,1.0836723379242554,1.1298424005203103,0.915613607308235
2020-05-29,1.0691068213025543,1.1196603029499783,0.9055667706585839
2020-06-01,1.084960697341025,1.1266877152771901,0.9122415801388108
2020-06-02,1.1011825399313973,1.1371452276413765,0.9193883802505024
2020-06-03,1.13679337597549,1.1616919477346181,0.9384098076791104
2020-06-04,1.1447459425134645,1.1664284186801546,0.9426622897081604
2020-06-05,1.199708803674335,1.2018458068436728,0.9692322598392032
2020-06-08,1.2305858323415495,1.2117613600443775,0.9770139417753391
2020-06-09,1.2152103535780923,1.1954615102768937,0.9641340677244655
2020-06-10,1.1858941959225375,1.1814216637566801,0.954534649334897
2020-06-11,1.0997704724432207,1.1040936195563025,0.8941611002368456
2020-06-12,1.127602815061678,1.1319908522450008,0.9160053300053835
2020-06-15,1.1434946042368594,1.145436688928202,0.9283324629233263
2020-06-16,1.1681065292582196,1.1633046257649196,0.9422559168254971
2020-06-17,1.1520100404598053,1.1598266539609594,0.940428029670426
2020-06-18,1.1513579361904276,1.1620785257586208,0.9415127408122551
2020-06-19,1.143274721977126,1.1503673232493012,0.9337855151518163
2020-06-22,1.1419822779871704,1.15547588663142,0.9378355495970302
2020-06-23,1.1469909988148923,1.1619264130773233,0.9439020324921457
2020-06-24,1.108178271607938,1.125217351136046,0.9158011799003474
2020-06-25,1.1306060001080809,1.1466533107418113,0.9338617791460553
2020-06-26,1.0860782029207066,1.108835992646751,0.902333606472291
2020-06-29,1.1020564188062363,1.1224310413121497,0.9138505104825805
2020-06-30,1.1147589846488637,1.1352239900402878,0.924969249540581
2020-07-01,1.1068816700188038,1.1388285917343761,0.9278028193518335
2020-07-02,1.1108255488936774,1.1401311754623347,0.9308429011692156
2020-07-06,1.1302697029842572,1.161049822923052,0.9514018744378744
2020-07-07,1.1097209122545804,1.1591858521539284,0.9443296702805016
2020-07-08,1.1166529599652928,1.18096247514933,0.9589878422660053
2020-07-09,1.0953315987575591,1.1718279302659698,0.956000214191281
2020-07-10,1.1223333762290637,1.179603454296628,0.962457723499059
2020-07-13,1.1194288567548498,1.165581686567247,0.953188326710508
2020-07-14,1.1375112915935548,1.1896180804416134,0.9695975525014234
2020-07-15,1.1549230136691637,1.2022965230038154,0.9781669762229336
2020-07-16,1.1450920465541332,1.1928252429351573,0.9706768894379918
2020-07-17,1.1372731338408233,1.1956164676034102,0.971655367614544
2020-07-20,1.1342245285762635,1.204541095810888,0.9907906489933268
2020-07-21,1.159682552095729,1.2032386919288065,0.9810718296919059
2020-07-22,1.1641154588242464,1.210135867746695,0.9859274430759339
2020-07-23,1.1534303484782507,1.182878019768228,0.9569661370284321
2020-07-24,1.1467212080546072,1.1814209336536565,0.9527976632930284
2020-07-27,1.1523072682830764,1.1925174483794334,0.9654614750957914
2020-07-28,1.1403113850944402,1.1733417435282323,0.9543302752031356
2020-07-29,1.1625172596221058,1.1983312749607395,0.9673006282846409
2020-07-30,1.1430576378406532,1.1864950971348929,0.9681842698128849
2020-07-31,1.151658734256766,1.2183505914092683,1.0136302854977115
2020-08-03,1.1543318165459975,1.2160845748619462,1.0141617784181756
2020-08-04,1.157494070175139,1.1935557286536627,0.9873264868841088
2020-08-05,1.1715624187886506,1.1927978165713413,0.9866847976838136
2020-08-06,1.181937608484767,1.193620335971716,0.983368310156363
2020-08-07,1.1914047512030537,1.1926889276954298,0.9918348326197313
2020-08-10,1.2096927917809217,1.189157811464787,0.9982561485442086
2020-08-11,1.2072227230011443,1.1798102580102847,0.9954744833634657
2020-08-12,1.2122509119067417,1.1956196984313243,0.9998583216767848
2020-08-13,1.2088668811802863,1.191209686696496,0.9894952581796328
2020-08-14,1.2094820846449428,1.1943355580101866,0.9948475987012149
2020-08-17,1.194886327243187,1.227207000075078,1.0206425018188496
2020-08-18,1.1911443806757345,1.234924160591201,1.01793579947153
2020-08-19,1.1851299493019636,1.2262019439605305,1.0147827999335368
2020-08-20,1.1837861255581854,1.2274330062244505,1.0130416275591476
2020-08-21,1.1898839471999505,1.2251430256204876,1.0117976344879624
2020-08-24,1.2153549815026408,1.238049699155774,1.027202465044713
2020-08-25,1.2147678805662365,1.2443565082014814,1.0324602619471455
2020-08-26,1.2121757591630777,1.248889701563908,1.025495017095365
2020-08-27,1.2234968842542187,1.2429070152769444,1.027116151817441
2020-08-28,1.2349291564474052,1.246334616508195,1.0302548010017525
2020-08-31,1.2298894341619677,1.2472640468628935,1.022226527618084
2020-09-01,1.2369080413359645,1.2568620143871851,1.0293708057713353
2020-09-02,1.25150271240861,1.266276357227433,1.0444673154503088
2020-09-03,1.2226898599010962,1.2212280407235243,1.0054883873044125
2020-09-04,1.2279749385367518,1.2218451549155003,0.9933343542190376
2020-09-08,1.1817290826421838,1.1794352517698266,0.9664141960843742
2020-09-09,1.1972049882308098,1.2019086437492559,0.9880621521915085
2020-09-10,1.1744435624653184,1.1785781205540318,0.9706809823605531
2020-09-11,1.179083657430554,1.1788590063895512,0.9691924728614355
2020-09-14,1.1984978089139326,1.2007468276899478,0.9869211766903877
2020-09-15,1.1965204434548011,1.193380961066198,0.9858540460016435
2020-09-16,1.1973875258426958,1.1930447010307799,0.9827216676961392
2020-09-17,1.1865247127069907,1.1821963378936702,0.973147299102644
2020-09-18,1.1707672211364935,1.1669862865490637,0.9607294825858802
2020-09-21,1.1471232410557006,1.1497222737452515,0.9450248354319062
2020-09-22,1.1479913316401809,1.1556922686477253,0.9564954400875427
2020-09-23,1.1100740382667484,1.120373714536071,0.9283529089753484
2020-09-24,1.1153005247260526,1.1271542401448444,0.9340160669098131
2020-09-25,1.1261203116102703,1.1419456396901324,0.9463355688495416
2020-09-28,1.151126636378816,1.1673316465139008,0.965386300941377
2020-09-29,1.1375483035109253,1.156558999841735,0.95944894243996
2020-09-30,1.153641627274077,1.1690584351245092,0.969200066560543
2020-10-01,1.155466966358351,1.1804808373082818,0.9835441608115398
2020-10-02,1.153205516310926,1.1742553412787708,0.9722829284807949
2020-10-05,1.177263738956128,1.1921479388044451,0.9866353407698815
2020-10-06,1.1559651191739944,1.170866803151265,0.9650263047760779
2020-10-07,1.173646112577874,1.1835823977374595,0.9754832871041558
2020-10-08,1.1970276895766385,1.1966890495006866,0.9843046881109564
2020-10-09,1.200613098398842,1.2061743845793433,0.9983856944241253
2020-10-12,1.2206817624782378,1.2258530184583907,1.0163380179491854
2020-10-13,1.1990332770715257,1.2161210858945437,1.014460102139593
2020-10-14,1.1879360238733758,1.2026366377975037,1.0047472997439117
2020-10-15,1.1911574128678541,1.2049772979069975,1.0012692263831005
2020-10-16,1.1864743451945807,1.2013522907810752,0.9971867832556484
2020-10-19,1.1622393309889798,1.1790399351292,0.9781070517392786
2020-10-20,1.1751274045678086,1.189569950616502,0.9837908183101237
2020-10-21,1.166828548652918,1.1871712582540008,0.9754838872767355
2020-10-22,1.1869273365329678,1.1854771267337363,0.9711302670591502
2020-10-23,1.173854978068458,1.1851768734879933,0.9718744372965258
2020-10-26,1.1475722360003011,1.1625244714480931,0.9548530358507327
2020-10-27,1.135896923575679,1.157404920967546,0.956632392104843
2020-10-28,1.098435944775725,1.1162018042571518,0.9157950608837229
2020-10-29,1.1131885621167856,1.1367445626789399,0.9310668613095976
2020-10-30,1.105366342622374,1.13206576892779,0.9247594401818714
2020-11-02,1.1270480704667691,1.1486602967151798,0.9360819407242109
2020-11-03,1.146704174522871,1.1605247122247808,0.945616761253822
2020-11-04,1.1557108026091953,1.197134743084341,0.977273055754221
2020-11-05,1.1823209564808186,1.2282217678268788,1.0024054535494258
2020-11-06,1.1723378380393796,1.2150605285775635,0.9980437200894703
2020-11-09,1.2862429739618235,1.2758914941295096,1.0168975912690894
2020-11-10,1.2918024008667592,1.2741498701917762,1.0131501205621813
2020-11-11,1.2817675382381981,1.2806358606061423,1.023321173707744
2020-11-12,1.267302008162377,1.2603863836717284,1.010219332974225
2020-11-13,1.2906318060315625,1.282307931219644,1.0249704921857083
2020-11-16,1.3223920632141455,1.3160802828111007,1.0407879740719648
2020-11-17,1.3127460803222128,1.3156772270322998,1.037940406735877
2020-11-18,1.2908111676869445,1.2955421312668434,1.0268478882999452
2020-11-19,1.297556914065674,1.3114822407368742,1.0321513705428582
2020-11-20,1.2893056689480658,1.3053104622562484,1.0296450231761471
2020-11-23,1.3141038877551756,1.3457157466658958,1.0418368020594773
2020-11-24,1.3550364789318434,1.3863764175234465,1.0670875144439453
2020-11-25,1.351487929067467,1.3854029890478905,1.0690041837797382
2020-11-27,1.3505447328352604,1.3868230659098066,1.0703576986148737
2020-11-30,1.3336148424243564,1.3581286559891315,1.0549747351487226
2020-12-01,1.348780213336066,1.3627073062176849,1.056361684690495
2020-12-02,1.3647539789169403,1.3738127631280683,1.0596718461422387
2020-12-03,1.3716659069365507,1.3797322228458733,1.0575721245953038
2020-12-04,1.3994687327117203,1.4179035671434603,1.0798040670890192
2020-12-07,1.3875105117205067,1.406468140867366,1.0716238404285154
2020-12-08,1.3918854343668907,1.4219521934511494,1.0769994471682838
2020-12-09,1.3792521819221908,1.4111693797734681,1.067354960732579
2020-12-10,1.392998479889308,1.429204613836919,1.0735369306899138
2020-12-11,1.3814687623538977,1.4193733373030384,1.0656253505704962
2020-12-14,1.3598185957282931,1.4041726078200945,1.0627344872057591
2020-12-15,1.38580435330318,1.424542505069553,1.0761245140692317
2020-12-16,1.3821665103217946,1.4281293364277694,1.0851792590152487
2020-12-17,1.384612791275246,1.4286999818069257,1.0882487306936488
2020-12-18,1.3737793102254474,1.417935147740201,1.083908296803086
2020-12-21,1.3697498904363756,1.4100466670255016,1.0800972316246564
2020-12-22,1.3621853256871872,1.4014826003658218,1.0757917113272772
2020-12-23,1.3784548691465708,1.4146045170550017,1.076841802007156
2020-12-24,1.3825230886476407,1.4162596503066502,1.078684647694183
2020-12-28,1.3976158038390187,1.4315928898763237,1.0901368213013496
2020-12-29,1.3920687408525194,1.4279305464777394,1.094137806891638
2020-12-30,1.399893628453621,1.4296692606111085,1.095731639068675
2020-12-31,1.4049068771992175,1.4304549019842017,1.1012631145223097
2021-01-04,1.3806787440652215,1.4080046410760179,1.0782633770099885
2021-01-05,1.3916522148139856,1.4135873598257718,1.0772524847843452
2021-01-06,1.4114252185113405,1.4280536741503134,1.06758706470979
2021-01-07,1.4220005449591984,1.4381947034229257,1.0711760814572777
2021-01-08,1.4265878604464899,1.4417960620132402,1.0810323366981562
2021-01-11,1.415328596219355,1.4297986103508191,1.0661130481533598
2021-01-12,1.4288371169248735,1.4428255102352918,1.0693146780807428
2021-01-13,1.4329941886763187,1.442837469752403,1.0736048818530814
2021-01-14,1.4384669305768334,1.4445655486415157,1.059225761438612
2021-01-15,1.4112946466723655,1.417617716761322,1.0425750695778508
2021-01-19,1.43150134714285,1.42813815559508,1.0498304401777396
2021-01-20,1.450866507228274,1.4452530442611966,1.0658910929680092
2021-01-21,1.443401327876626,1.4355933259684308,1.0647529561103577
2021-01-22,1.436860730590807,1.4278996934740624,1.056361804516372
2021-01-25,1.4283608642358354,1.4238894189681808,1.0567177327078665
2021-01-26,1.4101253529102067,1.4167738773457434,1.0536578262592573
2021-01-27,1.3856072057833002,1.3916935630078855,1.033067925786932
2021-01-28,1.4026333505988329,1.407571063068074,1.047797153002174
2021-01-29,1.3666566793096404,1.3771975506799468,1.0226920720188735
2021-02-01,1.3827125176761672,1.4042284186405831,1.035103749884445
2021-02-02,1.4079921726859013,1.4344970428415955,1.0522937177410798
2021-02-03,1.4173146488776747,1.4629881436947705,1.05212276868643
2021-02-04,1.4481011571704077,1.4776110712904191,1.0595125145575448
2021-02-05,1.4557517522676755,1.4892176752091186,1.0692927265468746
2021-02-08,1.479817096136253,1.5023186496492338,1.073322332957747
2021-02-09,1.4698932261542637,1.4960808247351112,1.0728449317739903
2021-02-10,1.47718562930456,1.4974485269022368,1.0674974258586156
2021-02-11,1.4811249261983808,1.509506044533463,1.0816691741789806
2021-02-12,1.4886559342169088,1.514041135318758,1.0859470514274825
2021-02-16,1.4972298353945692,1.5206384021245687,1.0833131398421647
2021-02-17,1.4946991125905806,1.5175028544800266,1.0829421626099047
2021-02-18,1.489270687081937,1.5131387826366445,1.09059469763507
2021-02-19,1.497553955290003,1.5051179206521355,1.0807359641775025
2021-02-22,1.5134856749827366,1.510197743750346,1.083919413627183
2021-02-23,1.5190500012434742,1.517423097177442,1.0846193202975565
2021-02-24,1.5467714345783001,1.549673056006127,1.0955129121597547
2021-02-25,1.5147854698979555,1.5130964155430429,1.0812977990785815
2021-02-26,1.4932191721486152,1.5023633141758086,1.064183604706819
2021-03-01,1.5379276019357369,1.5366988146224188,1.0906274413207784
2021-03-02,1.534303308775432,1.5392521924906117,1.0903950779876959
2021-03-03,1.543590335086584,1.5570887193550065,1.106089486868278
2021-03-04,1.5433855222970554,1.5536384457681665,1.1028166879510894
2021-03-05,1.581878750991791,1.5962691963933373,1.1320056026322616
2021-03-08,1.5826127359026188,1.6216939193993654,1.1487648125630665
2021-03-09,1.5699605671508141,1.6063438959925145,1.1361182370568137
2021-03-10,1.5868138975005377,1.6263325309446508,1.1560241304798344
2021-03-11,1.5953165275593957,1.6271092145251567,1.1572670826591014
2021-03-12,1.5982686821466763,1.6331133212165097,1.1627114658679645
2021-03-15,1.5993802949898674,1.6296568577795723,1.1558044631715676
2021-03-16,1.5865113353666631,1.6109792376968497,1.1444237728494817
2021-03-17,1.592800036822353,1.616832321888679,1.148812496556426
2021-03-18,1.5638720989329051,1.6013582374013233,1.1386162244710258
2021-03-19,1.554407131047293,1.5879955121813443,1.1195979206250952
2021-03-22,1.5539663856045125,1.5831239056011086,1.111976445359044
2021-03-23,1.534953327662935,1.5562812926952037,1.0955534452277789
2021-03-24,1.542347386705626,1.5738354896645592,1.1057028192756768
2021-03-25,1.5618314081243263,1.598336109059487,1.1210556718015259
2021-03-26,1.586564545457227,1.6234247754173423,1.1450565883775625
2021-03-29,1.5843729781652816,1.6216681239405117,1.1397432482284426
2021-03-30,1.581331061458866,1.6169283455998686,1.140431479492645
2021-03-31,1.5735080174440048,1.6027902075257845,1.131164574916703
2021-04-01,1.5951018747663885,1.6234964225544057,1.1449985016210653
2021-04-05,1.6053874586485357,1.6426417897381762,1.157836846609961
2021-04-06,1.6065751028603263,1.6440835391884294,1.1600294985691069
2021-04-07,1.6157367864289127,1.6527696965152137,1.1646064913694143
2021-04-08,1.617026069255735,1.6476997467624308,1.1613723115235484
2021-04-09,1.6266914066104758,1.6555000604689358,1.1666721190340061
2021-04-12,1.6213874448206103,1.6518934745022984,1.1643693780514477
2021-04-13,1.6198511761616727,1.6462976440476802,1.162435881015128
2021-04-14,1.6291665499553267,1.658339851765567,1.1730856929859856
2021-04-15,1.6323582155895795,1.655551159014027,1.1719131892647798
2021-04-16,1.6389133462022372,1.6619739481096842,1.1762420228385764
2021-04-19,1.6370312434707768,1.663868904714058,1.1752690750841905
2021-04-20,1.612769495637674,1.6514893369957295,1.169268380425425
2021-04-21,1.6340577518473358,1.6706395891478811,1.1841007370282053
2021-04-22,1.6240141671413033,1.6635325050600878,1.1828394403031086
2021-04-23,1.6309042887745278,1.6834666425402922,1.195061441645917
2021-04-26,1.6450961100577781,1.6738976031210069,1.1872056424092368
2021-04-27,1.6488800941300579,1.6768931375318685,1.1888275460269693
2021-04-28,1.65982038914951,1.6884760199413376,1.1928054729591586
2021-04-29,1.6837551607667967,1.722078932181933,1.218826843622027
2021-04-30,1.6636313526748852,1.706049683681168,1.2122796021467297
2021-05-03,1.680101686909387,1.7154709062669986,1.214614215145854
2021-05-04,1.6710254423063355,1.7158230599939681,1.2131876348438133
2021-05-05,1.6839053775969361,1.7227045249079762,1.2147219313727364
2021-05-06,1.6963103900649519,1.7349617299132318,1.2248496895027836
2021-05-07,1.7119318759477806,1.7553447301087712,1.2346661899822462
2021-05-10,1.6984229588895108,1.731548214029058,1.2146860367386028
2021-05-11,1.6645540185186143,1.6886406265286575,1.1952934144864515
2021-05-12,1.6446959239735328,1.66756561576294,1.177144692762543
2021-05-13,1.6614290630874742,1.6812417750972135,1.1884320324157596
2021-05-14,1.6902946040679943,1.7125324989472064,1.2097724966113352
2021-05-17,1.6924232959251198,1.7191683918285783,1.2149400819672491
2021-05-18,1.6700913295892457,1.697813999170401,1.2018206850763375
2021-05-19,1.6610798498958945,1.6878656415608386,1.195327764791056
2021-05-20,1.6731314212385469,1.6941014560930228,1.201488582040865
2021-05-21,1.6771642791905756,1.7039220373775799,1.2066898269739146
2021-05-24,1.6934058324986518,1.7174983680526696,1.2190506586496117
2021-05-25,1.6821186973551432,1.7003868971131109,1.2093769736964928
2021-05-26,1.686649107480727,1.7034719876205273,1.2089197128001035
2021-05-27,1.692753330873649,1.7223187169532317,1.2163694841129395
2021-05-28,1.6921958100025778,1.7230796703034272,1.2163253703574537
2021-06-01,1.7153878934649958,1.7320985321826832,1.2240611353173307
2021-06-02,1.7251657271270175,1.7389209561614305,1.230345749410328
2021-06-03,1.7252004397056317,1.7362211696703687,1.2302754926015183
2021-06-04,1.7363943773470136,1.749871412884249,1.238597289975904
2021-06-07,1.7342616566311364,1.750534926902411,1.2374541284065985
2021-06-08,1.7374084374507206,1.750060877816809,1.2387474464356454
2021-06-09,1.7236029754663167,1.7417204908907276,1.2336739058759283
2021-06-10,1.716177361936383,1.7439668468251734,1.2350339483574597
2021-06-11,1.729013205877851,1.7586002270427519,1.2455445643969667
2021-06-14,1.7308242857258653,1.7583691131183705,1.2467917967952007
2021-06-15,1.7425207361425439,1.7629481395874307,1.2537711133905372
2021-06-16,1.7372989114384005,1.7432788559842165,1.2433996535194496
2021-06-17,1.7155756993855071,1.7464532216693303,1.2437963532880774
2021-06-18,1.6798311046725043,1.712062945586445,1.2193103116199289
2021-06-21,1.7231293992679089,1.7461973474547217,1.246879938429642
2021-06-22,1.7308173504140165,1.7504625631200736,1.2526172410018965
2021-06-23,1.7341006371720025,1.7458227665422643,1.2519964345231553
2021-06-24,1.7496806765469555,1.759282117231675,1.263443630956319
2021-06-25,1.761651468647241,1.7662481653816644,1.26968257555157
2021-06-28,1.7418316924754211,1.757333307288524,1.2579177729216997
2021-06-29,1.737870843980143,1.7515238608938444,1.254911329103969
2021-06-30,1.7449340635835506,1.7535309365058485,1.2543916941046618
2021-07-01,1.7613714066799646,1.777420008988403,1.2656334962490778
2021-07-02,1.7711158619359753,1.7935591445689238,1.275477009825467
2021-07-06,1.7625007185331205,1.7839117319360227,1.2727835105512497
2021-07-07,1.770006053848313,1.7924962168869174,1.2833063008850558
2021-07-08,1.747835535970063,1.7802976591199737,1.2704336472119817
2021-07-09,1.7793507466121183,1.799861836889437,1.2865030905189072
2021-07-12,1.7867691647650565,1.7946484028458871,1.287444029959208
2021-07-13,1.7830556516412213,1.8041241970445026,1.287536987815758
2021-07-14,1.7816052665635447,1.7967135107137189,1.2860917417203375
2021-07-15,1.7797090249569534,1.7882484273215156,1.281159289442049
2021-07-16,1.755432240998007,1.767413361422607,1.2701932810562466
2021-07-19,1.705757594603784,1.7193970547969017,1.2399976160873516
2021-07-20,1.742707761539059,1.7520667597298953,1.263894805488022
2021-07-21,1.7709428711825854,1.7771900174539685,1.2759240035190997
2021-07-22,1.7636320544625623,1.7836144949886341,1.2792796598402822
2021-07-23,1.7756602015838907,1.792447495649322,1.2849438095843064
2021-07-26,1.7836404176863487,1.800237450031861,1.2886818590444409
2021-07-27,1.7765311462247686,1.7828194003724853,1.2798841668219076
2021-07-28,1.7648499826989372,1.777916522732072,1.276634122718397
2021-07-29,1.7779336174916325,1.7790703438026325,1.2796891431301054
2021-07-30,1.7684148021128332,1.767328396055861,1.273611571148356
2021-08-02,1.7612076160902135,1.754965906612009,1.263114844635546
2021-08-03,1.7731176134843094,1.7633569729717615,1.2648372484287598
2021-08-04,1.758952197930819,1.7420473141873642,1.251886782691238
2021-08-05,1.77357073108575,1.76086911271815,1.2648539774108003
2021-08-06,1.7871328287672892,1.7717831701903812,1.2711925406944153
2021-08-09,1.7831639450787715,1.7618716654530753,1.266657637258438
2021-08-10,1.7890151695428924,1.775474326021977,1.2725249422476148
2021-08-11,1.7992443573489059,1.777237412463281,1.2712396931508139
2021-08-12,1.8000457913911447,1.775202316402331,1.2701989332544388
2021-08-13,1.7902106814056387,1.7705685807702713,1.2704844168200429
2021-08-16,1.7904020306380446,1.7666410890074904,1.2708902465077976
2021-08-17,1.779956197734255,1.757769431522645,1.264816892392177
2021-08-18,1.74969623590631,1.7275167809590608,1.246064183702162
2021-08-19,1.7323815948457029,1.7069184252570135,1.2368981218666117
2021-08-20,1.7378613767560447,1.7101445536136177,1.2390371441313743
2021-08-23,1.75640777746418,1.7416150898149205,1.2577424049492008
2021-08-24,1.7640708268474237,1.7554292207111484,1.2639686627126823
2021-08-25,1.7812934469587223,1.762410958917422,1.2673884921239895
2021-08-26,1.7676561484763822,1.7470999518615327,1.255227188206891
2021-08-27,1.7923717524580625,1.7686305442389267,1.2695169947285823
2021-08-30,1.7853264482518267,1.7657205999529768,1.268141108816074
2021-08-31,1.7870724861719336,1.7527241775989288,1.259149903930779
2021-09-01,1.7797568764717329,1.747272872372286,1.2572636707828728
2021-09-02,1.7841443615510892,1.7502819661312876,1.2561110228338048
2021-09-03,1.7751739057037939,1.7437904225697551,1.256973876103831
2021-09-07,1.7751542566923488,1.7525653088432458,1.2623222794725522
2021-09-08,1.769374757701448,1.7426653139376702,1.2586048754000696
2021-09-09,1.7656902858965309,1.7372805687605395,1.2533965182833855
2021-09-10,1.7459559420646737,1.717824245303065,1.2412981427593708
2021-09-13,1.7702571520843167,1.7394392101729368,1.24979947649923
2021-09-14,1.7502378385885071,1.7270791078136667,1.2414438172774886
2021-09-15,1.768882436460417,1.7523797312542586,1.2545934349606247
2021-09-16,1.7684865406162593,1.7520438823065174,1.2545731476757425
2021-09-17,1.756913192602184,1.736597903234183,1.241532823948348
2021-09-20,1.7215607015440835,1.6902607414027484,1.2126119657348682
2021-09-21,1.7283749115988147,1.6953324960396776,1.2136178617311166
2021-09-22,1.7612235867746335,1.728415220040369,1.2323281215082313
2021-09-23,1.7981681446742106,1.762688801727134,1.2531053829983687
2021-09-24,1.807758465592029,1.7729473380328375,1.2595745512778853
2021-09-27,1.820823792658863,1.7828079939544046,1.260761549936551
2021-09-28,1.7919424428639665,1.7406110344979404,1.2321173798119827
2021-09-29,1.793784573672278,1.7350453503533037,1.2279003237762225
2021-09-30,1.7653978368095407,1.7157768706140537,1.2160757712462464
2021-10-01,1.8032882994932573,1.7475903837775881,1.2405355761401684
2021-10-04,1.7902045547393972,1.7240108636761315,1.2363774136525096
2021-10-05,1.8121319489514605,1.7325342286443655,1.2476760952578425
2021-10-06,1.8127877681769065,1.7428421193627455,1.250027637019818
2021-10-07,1.824674860387548,1.7549500386619066,1.2551363200573955
2021-10-08,1.8361073893962647,1.7579085461784825,1.262338036896467
2021-10-11,1.8246733905358414,1.7405947065184488,1.2499550259923684
2021-10-12,1.821912813625226,1.7351638616973737,1.2462141246665117
2021-10-13,1.802081417014503,1.7307803645242326,1.2403361177989543
2021-10-14,1.833843087563128,1.7521471370976918,1.2588394135367034
2021-10-15,1.854026988965862,1.771699230155659,1.2722219346530572
2021-10-18,1.8604431454472314,1.7748069092717116,1.2761144881338768
2021-10-19,1.8759088948456166,1.7919141253298019,1.2842704478656648
2021-10-20,1.8904103095457947,1.7916284710658015,1.2892382999864909
2021-10-21,1.8801154034051224,1.777852394528818,1.276257259782154
2021-10-22,1.9133942423805324,1.783875123623371,1.2884546149577594
2021-10-25,1.90567652770134,1.7901984737911543,1.295014592506328
2021-10-26,1.9088579057046011,1.7892891066444108,1.2974433827628722
2021-10-27,1.8926573393263004,1.7391697822760526,1.2615294343446182
2021-10-28,1.906884648392033,1.7377267712502196,1.2641311625148826
2021-10-29,1.8975618017363796,1.7339665232846941,1.2620083050389497
2021-11-01,1.8967128945508263,1.711313289207049,1.2426731844866807
2021-11-02,1.8921583035385778,1.696178034850368,1.2325596084020993
2021-11-03,1.8953816420338983,1.6812771701654785,1.2252535700764895
2021-11-04,1.8908127592388484,1.6871114068466941,1.2274018719794404
2021-11-05,1.9089695639199402,1.6798747840912593,1.2253286687276082
2021-11-08,1.917805644008283,1.6879395664570083,1.2270633998836464
2021-11-09,1.9166693928243232,1.7003478394649194,1.2366690993952654
2021-11-10,1.9081232462160318,1.6734128439380613,1.2211936453189773
2021-11-11,1.9080201224159739,1.668806710330789,1.2180262893952394
2021-11-12,1.9128010784768685,1.6761238417475566,1.2224985719296837
2021-11-15,1.9219284212876793,1.685271165349216,1.2282017995943002
2021-11-16,1.9183127541953193,1.718267081193832,1.2490620221940112
2021-11-17,1.9072672634356116,1.695011763236703,1.2343895555238626
2021-11-18,1.9002679639596014,1.6868111761044438,1.2290759136504992
2021-11-19,1.8790178655242744,1.648301446011289,1.203613097005956
2021-11-22,1.8835121829882782,1.648075048574086,1.2056816219649913
2021-11-23,1.9044341287189486,1.6712707912130074,1.2202651425847684
2021-11-24,1.9088688297726817,1.69139953797188,1.2299008202384858
2021-11-26,1.821302103516888,1.6376303773873186,1.1946883315211136
2021-11-29,1.8394549402736822,1.6824394340418247,1.2241911374178531
2021-11-30,1.8074105009657693,1.6529620057577779,1.1999581902316208
2021-12-01,1.785633563230031,1.6343854476007804,1.1846873039223023
2021-12-02,1.829474913751722,1.6538517913688064,1.2015156501688466
2021-12-03,1.816637931053181,1.633311580203466,1.188525302984712
2021-12-06,1.8555048268256855,1.6632954787930054,1.2041208172194044
2021-12-07,1.9015498886959568,1.7143113696547774,1.2384965139778426
2021-12-08,1.9093710751285475,1.7288029286131321,1.2476465648651827
2021-12-09,1.9052732977157538,1.722311274702137,1.2410088282640974
2021-12-10,1.9234951144004664,1.7533100276629217,1.2588681996783688
2021-12-13,1.8982799198113498,1.7163682733130265,1.2409968965203229
2021-12-14,1.8952078141981823,1.704807384487097,1.232143659283958
2021-12-15,1.9049197475388617,1.7279782173369815,1.2477460651781496
2021-12-16,1.9066421749342075,1.701763169311501,1.2336024473149876
2021-12-17,1.8751682054387295,1.6822383806983277,1.2183797370558176
2021-12-20,1.848173159992402,1.6592345561866593,1.205990974688523
2021-12-21,1.8872215940716466,1.7004558312222857,1.2267789524462576
2021-12-22,1.9042635042079639,1.719912448704921,1.239242993577838
2021-12-23,1.9140122038590255,1.7235514647761399,1.2439383156206716
2021-12-27,1.9333636570049315,1.7548515227354047,1.2637771935119257
2021-12-28,1.9328618288945572,1.7490822846098122,1.2606003140680406
2021-12-29,1.929914968155998,1.7458911322454687,1.2574812735690615
2021-12-30,1.9228832987569253,1.733366549759097,1.2458094274534302
2021-12-31,1.921387468211715,1.7297380273555336,1.2436317800410013
2022-01-03,1.961020025349855,1.755672984968569,1.2604459430274952
2022-01-04,2.0002725221807647,1.7746974188513525,1.2765498271251383
2022-01-05,1.9737692773805657,1.76154808498878,1.2665001277103265
2022-01-06,1.9809578913095185,1.752175846404947,1.2612533054263135
2022-01-07,1.9952343213309596,1.7588119881180944,1.2675111333099196
2022-01-10,1.986235548850955,1.7576630660465336,1.2679442790666744
2022-01-11,2.0123969026906487,1.7720366115331276,1.276302501788425
2022-01-12,2.009387775826532,1.7674894054430195,1.2721023338237716
2022-01-13,1.9950339349739725,1.772608883829262,1.2767422384426919
2022-01-14,1.98534689724705,1.7793309848545578,1.2789227753499754
2022-01-18,1.9569488627900573,1.750872877298054,1.2555905781191368
2022-01-19,1.9338437190432278,1.7295005487811466,1.2388796854758275
2022-01-20,1.9208670958933076,1.7261306520205113,1.2371734199118303
2022-01-21,1.895041256794673,1.7068256924962018,1.2255313282704379
2022-01-24,1.8923295685433053,1.7015565468964227,1.2250782972842047
2022-01-25,1.9391055581737087,1.7031618729473703,1.226117231791528
2022-01-26,1.9489961196710865,1.7100366916285745,1.2310608123920495
2022-01-27,1.9405775186629368,1.709430512447986,1.2280933782589618
2022-01-28,1.991925528848077,1.7669506091225433,1.2658444133512712
2022-01-31,2.0137385667782954,1.7659636337631444,1.265259854098871
2022-02-01,2.039399586094221,1.8000458938489887,1.2860503333626778
2022-02-02,2.057658940297372,1.8363297472501199,1.3071677857233854
2022-02-03,2.043500289787781,1.8189050799511615,1.300384688596552
2022-02-04,2.058850465498796,1.8192980938432113,1.3023082966250796
2022-02-07,2.0645217524832353,1.8100681988706742,1.3014446317744728
2022-02-08,2.0902721869341843,1.801544545090554,1.31677005408661
2022-02-09,2.1036024912747497,1.8273411184949886,1.3322498095779436
2022-02-10,2.089857580567175,1.8135075302625014,1.32168278070781
2022-02-11,2.0626770443514597,1.81211318488525,1.3119165091484506
2022-02-14,2.0540003314164563,1.799698138452146,1.3066579380976038
2022-02-15,2.08039550470878,1.8082863663866746,1.3241022173060961
2022-02-16,2.0863313967064676,1.8165770907696233,1.3298812504494557
2022-02-17,2.0631364268337826,1.7918340105277322,1.3134641653764825
2022-02-18,2.05790174318914,1.7823930213489605,1.3072956151951327
2022-02-22,2.039354170475561,1.7646301838677918,1.2894586765861535
2022-02-23,2.01405145974891,1.758230200429138,1.2726279637555513
2022-02-24,2.00776765977564,1.7692354289248022,1.273344019175715
2022-02-25,2.057986851821951,1.801808675048647,1.3016706495900816
2022-02-28,2.0665332369611664,1.824346437267944,1.3137003129618456
2022-03-01,2.0165385873861186,1.828759676575776,1.322558826751271
2022-03-02,2.0489130111981337,1.8590502989014128,1.344397319365068
2022-03-03,2.0467497599557234,1.8630052293810386,1.3536444819226165
2022-03-04,2.028845567523837,1.864017131638489,1.3560105377719494
2022-03-07,1.9498621088388077,1.8270212695214696,1.3455120146525656
2022-03-08,1.946365602559266,1.8380528528834177,1.3524214521284794
2022-03-09,2.011074776887576,1.863080643415718,1.354093992698255
2022-03-10,1.9980348649638227,1.8679958982530287,1.364852275073608
2022-03-11,1.9779562599279872,1.8511020943718317,1.3587029132386292
2022-03-14,1.9848064041205746,1.8327857287340517,1.3456966496189064
2022-03-15,2.0062379922962412,1.8364261201307976,1.336854611953373
2022-03-16,2.0406057723120568,1.8647372195613847,1.3463505759876289
2022-03-17,2.0805491168882333,1.8910180351987238,1.3619234002936447
2022-03-18,2.1014781186888944,1.9155993933953235,1.3720393444884063
2022-03-21,2.111499845067274,1.9227243010540065,1.3825997398295977
2022-03-22,2.13546353370757,1.9393602359382236,1.3923069252611482
2022-03-23,2.113460825506538,1.9294733557708172,1.3935936927401726
2022-03-24,2.134584815444247,1.9469376810546537,1.4053810069280164
2022-03-25,2.156046999965195,1.9701024491848602,1.4241995580920366
2022-03-28,2.1526997819675633,1.9734642235586988,1.4204107824152736
2022-03-29,2.1646167919606394,1.972154299537636,1.4162178657634816
2022-03-30,2.157818377960393,1.9722516196865247,1.4179313045693702
2022-03-31,2.123080260446229,1.9476049105885613,1.4011390214378046
2022-04-01,2.1336500897258577,1.970933156076899,1.4148148993820011
2022-04-04,2.141806353429466,1.9680483493841128,1.4196621811560945
2022-04-05,2.116854221084317,1.9575283164920827,1.4097446545499746
2022-04-06,2.1053089162807455,1.959528981954918,1.4119166447018479
2022-04-07,2.109346992827549,1.9696191924785869,1.4196364812468243
2022-04-08,2.1254501172535702,1.9920943090211978,1.4306245361361
2022-04-11,2.0812923617233166,1.969091105154681,1.4182155522846367
2022-04-12,2.0830730555085655,1.9702137748089834,1.4239358172270844
2022-04-13,2.106224824200483,1.9844082438312283,1.443257133328641
2022-04-14,2.0888300827809045,1.9744732148742283,1.437256763783173
2022-04-18,2.110443549240765,1.9734318921545202,1.4329399711664854
2022-04-19,2.130611039974383,1.987487128083285,1.4466111234526071
2022-04-20,2.143920819385014,2.0094933520069795,1.462062624320125
2022-04-21,2.115018414968771,2.0019527546370774,1.4613687682848475
2022-04-22,2.055287888160325,1.9471588378652176,1.4220838098357997
2022-04-25,2.0653420334727124,1.9572564197071567,1.426290747260006
2022-04-26,2.0167330257483767,1.919336920417263,1.3951847299741964
2022-04-27,2.020287050830657,1.9476432657601406,1.407163788932022
2022-04-28,2.0711954959945236,1.982849322706242,1.4408291934027295
2022-04-29,2.0028236163149113,1.9297973306352174,1.4018423052644864
2022-05-02,1.9958104483221755,1.9151110956901045,1.3843686469961125
2022-05-03,2.014992305515606,1.9192822130133353,1.3841417902600985
2022-05-04,2.0841867169510992,1.980521848059437,1.4257944317643554
2022-05-05,2.021450971062774,1.906899422224291,1.385982888158501
2022-05-06,2.0185304859862057,1.886674198757054,1.3823668277792214
2022-05-09,1.948858359903916,1.7990664389609938,1.349236145587201
2022-05-10,1.9539410831486528,1.7955658267525925,1.342612132606926
2022-05-11,1.9312322165820137,1.7956566818154884,1.3370898450910138
2022-05-12,1.9022145621800233,1.78063663333138,1.3237852428452839
2022-05-13,1.9505811702244524,1.8344311764726613,1.3606544212035263
2022-05-16,1.9476259951361148,1.8237314518097834,1.354041752174648
2022-05-17,1.9860194021886646,1.8628854752627315,1.3681107874356302
2022-05-18,1.8979912329228423,1.819778676703225,1.299265759441606
2022-05-19,1.872214486006936,1.8013618093738575,1.2794829942664738
2022-05-20,1.8722437207973879,1.8158970135094425,1.289947709382965
2022-05-23,1.9375576301031399,1.8733666150959025,1.3312932790713607
2022-05-24,1.9210855017750348,1.835060039225892,1.3262656695574049
2022-05-25,1.94340748441821,1.8504690472484953,1.3333774934672762
2022-05-26,1.9774307597858276,1.8788111272005092,1.3333266745696586
2022-05-27,2.020974040857705,1.9239005172244494,1.3605635192055145
2022-05-31,2.006139468864895,1.9192864958354896,1.351275385167145
2022-06-01,1.985118950079888,1.8996784886982616,1.3379759576321606
2022-06-02,2.0096535816954737,1.921433055257292,1.3519225285120038
2022-06-03,1.9804512949525246,1.9034290684577053,1.3451977055958668
2022-06-06,1.9834142811426911,1.9046792681003566,1.3430728431381167
2022-06-07,2.0051300330330504,1.921415417611058,1.3568014682734317
2022-06-08,1.98584710211472,1.8990000100003606,1.3458713828452988
2022-06-09,1.9302848079650416,1.8505049071377881,1.3209897790515779
2022-06-10,1.8760398108424936,1.8121493446852728,1.3014438262844292
2022-06-13,1.8057891896700593,1.7476350800464007,1.2606566401571664
2022-06-14,1.7940854393596435,1.7392823007809128,1.250641880524799
2022-06-15,1.809852056580764,1.747933703642012,1.249681172588154
2022-06-16,1.7424595875794633,1.6842090488315122,1.2040213491356966
2022-06-17,1.7612614629940364,1.6833440584725368,1.1945219273957008
2022-06-21,1.795515055586619,1.7063035801673372,1.1987736062998349
2022-06-22,1.7867526244813805,1.7003852894503062,1.1936718136948985
2022-06-23,1.781445647027371,1.7078593090253524,1.181433451519799
2022-06-24,1.8243485626020939,1.748011180099318,1.204455271413484
2022-06-27,1.8236688380519441,1.755995610823549,1.2151506906158822
2022-06-28,1.8052075781288448,1.7497711390079116,1.2176641451331796
2022-06-29,1.793812390871938,1.7403099583448502,1.210612602625373
2022-06-30,1.7792171323085224,1.7307156156343049,1.2029413713140176
2022-07-01,1.8059653406607512,1.7622952006697752,1.227671504685872
2022-07-05,1.7981174302383016,1.7450726467517643,1.215082196063838
2022-07-06,1.7942632908214273,1.7439665875753037,1.2146051123280588
2022-07-07,1.8260095080163836,1.7713119432159925,1.2284994508929874
2022-07-08,1.8276800523205803,1.7654143800173914,1.2265998845284662
2022-07-11,1.8121072667283777,1.758899654480155,1.2208234719923898
2022-07-12,1.7988315754963888,1.7524656368426934,1.2158089545091113
2022-07-13,1.7926045487022515,1.7481905638406996,1.2145667921547436
2022-07-14,1.7759258227947454,1.7335501274942788,1.203080253781815
2022-07-15,1.8234239373467527,1.7633680687844027,1.2174329023596495
2022-07-18,1.8151657319162513,1.7506962759378606,1.2119454885394265
2022-07-19,1.8708948600872375,1.800864697122451,1.2411807696898747
2022-07-20,1.877277954942313,1.7944105622759223,1.2327818858412425
2022-07-21,1.8858278890600761,1.7959120488941551,1.2309700124149385
2022-07-22,1.8862389319005142,1.7896831301954923,1.2326712880237076
2022-07-25,1.8997692057348856,1.8091167593549586,1.2406220925944804
2022-07-26,1.8770850600936453,1.8005414171471612,1.2394757214816394
2022-07-27,1.9017591341944735,1.8060905858183507,1.2380823803527736
2022-07-28,1.912718298320834,1.80600329593205,1.2453677384343282
2022-07-29,1.9563248974219358,1.8329462027817995,1.259730822254031
2022-08-01,1.9463610029638978,1.8190658651080573,1.254351152437137
2022-08-02,1.927050809798635,1.8030273266734618,1.2426352666822573
2022-08-03,1.9503982444331744,1.8217116585050122,1.25411587725138
2022-08-04,1.9430675961096988,1.8159776644922558,1.2518818525128979
2022-08-05,1.9533899807358954,1.8211214735395151,1.2513608086827557
2022-08-08,1.9500382369008573,1.8145546390372407,1.2475119972030715
2022-08-09,1.9650813023602685,1.82056138242707,1.25108512996335
2022-08-10,2.004747967972773,1.8530018447532624,1.270728347164033
2022-08-11,2.016829352019969,1.857325617490537,1.2687751109941938
2022-08-12,2.0430654220804723,1.8806216619139708,1.2840783909279134
2022-08-15,2.0416609993725374,1.8837052958163913,1.2898650814476909
2022-08-16,2.0460396257504074,1.8889196588086465,1.2954674626388982
2022-08-17,2.0398814279246165,1.8891538433688024,1.294847969671965
2022-08-18,2.048825721439646,1.8985126308717815,1.3012652229632224
2022-08-19,2.034459136662311,1.8773239481983512,1.2901779561463613
2022-08-22,1.992420797397051,1.8423469366146235,1.2668337191053283
2022-08-23,1.9983974440516292,1.8431371931510812,1.2662771670554092
2022-08-24,2.0082423202455124,1.8480108125844221,1.2692589887825383
2022-08-25,2.035412715602262,1.87092313298795,1.2825836674927127
2022-08-26,1.977224003797688,1.8192631503558314,1.2478746810362484
2022-08-29,1.9629160516123105,1.806465406042811,1.2383277721937325
2022-08-30,1.9445941385289398,1.7881037082735944,1.2261168495857369
2022-08-31,1.9208640429425483,1.768784626637651,1.214548307563278
2022-09-01,1.9196808035407982,1.7659670995031196,1.2070386055260045
2022-09-02,1.9074475488691898,1.7658773892985333,1.2071194905419262
2022-09-06,1.8965033645432983,1.758814306332381,1.1943281343639898
2022-09-07,1.9209858082193505,1.7748650673251483,1.2049125132544152
2022-09-08,1.9275432340885366,1.7944704846580932,1.2139660407957764
2022-09-09,1.9620113092558848,1.82663307799218,1.2409991960337945
2022-09-12,1.998516399194112,1.8512553445673465,1.2615148653581385
2022-09-13,1.9195349726692312,1.7842853427906802,1.212306178119958
2022-09-14,1.9305579764031713,1.7928581267615449,1.2269167377801797
2022-09-15,1.9158527960064513,1.7800396524633846,1.216787029811535
2022-09-16,1.892714823248146,1.753017119226262,1.1962567131493382
2022-09-19,1.9146410680779467,1.7626765705775949,1.2072351557516487
2022-09-20,1.9009268510040191,1.7385969128589391,1.1930034994579146
2022-09-21,1.861401987564322,1.7020397222376278,1.1652722997914027
2022-09-22,1.8294901682188272,1.6738698175980826,1.1487588708513772
2022-09-23,1.7902740168974494,1.6236287461870886,1.1076876818542791
2022-09-26,1.7635729554705752,1.595013359156774,1.0905682983248914
2022-09-27,1.7557136578933024,1.5849491266053184,1.0871709792380861
2022-09-28,1.7823318294614556,1.6190631437321434,1.1182096443997211
2022-09-29,1.7521117144211034,1.5996292506518093,1.1031257151749996
2022-09-30,1.722553780467045,1.5789786691218122,1.0872676593368864
2022-10-03,1.7780778388384226,1.631025510281217,1.121542243167666
2022-10-04,1.8324509185150721,1.6863973050595977,1.1577554531143874
2022-10-05,1.825884643747688,1.6898679373458538,1.1614156102582678
2022-10-06,1.8106158948200801,1.6992483485220469,1.1704625650653926
2022-10-07,1.7710665983062641,1.6548366758153394,1.1421551529187792
2022-10-10,1.7584599257636429,1.6274947198027807,1.1220640027677877
2022-10-11,1.7469517791442422,1.6129383292493469,1.112830001838185
2022-10-12,1.7483172227884891,1.6211932756435978,1.12135964431041
2022-10-13,1.810781902723417,1.6590132880256663,1.1488197379753073
2022-10-14,1.769103566022197,1.6140170906859799,1.1183131284576278
2022-10-17,1.8181698284708387,1.6645748225411943,1.1493492212856085
2022-10-18,1.8526788354922221,1.6816940917174088,1.16301535282944
2022-10-19,1.843126479534103,1.677111511694565,1.1625368780527674
2022-10-20,1.8287081136779497,1.6770311076280013,1.1591596859661533
2022-10-21,1.8540097572701024,1.7140841878701498,1.1878468665387059
2022-10-24,1.8783676184768003,1.7334510176166489,1.2003833945913107
2022-10-25,1.919858539859518,1.7504225927622727,1.2087260252797911
2022-10-26,1.920242033542346,1.6923559958572165,1.1815899622564487
2022-10-27,1.91534577553985,1.6592098646467501,1.16692638844414
2022-10-28,1.962341793133418,1.6420897327180843,1.1701818848244607
2022-10-31,1.945616400941594,1.6358065842712053,1.1652782578804701
2022-11-01,1.9339097734270199,1.6345328697174506,1.1652181306093519
2022-11-02,1.8909083821589716,1.6059767026706202,1.1439280680300392
2022-11-03,1.8609232136310825,1.5972713831235479,1.1355891674577967
2022-11-04,1.8942295933428515,1.6157080984265448,1.1497180553508695
2022-11-07,1.916172846269323,1.6361659646550342,1.1630088684032627
2022-11-08,1.9275710877143193,1.6390364765461545,1.1655630573099989
2022-11-09,1.8735331251482725,1.6035568662304034,1.1390171855660856
2022-11-10,1.9764286992452402,1.6751997788446717,1.1851970594212313
2022-11-11,2.0018039204092286,1.6899167871967542,1.1921106468899614
2022-11-14,1.981501901011156,1.6654705057641126,1.1819797033577448
2022-11-15,1.9910846044526844,1.678133376490758,1.189747775890184
2022-11-16,1.9759159055935291,1.6748997183190444,1.1872412681063134
2022-11-17,1.9716201350435667,1.6698471827754173,1.186371386893028
2022-11-18,1.9815432525436476,1.6778786039060416,1.1912881103252955
2022-11-21,1.9747842913355704,1.677191203229309,1.1900404870334245
2022-11-22,2.001475067070664,1.700374088805923,1.2066761332124158
2022-11-23,2.003512603083503,1.708745092126776,1.211720150883505
2022-11-25,1.999522926580785,1.716180715837526,1.2163141794928787
2022-11-28,1.9609593966816976,1.6905856480256016,1.1998206798541775
2022-11-29,1.9680436599202307,1.6928148380089356,1.2017508120442266
2022-11-30,2.019458303372927,1.727863779801171,1.2284995423887284
2022-12-01,2.0141475983824826,1.7288636627995275,1.2279793656656819
2022-12-02,2.006965717986871,1.7335126238279415,1.236583931755051
2022-12-05,1.9731515980177183,1.712483440889799,1.2224838344206623
2022-12-06,1.9410419677557114,1.6999889555172654,1.2241688608251422
2022-12-07,1.9347835961624176,1.7034290984026126,1.231119284371631
2022-12-08,1.9368642655507742,1.712658898370766,1.2385547102636978
2022-12-09,1.922618758475571,1.7003564394690465,1.2294795605756554
2022-12-12,1.9515927156938118,1.7194728016255465,1.2376955952701492
2022-12-13,1.9630602580622842,1.7198981729775498,1.232869113222982
2022-12-14,1.9403451804150629,1.717604861426683,1.234591718772484
2022-12-15,1.89384065168531,1.6846849613354462,1.219459660749798
2022-12-16,1.8691998558737961,1.6774361959782202,1.2167033865615644
2022-12-19,1.8615774808083794,1.6701748649757833,1.2198208428234139
2022-12-20,1.8661867867629023,1.6733890916017857,1.2204052166231523
2022-12-21,1.8959117535156436,1.6944459100051306,1.2388682433988678
2022-12-22,1.8707786032713487,1.6821228002952733,1.2367168174058591
2022-12-23,1.8879786817976878,1.6964487539035595,1.245527334318028
2022-12-27,1.885542860738227,1.7003792315558353,1.255209510396942
2022-12-28,1.858026660598966,1.6816680914968452,1.2431622672768692
2022-12-29,1.8909715651842436,1.7035547267762035,1.2538482248753575
2022-12-30,1.8913056051616934,1.699796235257362,1.249811392223576
2023-01-03,1.86993505538398,1.6934312112512198,1.2509707347212546
2023-01-04,1.8930517179886794,1.7172805697909168,1.2720038993345273
2023-01-05,1.8761536640492442,1.7228487217601973,1.2721631745664737
2023-01-06,1.9221620516799272,1.7605794199705063,1.300213305420755
2023-01-09,1.914359242505739,1.7347257624592864,1.2809462460954502
2023-01-10,1.9256878074735952,1.7501047134737828,1.2899457781453614
2023-01-11,1.9452855090907757,1.7593215453062614,1.2957862169266634
2023-01-12,1.9514153638762572,1.7573102982896207,1.2966032752051058
2023-01-13,1.9654203586445367,1.7731454398720339,1.3091712750808404
2023-01-17,1.9580358402083686,1.7684996098551986,1.2993075749314298
2023-01-18,1.9236984512709945,1.7479781016823335,1.2721928975242087
2023-01-19,1.9122079552418816,1.7470419393907628,1.2669614287483055
2023-01-20,1.9495903014573652,1.7735329893788094,1.2812980236925353
2023-01-23,1.9707620171347355,1.783215892456784,1.291802224576628
2023-01-24,1.9760353727432676,1.7703216385821763,1.2932168605387857
2023-01-25,1.9811811265214032,1.7699326171072978,1.2991591322031057
2023-01-26,2.0010448963409457,1.808418971603475,1.3142425038333694
2023-01-27,2.049902740722739,1.8102978594174106,1.3112196449421956
2023-01-30,2.0317016929205205,1.7914843587845346,1.3050634890810704
2023-01-31,2.051961046940002,1.8100657661219068,1.314744403975654
2023-02-01,2.0458273817968253,1.804237485779519,1.3150828399239718
2023-02-02,2.054287084576347,1.8078892473854005,1.318763661473599
2023-02-03,2.0732883462286704,1.804081034800818,1.3168053194994045
2023-02-06,2.0596954544786326,1.8033355400800621,1.3181761944168404
2023-02-07,2.088777525471649,1.816911173774831,1.3258660843508285
2023-02-08,2.0669649927436033,1.8000941020818266,1.3156805058494907
2023-02-09,2.051211879119743,1.7821498376061027,1.2999953850544772
2023-02-10,2.0594150775967224,1.7908868450179725,1.301033584226921
2023-02-13,2.0790936453482596,1.805705193337879,1.312980345987355
2023-02-14,2.072411287599023,1.7962588109665312,1.305196580537549
2023-02-15,2.070873923057785,1.7978686651383056,1.3070935413443336
2023-02-16,2.0466236900112342,1.780115734665279,1.2941636842195425
2023-02-17,2.0388164008454006,1.779905702122922,1.2979363066560845
2023-02-21,2.0021048347529145,1.7541931287283565,1.2766502789231091
2023-02-22,2.0032006512289158,1.7604917039881887,1.27578168082254
2023-02-23,2.0076997784731714,1.755202582527807,1.275441870104547
2023-02-24,1.9950756321188015,1.7502338765177554,1.2709030664813041
2023-02-27,1.9969651925489231,1.7532362895189884,1.2722367139521138
2023-02-28,1.9927775203870726,1.7457059579604468,1.2696335124233233
2023-03-01,1.9906392653171534,1.7332094839579228,1.2599955048439209
2023-03-02,1.9932423115452698,1.739947550739839,1.2662951592032718
2023-03-03,2.029033604554547,1.7634973096994357,1.2645646738188454
2023-03-06,2.0434883941307933,1.7836763474007695,1.2765362839933396
2023-03-07,2.0078045319553026,1.7629660609323556,1.2674224513001928
2023-03-08,2.005316126816459,1.7570906522187946,1.2582014298820303
2023-03-09,1.964548727824379,1.7322747620292722,1.2396904844867986
2023-03-10,1.9312336062371847,1.7171074309739813,1.2353601347721144
2023-03-13,1.8963235017129718,1.7108515549037462,1.224940915375114
2023-03-14,1.933026922996334,1.7319449777165414,1.2341774431751527
2023-03-15,1.9059634145210245,1.7069043462145004,1.2155375887444655
2023-03-16,1.9316773042909483,1.7270941471038717,1.232415032621944
2023-03-17,1.8993349058670692,1.7105116515349932,1.2147936365140015
2023-03-20,1.9169291193562565,1.7296368633477597,1.2294788073286498
2023-03-21,1.9584195096496513,1.7562660465972513,1.243555198196167
2023-03-22,1.9281362411425695,1.7334498707437533,1.2268576130077404
2023-03-23,1.9207314499605326,1.729175438743995,1.2145710141910622
2023-03-24,1.923671884786725,1.7402309280200519,1.2270070876347074
2023-03-27,1.9486512020728803,1.7472486995421488,1.2388300483122419
2023-03-28,1.9383524140481905,1.748382955051146,1.2419913684038149
2023-03-29,1.9713038367230005,1.7731689063316758,1.257264283068237
2023-03-30,1.97077699207583,1.7800801661497476,1.259244899435995
2023-03-31,1.9924596644379957,1.7942437696822628,1.2635508511083595
2023-04-03,2.006386278508171,1.8195932432422002,1.2820144929238182
2023-04-04,1.992818021923801,1.813636781774746,1.2768231666876517
2023-04-05,1.987139434036256,1.8137832877752502,1.2781236009946684
2023-04-06,1.9799198136368694,1.8056859647482206,1.2704025024451104
2023-04-10,1.9819159953265542,1.8067031748688105,1.2682317515477182
2023-04-11,1.9924821368004473,1.809704301178267,1.2732119190523692
2023-04-12,1.982098896943176,1.8062021828075228,1.2721164314817792
2023-04-13,2.0126611287558216,1.8310495588860556,1.290613638580381
2023-04-14,2.020808792746179,1.8313179867184035,1.2908736340885043
2023-04-17,2.028285904221412,1.829733931891007,1.2882210765209785
2023-04-18,2.0359799045202966,1.8294911347955032,1.2894424860203844
2023-04-19,2.0361007586547903,1.8318021764122363,1.2884757477994977
2023-04-20,2.0274748558934754,1.8301643893917197,1.2883872745820308
2023-04-21,2.024706751002668,1.8313457140172202,1.2866910232401574
2023-04-24,2.018286237616051,1.8349755246720545,1.289844876834971
2023-04-25,1.9883126011267636,1.8154968699869738,1.2797508305296659
2023-04-26,1.9751179735973163,1.8078417771265836,1.2709130557434214
2023-04-27,2.005216424660621,1.8325886656579178,1.2871580432310867
2023-04-28,2.027626047932175,1.836949481935714,1.2971461654351994
2023-05-01,2.0187171036793887,1.8279427322686952,1.2948691269638022
2023-05-02,1.973192106101934,1.8046200255562934,1.2768415258351347
2023-05-03,1.9566149978248288,1.8017686903867856,1.2720733582106931
2023-05-04,1.9332777189747627,1.794159175585204,1.2695477692804455
2023-05-05,1.9820580779783923,1.818621370168681,1.2891412410770375
2023-05-08,1.9810330667755351,1.838775554390214,1.2958222774889543
2023-05-09,1.9804347633352077,1.8778726175493499,1.328984179477065
2023-05-10,1.9630491416799962,1.91620224357819,1.342076398105195
2023-05-11,1.9648730525713878,1.9442834584879896,1.3405548952191177
2023-05-12,1.9613022238490887,1.9391968175285565,1.3347394873308185
2023-05-15,1.9733295391273709,1.947171307902316,1.343487388255678
2023-05-16,1.9561694135073082,1.9753569175750907,1.3455109604694218
2023-05-17,1.9850072705393127,1.9952802475037108,1.353774164620345
2023-05-18,1.995260116867841,2.0291563198036373,1.3742544051845855
2023-05-19,1.993748227701432,2.0186569295986576,1.3706296382749432
2023-05-22,1.9943590183513509,2.029059295059442,1.3742282744289303
2023-05-23,1.980477052628407,1.9899112639239103,1.3490074935313479
2023-05-24,1.9651648773465724,1.9747056136863672,1.340755677818364
2023-05-25,1.9619995328586821,1.98511819175869,1.33791034625547
2023-05-26,1.988486180462012,2.00676667764799,1.3489008567262435
2023-05-30,1.987943969199834,1.9918085848034874,1.3409171305093082
2023-05-31,1.9801970439247398,1.9880860619531262,1.3468537572215908
2023-06-01,2.00916084710377,2.020399728392508,1.3727407379142966
2023-06-02,2.0552191902544603,2.0508224749544737,1.3940223927166602
2023-06-05,2.0449489524809263,2.0619743577255614,1.3921073121393652
2023-06-06,2.063773376232131,2.088603202438591,1.4059440368827942
2023-06-07,2.0629660512356898,2.0228871809879343,1.3804203515121647
2023-06-08,2.065873115866082,2.044627023781569,1.398647879295344
2023-06-09,2.0673081747567634,2.040474644412714,1.3983180294107387
2023-06-12,2.074599744617611,2.0772223131266845,1.4222172565247517
2023-06-13,2.084187401437229,2.0821146879568335,1.424801373013248
2023-06-14,2.0792851901981786,2.078281756697732,1.4244431895932907
2023-06-15,2.0940997090183173,2.090196208875591,1.4325481472975365
2023-06-16,2.085602747209487,2.0658428653384084,1.4190459750670121
2023-06-20,2.064548357512861,2.059339048801398,1.4139391963918317
2023-06-21,2.0557141136787043,2.03529882064775,1.4032475231737829
2023-06-22,2.0561539021638704,2.090520608724558,1.4321315772063994
2023-06-23,2.04688628931366,2.0797330646312786,1.4277856378092781
2023-06-26,2.0445072989854998,2.041502651063879,1.4129531677339213
2023-06-27,2.0539635812362413,2.0590078482049945,1.4300058048424797
2023-06-28,2.057926810098296,2.072094908826362,1.43736312181097
2023-06-29,2.076408854316107,2.063780470692541,1.439265185845222
2023-06-30,2.0991007190147606,2.092229989072421,1.465374740290805
2023-07-03,2.1070971412133406,2.09368188153661,1.465525570240262
2023-07-05,2.1055755742590905,2.095851734979576,1.4640540848105845
2023-07-06,2.0770362159190503,2.0800715841856814,1.451981929792832
2023-07-07,2.0720119509807002,2.0783626822352046,1.4467022696747667
2023-07-10,2.072559955749002,2.0740641019944754,1.447307091832643
2023-07-11,2.09325059268268,2.0984554318013067,1.46250318057601
2023-07-12,2.106594448711947,2.11861744451851,1.47439615653352
2023-07-13,2.113590227316782,2.134638651532768,1.4798637556052059
2023-07-14,2.1018193242538246,2.131531472591025,1.4755723984672262
2023-07-17,2.1178972180993108,2.135096767251582,1.4844446797934778
2023-07-18,2.1387661773871374,2.1269647382841046,1.483998112431021
2023-07-19,2.1521464594651163,2.138464093217628,1.4897462070659098
2023-07-20,2.15770226829509,2.1132506401318047,1.4805655915971414
2023-07-21,2.1398535732546757,2.1044060804596847,1.4705048177974436
2023-07-24,2.1469855896920538,2.1154117607711864,1.4799117028720954
2023-07-25,2.1418099912799433,2.113304035202668,1.4786803646164013
2023-07-26,2.156988308385231,2.106819746317347,1.479640234171438
2023-07-27,2.1300720714569703,2.083916336755192,1.459518549426663
2023-07-28,2.139987282848058,2.106482312618955,1.4708787790862705
2023-07-31,2.1577771631659908,2.124871245013037,1.4841554889107984
2023-08-01,2.1511343025024465,2.1089283934852228,1.4716874476941326
2023-08-02,2.1257154369001503,2.0684894436920938,1.4415882737794972
2023-08-03,2.119266568490569,2.0740678075419554,1.4430416102954253
2023-08-04,2.0976900577233906,2.1043499628667957,1.4476399761223704
2023-08-07,2.1091382604176863,2.132333054693423,1.4595367135077622
2023-08-08,2.096130763877396,2.124111374343651,1.4565260034737135
2023-08-09,2.0832938342277503,2.1077407537015795,1.4441347857992204
2023-08-10,2.0834706185969405,2.106154335084132,1.4457027049934374
2023-08-11,2.099334003825607,2.126300415815206,1.4560781473573763
2023-08-14,2.1006629795127147,2.1335227580850575,1.46675541661635
2023-08-15,2.0598294110008477,2.0968087608311974,1.4418460632266579
2023-08-16,2.04635795198705,2.073995242859313,1.4277082393640883
2023-08-17,2.042256226817898,2.07404983387626,1.4296109234266745
2023-08-18,2.043930922801435,2.071538815438732,1.4253985886485068
2023-08-21,2.045391851252397,2.0786782126365058,1.4321654097154422
2023-08-22,2.032549985106107,2.0751832146501887,1.4325427765996679
2023-08-23,2.0465701139908314,2.0918220811089854,1.450431703670197
2023-08-24,2.0278461558670173,2.0569499588800237,1.4224256618278754
2023-08-25,2.0386971624582992,2.06848191412391,1.4328774218959017
2023-08-28,2.049817724031258,2.08055577384698,1.4423719829337167
2023-08-29,2.0677831514124825,2.1129161368216454,1.466001429424264
2023-08-30,2.0747111372484297,2.12980372663905,1.4790146858867013
2023-08-31,2.0639078400554918,2.13775812623331,1.4871994935810537
2023-09-01,2.0803900702797495,2.1517972163697947,1.4926417606632807
2023-09-05,2.0772867548624667,2.1344058341020467,1.4812998605921825
2023-09-06,2.0573696230765552,2.128450825614365,1.4791049129192022
2023-09-07,2.039030096568017,2.116931906408047,1.4785201463443984
2023-09-08,2.046715476950718,2.1245189753669123,1.4839856463360592
2023-09-11,2.0507904797908223,2.1353145179225628,1.4936387317007058
2023-09-12,2.056498401812715,2.1421350219339637,1.4966837044516952
2023-09-13,2.0567552041208934,2.143000816928294,1.4963200308211362
2023-09-14,2.078726789790432,2.150173027615349,1.50402719046652
2023-09-15,2.072030378270113,2.1380622263938163,1.4943978877556046
2023-09-18,2.069954737758237,2.153126137607266,1.500852262716725
2023-09-19,2.0694490919844615,2.1547234671532434,1.498174555797984
2023-09-20,2.0498162616272024,2.139377046835664,1.4880257297866795
2023-09-21,2.019868307624743,2.113238212253413,1.4670695713702762
2023-09-22,2.0126494478157753,2.102579816017998,1.458706450257202
2023-09-25,2.0152612044733083,2.103975867680849,1.4581199669768983
2023-09-26,1.9883935247315843,2.076479506162,1.439184428543121
2023-09-27,1.9862590550001438,2.0754775964334633,1.4376674602457706
2023-09-28,1.9922510634941444,2.085933806098918,1.4471775133959004
2023-09-29,1.9812736783829012,2.0696173019935076,1.4369836066192634
2023-10-02,1.9727477791528387,2.079807678911704,1.4278283536971654
2023-10-03,1.9412420142238298,2.0492918004742213,1.4232334162593283
2023-10-04,1.9475282422302624,2.0712933435326035,1.4079553086155838
2023-10-05,1.9417682344727052,2.0707578871950942,1.409459561263479
2023-10-06,1.959436920306512,2.0906422541695737,1.4231636405263657
2023-10-09,1.9721116204073237,2.1018573467193775,1.4537144614352226
2023-10-10,1.9914452208721367,2.1165939216922625,1.4520800879504123
2023-10-11,1.9849322998828076,2.128967712389176,1.4387365458642656
2023-10-12,1.9737184299514428,2.1100347061062363,1.4364660227211936
2023-10-13,1.9739014168042885,2.09911393947392,1.4456035029002663
2023-10-16,1.9913501605823154,2.1202117320422142,1.4592511669273511
2023-10-17,2.006659147959871,2.134513894370817,1.466710035648826
2023-10-18,1.9917824482439486,2.107889294552918,1.4680991919730908
2023-10-19,1.9800508686123153,2.0939512282979726,1.4652521089468766
2023-10-20,1.9351226541668305,2.064132871334104,1.443391540729579
2023-10-23,1.9264106329647963,2.053167332103672,1.4147528144068502
2023-10-24,1.9324734000792683,2.066876013980145,1.4075921746152138
2023-10-25,1.9283732461440872,1.9895271519845241,1.3819860012585745
2023-10-26,1.916041967121897,1.9467391784997594,1.3607351349915529
2023-10-27,1.8824344926846623,1.9200172740351245,1.3240751437273737
2023-10-30,1.9084964221845278,1.9554523242953656,1.3371888079939225
2023-10-31,1.92685533312844,1.9656408275484387,1.3376611112325616
2023-11-01,1.9392207841419176,1.9924419545020657,1.3534425383436792
2023-11-02,1.990842135979091,2.031636903463222,1.3746086807453357
2023-11-03,2.0019073887422785,2.0467330626952123,1.3749624055124754
2023-11-06,2.0064337768064258,2.0527114694714226,1.3789996172919352
2023-11-07,2.006453099406009,2.0586120846384186,1.3800456255803486
2023-11-08,2.0081373560612112,2.054819615689984,1.379448961546488
2023-11-09,1.997263835690281,2.0419919189676827,1.3719789816027355
2023-11-10,2.0192188543882468,2.065190921179924,1.382881055001975
2023-11-13,2.021554338423914,2.064024770204717,1.3856059494910913
2023-11-14,2.055338840155937,2.097322835828619,1.39316471585682
2023-11-15,2.068887339360812,2.099582247809318,1.3955377620557785
2023-11-16,2.0695761413316376,2.1057090024068175,1.401361419116671
2023-11-17,2.090786307872614,2.12802995755693,1.4100636407286113
2023-11-20,2.102261297976765,2.1378352220584307,1.4156172807275285
2023-11-21,2.097887495503989,2.134264845266101,1.4223045861188823
2023-11-22,2.108627584808494,2.1521910093335674,1.4350864243116461
2023-11-24,2.109798766129694,2.1567152206642417,1.4397413777440176
2023-11-27,2.1049992610768706,2.157685308643925,1.4401632117520342
2023-11-28,2.112472928879194,2.1544408524840013,1.4400800581695186
2023-11-29,2.119470138205947,2.1645613802518686,1.4404737897610278
2023-11-30,2.139290343177922,2.1919324992310223,1.4613768114179122
2023-12-01,2.1601416595316447,2.226422808924977,1.4774292222211896
2023-12-04,2.1523598667765462,2.2399045139941864,1.4804474638963607
2023-12-05,2.147035259639433,2.2223836081216533,1.4737135175400053
2023-12-06,2.1309587346529644,2.216167299648879,1.472634242392017
2023-12-07,2.143395774268582,2.2351772578253195,1.4830681756498576
2023-12-08,2.1498747587017393,2.233721509304479,1.4819233525261486
2023-12-11,2.149356117798203,2.246645763599975,1.4910521453105234
2023-12-12,2.16012584072011,2.277661931119773,1.5084151149925233
2023-12-13,2.2009343639836536,2.306407635031955,1.5278014962726152
2023-12-14,2.231740327399206,2.300161412486038,1.5209755880661586
2023-12-15,2.227750052705571,2.29012224365204,1.5129192437219567
2023-12-18,2.23631792357317,2.3082775423854938,1.5222038134601177
2023-12-19,2.2526022658268468,2.313304369604399,1.5241906958408031
2023-12-20,2.2146621717018755,2.2598325135731883,1.4937553324265846
2023-12-21,2.23545252803756,2.2873572805588354,1.5086433153478997
2023-12-22,2.242080814045432,2.300097149666334,1.515712859349284
2023-12-26,2.2510593522726516,2.3067368873923977,1.5209716069936132
2023-12-27,2.2540301388524995,2.309997896697248,1.5224939899497996
2023-12-28,2.2547915653427064,2.32118005280669,1.5293705276925695
2023-12-29,2.2503037991433814,2.3272062238358324,1.5327231292182661
2024-01-02,2.2466337720380203,2.334425101907953,1.5380277648535472
2024-01-03,2.23707212012401,2.318494357412556,1.5357797239439028
2024-01-04,2.232103806716968,2.329679061897316,1.5271600569432124
2024-01-05,2.2400348444103093,2.3478143768214523,1.530879625716069
2024-01-08,2.25075887663764,2.345122291515526,1.5426158532053174
2024-01-09,2.231736324226088,2.3287766073158043,1.5476466077606688
2024-01-10,2.2276816616552693,2.3270714994715385,1.5484754487300671
2024-01-11,2.223325912803335,2.324276021698088,1.5458773891618283
2024-01-12,2.2204294051719735,2.310438680897942,1.5456911655860148
2024-01-16,2.1969837363989897,2.2951084852237345,1.5395574760214839
2024-01-17,2.1910557854857546,2.2904221297127507,1.535162961067873
2024-01-18,2.1995996439183902,2.2954055279836916,1.5399970601586956
2024-01-19,2.2248750960082995,2.3421054957952365,1.5681934615550817
2024-01-22,2.238167259822011,2.358747188299092,1.5701841689673588
2024-01-23,2.246517296591639,2.369827007773127,1.5808001025907277
2024-01-24,2.2494813756018233,2.381026914360994,1.5880994312678038
2024-01-25,2.2702706702250186,2.398662542847402,1.606795349092127
2024-01-26,2.307628139938201,2.424151624383567,1.6130766176812534
2024-01-29,2.3108951835365894,2.440467412342593,1.6227247539071552
2024-01-30,2.3279352355347895,2.4781303651010713,1.6259254305275723
2024-01-31,2.290650848896128,2.4426036612595285,1.576058681436791
2024-02-01,2.3137694444618226,2.4625328798909907,1.589216663813979
2024-02-02,2.323415278595545,2.5060846111071853,1.6097242384500017
2024-02-05,2.3187317821499622,2.500150911694588,1.6067514326565493
2024-02-06,2.32297668792757,2.499312749327186,1.60729096506187
2024-02-07,2.3349702045845566,2.511734464476168,1.6116833655990905
2024-02-08,2.3367790454733597,2.5056154930212995,1.6079617390904282
2024-02-09,2.3385835313918073,2.5278046049598153,1.6160531257047868
2024-02-12,2.343142404123551,2.527066436583125,1.6203815309949572
2024-02-13,2.307319531800743,2.4862264042075055,1.5980796377955786
2024-02-14,2.311070617354119,2.497019185216464,1.604613368643966
2024-02-15,2.3397513017380263,2.520552327784355,1.627201804257454
2024-02-16,2.335664872483453,2.5113945584825395,1.6245415207856535
2024-02-20,2.3388745967291746,2.501184440467456,1.6169530490570383
2024-02-21,2.3432747414699824,2.5137358244117185,1.6272212951611718
2024-02-22,2.362002496032645,2.549731007234353,1.6480463176210467
2024-02-23,2.361987485719077,2.553510953615503,1.6500621473547092
2024-02-26,2.3560319438526234,2.5328788028372435,1.6418697521388488
2024-02-27,2.3632448664147216,2.539213198161655,1.644028612825824
2024-02-28,2.3598178651121753,2.531719589127517,1.6401469725117677
2024-02-29,2.3631306559495955,2.5467095654637886,1.644710238545277
2024-03-01,2.3597742404402116,2.548912515718834,1.6499674389455838
2024-03-04,2.3456279672774616,2.541006156273423,1.6384013122193355
2024-03-05,2.33406067468749,2.558862129932013,1.6443682480821862
2024-03-06,2.336950974835185,2.567213104047947,1.6506332544258464
2024-03-07,2.353211522452728,2.564053902674071,1.65304661319763
2024-03-08,2.3578169603401364,2.5701307559744357,1.6560881471658957
2024-03-11,2.3678127876365034,2.5838709461874987,1.6582889147380515
2024-03-12,2.380123698890112,2.5950280815045526,1.6708658940517989
2024-03-13,2.3856730426362347,2.607651268758178,1.6793773318153782
2024-03-14,2.381481841151593,2.605093928602272,1.6814542993262989
2024-03-15,2.368305789663556,2.593084528676668,1.670359708634661
2024-03-18,2.389596678639459,2.617298218414997,1.6843148320618944
2024-03-19,2.403746939463767,2.6377653803114303,1.6985272795022937
2024-03-20,2.4340855277120994,2.6586283029333675,1.7146516187355763
2024-03-21,2.426676559182904,2.6690055596988156,1.7200790067844136
2024-03-22,2.4134318517455395,2.644394966905628,1.6980282019866204
2024-03-25,2.411881331607993,2.6385299382178236,1.6924829376095722
2024-03-26,2.406250509642489,2.6394409501782925,1.6881991711028141
2024-03-27,2.4363207545891683,2.6629761024749072,1.7009553380446862
2024-03-28,2.43943998514649,2.681307126643669,1.7107381822357242
2024-04-01,2.4357996461383786,2.6896023615181397,1.715724247636222
2024-04-02,2.423859922062191,2.680301293247052,1.717893172689232
2024-04-03,2.429547713843881,2.684828964133697,1.7196776002884733
2024-04-04,2.3992237213235152,2.651810970777428,1.7031113752317435
2024-04-05,2.4173517817097947,2.6658679653380166,1.7084501063712383
2024-04-08,2.4222029897729946,2.6774871700807816,1.7134291803227677
2024-04-09,2.4174219166371773,2.6840690399838256,1.718971587451539
2024-04-10,2.3894554596174875,2.649833238621308,1.6996133691199777
2024-04-11,2.4048444495743118,2.650202934825906,1.6984836461727024
2024-04-12,2.3915055447965337,2.6166574188579497,1.6734124277600109
2024-04-15,2.3777514591973175,2.6123108775556365,1.676872085235388
2024-04-16,2.354632977645294,2.6023225238600793,1.6743430425183325
2024-04-17,2.3567805890435767,2.6118951734953195,1.6855807735663553
2024-04-18,2.3624287661213716,2.6177935857521706,1.693422909827776
2024-04-19,2.4170666325747443,2.6545031267777084,1.7189703167889319
2024-04-22,2.441185908570882,2.6939765545779366,1.738963433686095
2024-04-23,2.4685680812930344,2.7151440317344147,1.7478169671785173
2024-04-24,2.4768243269722707,2.7200795730346394,1.7588910205737807
2024-04-25,2.472202758097088,2.699030657526714,1.745359311769154
2024-04-26,2.4731470314274104,2.7366388358181872,1.7614823778672701
2024-04-29,2.493425720099003,2.748932070224195,1.7689894373230262
2024-04-30,2.453318829305166,2.721699163080585,1.7527984725550945
2024-05-01,2.4357991736171773,2.69992151913899,1.737900552016818
2024-05-02,2.4533138286560408,2.7246101537508047,1.7531076837770607
2024-05-03,2.4744985042271477,2.7411476009238136,1.7594742734689528
2024-05-06,2.4933211120855616,2.761287831096642,1.7719221669422394
2024-05-07,2.5034103786277684,2.7755955223854922,1.7782819719739635
2024-05-08,2.5053777264984967,2.766122998796527,1.7717469978954932
2024-05-09,2.530681935026623,2.7924127534669556,1.7893552976587943
2024-05-10,2.5394909970603132,2.790264010698299,1.7880780590904082
2024-05-13,2.5334164506854417,2.7878096111932402,1.7856248537815318
2024-05-14,2.5429636304723275,2.7899612873648114,1.782427634696897
2024-05-15,2.5556650357202186,2.8045637259046248,1.7865175879704533
2024-05-16,2.564164242235196,2.801249589198081,1.7829558266577032
2024-05-17,2.577088515524387,2.819007381465541,1.7933278453683754
2024-05-20,2.5653138230293377,2.817379012894174,1.7880780004368084
2024-05-21,2.576900860316732,2.8147223467232334,1.784737818143756
2024-05-22,2.5636157994515467,2.786066978745141,1.7681778027882773
2024-05-23,2.522466317253827,2.7483683346230094,1.7475645833546163
2024-05-24,2.54607676378745,2.7742632863189356,1.7598462319423673
2024-05-28,2.5386348588860055,2.7842013691873047,1.7675225825973728
2024-05-29,2.5220187821411,2.7707898357565335,1.7560742798375428
2024-05-30,2.529449014959474,2.777486506821422,1.762747434809827
2024-05-31,2.568268160111617,2.812815116587336,1.7899674031361685
2024-06-03,2.5512108230624206,2.784573920999084,1.7758955421614582
2024-06-04,2.555311489746187,2.7628244652996603,1.7624763693814762
2024-06-05,2.552428257998688,2.7720439548169247,1.7703313644395218
2024-06-06,2.546952921457793,2.7598462624311484,1.7616354916514487
2024-06-07,2.5501628306251125,2.775596700163788,1.774848000679084
2024-06-10,2.539105624596957,2.7640984699021502,1.7619079128601998
2024-06-11,2.541164598560985,2.7252745641660803,1.7751444954269544
2024-06-12,2.55028215931004,2.7458432538974313,1.7958414594923897
2024-06-13,2.541455852997027,2.739781648420567,1.796694148249347
2024-06-14,2.5427347408442023,2.720747557628153,1.7804985150880488
2024-06-17,2.568800812617694,2.733371556653741,1.7931769594853335
2024-06-18,2.576273947823503,2.7571342708367728,1.7993473954170163
2024-06-20,2.5774025109584033,2.761331682823837,1.7928997561433715
2024-06-21,2.568627461158302,2.7523305866674472,1.7871733065563051
2024-06-24,2.5971362622182026,2.783103216051203,1.802888027570286
2024-06-25,2.588523859800401,2.753860314989715,1.792510485780431
2024-06-26,2.5857119443483767,2.726526808043272,1.7882097405181283
2024-06-27,2.5822373944352686,2.735348242686204,1.7934271415730751
2024-06-28,2.582080006086605,2.6979271343283053,1.753726107817891
2024-07-01,2.6002225463610964,2.7102288737049345,1.760802449758594
2024-07-02,2.6236328058859777,2.7235458051669887,1.7710376376669363
2024-07-03,2.6258562411294273,2.7182822084984926,1.769610345741522
2024-07-05,2.633713942834825,2.73534547927237,1.7863130489950476
2024-07-08,2.628753425414771,2.71822123769487,1.7729251398495693
2024-07-09,2.6433306554528153,2.7154441004279573,1.7704513481208015
2024-07-10,2.6641984813045485,2.7345681219605984,1.7832350172040505
2024-07-11,2.657501626217593,2.7060252228679866,1.7613903232015695
2024-07-12,2.665958511892593,2.708105621956544,1.7627774110215702
2024-07-15,2.695628430509064,2.7074902651405495,1.7683755067664906
2024-07-16,2.7379028608578486,2.7107317123168264,1.768403321942926
2024-07-17,2.7458881602341862,2.7086348919683556,1.765021692905787
2024-07-18,2.723144595715195,2.6817883372142393,1.749052948390677
2024-07-19,2.6913039730914887,2.6726290920289903,1.7414417654638727
2024-07-22,2.6883354899715974,2.6691379149523318,1.7431431953707495
2024-07-23,2.6930281250804957,2.676551520570749,1.7466006561430945
2024-07-24,2.6555427076292006,2.6340623220013475,1.7130543324739194
2024-07-25,2.6530284435234637,2.619836526359607,1.7003633381498204
2024-07-26,2.6827302225311374,2.629078655386878,1.7120771516868132
2024-07-29,2.6838523958488847,2.6375911875924594,1.7184948376121594
2024-07-30,2.7136458930775595,2.6447747085906452,1.7286616950875404
2024-07-31,2.7168529897910876,2.6666310009279477,1.7389200064560775
2024-08-01,2.6824927463859876,2.6613178444242704,1.744432332566722
2024-08-02,2.622556515864579,2.6470423655093107,1.7514688964482554
2024-08-05,2.544224139912185,2.5859696026025487,1.7166201938434484
2024-08-06,2.5550829059995306,2.5928160096340704,1.7086374170077463
2024-08-07,2.5576782011357695,2.579213337258822,1.708155481195288
2024-08-08,2.6046829500264246,2.6275847450910352,1.7289693764840797
2024-08-09,2.626849039825169,2.647328226681937,1.73444922124979
2024-08-12,2.6209442476789,2.6319382544375,1.7064279835051752
2024-08-13,2.6369640624350628,2.651717670446401,1.7185096574965224
2024-08-14,2.656028419824787,2.6819944057269005,1.7265170169232416
2024-08-15,2.6869668336319337,2.695392625147275,1.7276859025163678
2024-08-16,2.7035026386540277,2.711975528199107,1.742380024978782
2024-08-19,2.717817700882212,2.7363554309102205,1.757812483624319
2024-08-20,2.703197829908518,2.7171495992698693,1.7568533544282734
2024-08-21,2.6886774459141973,2.7172619733687573,1.756961388833397
2024-08-22,2.6943389391783756,2.730163910593155,1.7575531341620028
2024-08-23,2.7241379085992317,2.7581332839442565,1.775026631401212
2024-08-26,2.740294023186315,2.7706637341744407,1.7844331038203691
2024-08-27,2.7441032186411105,2.778775536171322,1.7879314344847534
2024-08-28,2.7459747846554867,2.777167366769549,1.7856050228014326
2024-08-29,2.7687137677718745,2.7890899559093274,1.7914042257958265
2024-08-30,2.7760770862069193,2.7968746969492053,1.8094417258362596
2024-09-03,2.742859039969363,2.7829119723118123,1.8008973678008158
2024-09-04,2.72593659007047,2.7743859900928762,1.7961078396400711
2024-09-05,2.7134417888909983,2.749652035409744,1.781863633168028
2024-09-06,2.6661992419109195,2.7101367811568444,1.7545020488664698
2024-09-09,2.7030217844391147,2.754773644194833,1.7872899652886487
2024-09-10,2.678731451347866,2.7313082584108397,1.772692452837799
2024-09-11,2.6961497924907403,2.7367165526548813,1.7814911299262846
2024-09-12,2.705895793252729,2.7491036813577314,1.7904002609877128
2024-09-13,2.7240396164956673,2.767698745683186,1.8053636513910305
2024-09-16,2.732056467246562,2.7865837008996315,1.8221206158663814
2024-09-17,2.749048811144287,2.8027264077670595,1.8335249648295975
2024-09-18,2.748912194747507,2.7913470274363212,1.8232064735655193
2024-09-19,2.7932132421532923,2.8194381184724135,1.8429296476533064
2024-09-20,2.794633309284614,2.822538234293775,1.8455672937869259
2024-09-23,2.7829778583378864,2.8186911311606377,1.8387499251829658
2024-09-24,2.7729953890202075,2.7996301585937173,1.824423264866314
2024-09-25,2.7593794297863634,2.7933378881897446,1.8221508621499052
2024-09-26,2.7627977400927466,2.796062155692131,1.8254471025904222
2024-09-27,2.7829921195855656,2.812061844673195,1.8358411750606904
2024-09-30,2.8011395747898526,2.8196027456960397,1.8386884293135084
2024-10-01,2.786084615070252,2.8248683495436415,1.8369139700672337
2024-10-02,2.787883190044821,2.807790379581409,1.824164359074344
2024-10-03,2.77856139713386,2.796172428247019,1.8142754031225867
2024-10-04,2.8101096436435387,2.8184084922553265,1.832193041209021
2024-10-07,2.7771542795789768,2.7878988952906916,1.809064422237994
2024-10-08,2.7733722956938363,2.7854564360282748,1.8079006250755418
2024-10-09,2.7945697936236344,2.788573577167808,1.8098067062833811
2024-10-10,2.791189456815642,2.7883399049727053,1.8075447171091685
2024-10-11,2.828296473637747,2.8152168869196967,1.8266439586187475
2024-10-14,2.843352530129326,2.8341243328644716,1.8396131010568464
2024-10-15,2.8437395835560215,2.8350742697787648,1.84583372342754
2024-10-16,2.8635819571216126,2.850689864480595,1.8560641072724837
2024-10-17,2.87632268650932,2.851121805318949,1.8533306253736848
2024-10-18,2.861260231278272,2.8440519818098804,1.8458586132179793
2024-10-21,2.8358190700519548,2.8178537789662825,1.8242000481722562
2024-10-22,2.8386076675865013,2.825898258032699,1.8305351603545312
2024-10-23,2.8133645891388386,2.799448669648436,1.8101775191564002
2024-10-24,2.805799980901106,2.781092868364519,1.7969038694820278
2024-10-25,2.788475946044407,2.7758274304125896,1.7918398604311543
2024-10-28,2.8078053360680566,2.791591778154643,1.8037453469517322
2024-10-29,2.7929576297983565,2.778201217403017,1.795636619576105
2024-10-30,2.7885023917150495,2.788489840824469,1.8051092740605832
2024-10-31,2.758182777035598,2.755393225691302,1.7813652065129386
2024-11-01,2.7621573475962267,2.7678193536066003,1.7948073538628044
2024-11-04,2.7550334941653594,2.7550736953680435,1.7776688265631964
2024-11-05,2.7804251058174034,2.7743274954899544,1.7943756175930488
2024-11-06,2.8630232662058797,2.894086726784741,1.8908606969146897
2024-11-07,2.8473247487281985,2.886856022764001,1.900048006769662
2024-11-08,2.8569452396921045,2.895993943768294,1.8919149868465561
2024-11-11,2.8704393207583316,2.909633200001119,1.9156633578404814
2024-11-12,2.853718846521243,2.896795063067439,1.9171512266025048
2024-11-13,2.860574004781446,2.9162694461138483,1.9070521340431426
2024-11-14,2.8691640581326037,2.9362515150638364,1.888816880987011
2024-11-15,2.8546170406221503,2.9404541563935096,1.8726193296001639
2024-11-18,2.862622296205379,2.9537025760976903,1.8859479239220232
2024-11-19,2.8581319323189955,2.9405128040942548,1.8997985530433643
2024-11-20,2.8700521871212743,2.941223426064496,1.8844234976479912
2024-11-21,2.892242263798355,2.9482800241592093,1.8492435482600957
2024-11-22,2.925488929747288,2.9723492689024735,1.8456631735036761
2024-11-25,2.9489002284108015,2.9898870657051657,1.8737135130350984
2024-11-26,2.962799085142892,3.01526146732422,1.8881608250376927
2024-11-27,2.9606923784597634,3.012700448205869,1.88765241702006
2024-11-29,2.9665503623327893,3.0152088206509187,1.8865892688436836
2024-12-02,2.958631728746274,3.0146078058340677,1.8833076237120172
2024-12-03,2.9573922692540964,3.0013939276717,1.875962784686829
2024-12-04,2.9380977780903934,2.9797943110246017,1.8662107106447567
2024-12-05,2.9399870352866824,2.971094247045843,1.8655642237610226
2024-12-06,2.9369944417985696,2.9556633209890864,1.8603224547295987
2024-12-09,2.925653539176641,2.9601925512825984,1.8533738769123738
2024-12-10,2.9420692153908967,2.9636899869184323,1.8523638161483733
2024-12-11,2.9481198563888795,2.9834757501257463,1.8588606893649966
2024-12-12,2.94751209507953,2.9736073010693285,1.8569861407660835
2024-12-13,2.940035446550158,2.957547466888371,1.8515090216044878
2024-12-16,2.9337489310868787,2.9412659266995815,1.8438127263496038
2024-12-17,2.9316852167140866,2.939345174981575,1.8434868408953748
2024-12-18,2.848720538192938,2.869900995341702,1.798436689580108
2024-12-19,2.853555736013078,2.8499353045603057,1.7946284268759005
2024-12-20,2.897157023943663,2.889107559148244,1.8141052159076179
2024-12-23,2.9029862209765724,2.913942024554756,1.8236566185927348
2024-12-24,2.9342409348443126,2.9403667753671163,1.8413878556923176
2024-12-26,2.9381921743766193,2.9457409973515403,1.844592447137387
2024-12-27,2.9199488366976794,2.9338526189139755,1.8347695935307275
2024-12-30,2.8906319057219516,2.911696153292023,1.8165108859802863
2024-12-31,2.894227668401918,2.925280739837046,1.820588331874154
2025-01-02,2.8880385120819705,2.9258910222868564,1.8264884932633718
2025-01-03,2.9105444566861767,2.9523993218052342,1.845548269951237
2025-01-06,2.9047801811800795,2.933857195050798,1.840784371499764
2025-01-07,2.9074499740392814,2.9359313579601674,1.8507753331533703
2025-01-08,2.9183402134566787,2.9474071288532246,1.8514277789137674
2025-01-10,2.859299295604108,2.8806044537512583,1.829545067875612
2025-01-13,2.8788105735418603,2.917543064968263,1.8628651538643215
2025-01-14,2.8981393307395993,2.938343215749885,1.8654055800181053
2025-01-15,2.9577496922834223,2.9948781320240125,1.89189876460343
2025-01-16,2.9416142641918044,3.012015155877741,1.8985728119280343
2025-01-17,2.952201002994709,2.999869336237525,1.8907468927007263
2025-01-21,2.9454944400309406,3.003190253990234,1.8718500129879496
2025-01-22,2.9414787993295315,2.9939949923962765,1.8620403003471064
2025-01-23,2.9532241358630587,3.0057383897336467,1.8637735177916726
2025-01-24,2.944273602558368,2.996878242624826,1.8503799846242832
2025-01-27,2.9782154867902015,3.0380468804900906,1.871134671449147
2025-01-28,2.979541269196176,3.0161943729751686,1.8542871233752867
2025-01-29,2.980019175862788,3.0145154402681,1.851859218240619
2025-01-30,3.0023154437860047,3.0425530558059783,1.8623730587792824
2025-01-31,2.9678560294385683,2.992832920237336,1.8113900195131287
2025-02-03,2.945268803954249,3.0005567551993586,1.810100878690924
2025-02-04,2.96221828355382,3.0114018895999823,1.8164648274840225
2025-02-05,2.9733084729874264,3.0091286345674453,1.8203335770173652
2025-02-06,2.9798732007067734,3.004612687298775,1.8214294396475934
2025-02-07,2.958314880126093,2.982456502575686,1.8081427636539378
2025-02-10,2.95087416506705,2.981516929790717,1.8133437435656419
2025-02-11,2.9866514430779683,2.9883623888816433,1.8225000908609514
2025-02-12,2.9748969554507383,2.978441092227842,1.818946213023277
2025-02-13,3.008155646753014,3.0127701517573335,1.8446148022852866
2025-02-14,3.017003351306539,2.978718988556878,1.831078363388202
2025-02-18,3.0230677475578025,2.981043200201816,1.8329431814624253
2025-02-19,3.0281938415878296,2.974235169382819,1.83017488520843
2025-02-20,3.010659513795068,2.9369369821055535,1.8081431304122333
2025-02-21,2.980325202254325,2.9082703208731204,1.7919883506988104
2025-02-24,2.9811052630884194,2.918896075432207,1.7938762900325769
2025-02-25,2.973913864398029,2.9239236178653285,1.797675636947075
2025-02-26,2.9536026229144765,2.9076225718681386,1.7849470202654791
2025-02-27,2.9489039164149005,2.9284739723784403,1.7879927296352363
2025-02-28,3.0054430832823593,2.98924991209624,1.824979081448231
2025-03-03,2.9694603566478355,3.0230732874515795,1.8420279076957267
2025-03-04,2.8879930965789966,2.955598637895667,1.8086200472821898
2025-03-05,2.8830483532130806,2.982295593234492,1.823355590048969
2025-03-06,2.8546338404819465,2.9656653128166357,1.821547426425265
2025-03-07,2.8767306506790242,2.9630522755471165,1.8272319021232244
2025-03-10,2.808583881338253,3.0054542321452615,1.8639415974736775
2025-03-11,2.756151061484962,2.976226850055971,1.84637564015677
2025-03-12,2.7511176773458916,2.9195836211746635,1.8069896524444362
2025-03-13,2.7174792679319753,2.9530761229432723,1.8334663227270178
2025-03-14,2.7774696068968017,3.016627036624969,1.8735854806987235
2025-03-17,2.796445040022998,3.0503536042263315,1.8952350510048923
2025-03-18,2.787288001759382,3.032919923518574,1.8879460154818997
2025-03-19,2.828217997820128,3.046994483796861,1.8955355605740374
2025-03-20,2.829174673778984,3.028946438376823,1.8844138304885694
2025-03-21,2.8300354935927903,3.005524349129034,1.8691783107842965
2025-03-24,2.8669881323891726,3.0152618723504,1.8700075310308815
2025-03-25,2.886893659672992,3.0188860717407104,1.8709422303579024
2025-03-26,2.880673191375703,3.0513061531308288,1.8956826397416833
2025-03-27,2.8770056651016027,3.080526539342671,1.9118035501708794
2025-03-28,2.822527160553125,3.0505604661308006,1.8993566545985268
2025-03-31,2.8613217533760507,3.1043133452589435,1.932510870028524
2025-04-01,2.868666438204581,3.1156193196111714,1.9327874278071904
2025-04-02,2.8812834270003456,3.1315352070932003,1.935140075273518
2025-04-03,2.692548534656683,2.893926479583627,1.8245832880513602
2025-04-04,2.5197799785105572,2.695475764331565,1.697636253733854
2025-04-07,2.491719673621998,2.6476937173537856,1.653237856388198
2025-04-08,2.4404912351257084,2.5666100745449656,1.6000314831230784
2025-04-09,2.6721295451575098,2.855168092000374,1.7560293971286622
2025-04-10,2.5656182016494524,2.709434754840293,1.6772306870584477
2025-04-11,2.61073833410237,2.7711034513218245,1.7155993955063285
2025-04-14,2.6490732754421673,2.790216932207627,1.727739006246275
2025-04-15,2.6564231429687237,2.7749337921698762,1.7160087028233413
2025-04-16,2.6151162117327464,2.7242324358537218,1.69193697869641
2025-04-17,2.6325940443507565,2.743700581354218,1.7114587389724516
2025-04-21,2.5768120497149525,2.6689301666068928,1.6730897698569285
2025-04-22,2.659139524500517,2.753678650384182,1.7188988600608959
2025-04-23,2.69065364698823,2.797380297701151,1.7323702347725474
2025-04-24,2.729741376081741,2.850525595686651,1.7522137587006625
2025-04-25,2.721885109903308,2.853182830359089,1.7511856287304524
2025-04-28,2.726826810108124,2.8629787772885504,1.7558783342706021
2025-04-29,2.7417476932081764,2.874195779341783,1.7636614078044475
2025-04-30,2.738034931099896,2.861433541196669,1.760229060782108
2025-05-01,2.742422330557913,2.8607523893582734,1.7616666896342221
2025-05-02,2.769158684596987,2.900814667677418,1.7715043611801762
2025-05-05,2.7474123092991847,2.8955429313496226,1.7627969003923096
2025-05-06,2.7385735419638966,2.8880051656441172,1.7606533738395862
2025-05-07,2.736828015316338,2.871415396639897,1.7619033281436551
2025-05-08,2.7709493244757915,2.8941262108838286,1.7742085350413974
2025-05-09,2.777066234665893,2.893329776019048,1.777909847434562
2025-05-12,2.869641561202241,2.9766430448225956,1.8325621022667236
2025-05-13,2.8858437357877946,2.9833385544298614,1.840394258071951
2025-05-14,2.877014375077865,2.980598172081815,1.8278425293546063
2025-05-15,2.8936270491548277,3.010581547775258,1.8434263764638
2025-05-16,2.901475120566292,3.0323388538307037,1.8554166818378008
2025-05-19,2.891527986665712,3.040244670048146,1.8547061242089824
2025-05-20,2.870194749023219,3.019251189489085,1.8466829824505118
2025-05-21,2.8073799672273934,2.9618535955717435,1.802768775848717
2025-05-22,2.802909829348895,2.9589230854954054,1.7964661334043126
2025-05-23,2.7851918697611153,2.929699301832573,1.777217447289213
2025-05-27,2.840215547458493,2.9927224641861687,1.812873566838028
2025-05-28,2.827114328809052,2.978384898590586,1.8001938851602644
2025-05-29,2.843705410870384,2.9875443471815593,1.8039812407206701
2025-05-30,2.842089066616637,2.9898780789584882,1.8066298155553808
2025-06-02,2.849714255631763,2.993873232956991,1.8097514030359168
2025-06-03,2.865156963229622,2.998439626445028,1.8056223553881698
2025-06-04,2.8531481243339027,2.9873672527430983,1.7992045048127805
2025-06-05,2.845385881949604,2.987482158922257,1.7985115722280636
2025-06-06,2.8909422210745297,3.032541435379694,1.8389295387500804
2025-06-09,2.88397658543346,3.0225293650164478,1.8489079261653278
2025-06-10,2.8950794097011285,3.0249394206983453,1.8627934943872577
2025-06-11,2.883983135836174,3.0176684964521185,1.8576589002564428
2025-06-12,2.882228145768845,3.0164102833976134,1.8578366840504164
2025-06-13,2.8406730776876654,2.963626442720708,1.8535512289851765
2025-06-16,2.860705224299928,2.9897312608364293,1.8640814300600088
2025-06-17,2.847758468500656,2.97554630185122,1.866377986676172
2025-06-18,2.8538576724383797,2.9725232119828844,1.8502981745522018
2025-06-20,2.872586343875815,2.9755952213539003,1.8348407620173435
2025-06-23,2.882619142873426,3.001621604494427,1.8234852569237237
2025-06-24,2.9035910632977013,3.0391301992719164,1.8228944609680506
2025-06-25,2.8996529094809693,3.027535318503795,1.8259835454287057
2025-06-26,2.915306473683374,3.04507135126736,1.8486913379597227
2025-06-27,2.9328703772403046,3.0720199163191046,1.8712643145181473
2025-06-30,2.9558775207311516,3.101186144004461,1.862829784832318
2025-07-01,2.9934527237548236,3.1355027867239307,1.8873403086579197
2025-07-02,3.014805219859191,3.1615643055127576,1.901978493189505
2025-07-03,3.0338329779343924,3.185788993826833,1.9156137870395586
2025-07-07,2.999279718773438,3.149975073375532,1.8959707062995055
2025-07-08,2.9880096858757157,3.102488218056563,1.8658524548143247
2025-07-09,2.9864115935917734,3.1077709314146915,1.865703082019727
2025-07-10,3.0151269811880126,3.132149146663357,1.8826533295820373
2025-07-11,2.999390676433771,3.116233157727288,1.8703838976197695
2025-07-14,2.9936130489409565,3.121019956620667,1.874223451201426
2025-07-15,2.945374057682457,3.0817691556496163,1.8458411720100725
2025-07-16,2.953007948830305,3.0846751308634848,1.8468639253447898
2025-07-17,2.984024720657923,3.110773148481531,1.8674292755619908
2025-07-18,2.963093967614458,3.1085669284972393,1.8622600416361996
2025-07-21,2.954792641418399,3.1158410550213445,1.8618599072344286
2025-07-22,2.974501462449217,3.1356008751257405,1.8759169324676082
2025-07-23,2.9943118315321797,3.1432202181304407,1.888732363504438
2025-07-24,2.999095196856314,3.1516020636853774,1.8892652591552062
2025-07-25,3.007074053203217,3.1592845440481185,1.8950930100127135
2025-07-28,2.9977616130896925,3.151344242441612,1.8904364971827001
2025-07-29,2.99577031293783,3.1365410201321726,1.8806587422237675
2025-07-30,2.9648645414311505,3.115442534515018,1.8671753814520917
2025-07-31,2.9306574131966556,3.0867762209677068,1.847205339107744
2025-08-01,2.8894559626771312,3.0412218509816893,1.8082570947570142
2025-08-04,2.9090563995386916,3.105987834356726,1.8486447956832548
2025-08-05,2.9046354420034928,3.1006807563576397,1.8477083790464186
2025-08-06,2.9252893095717183,3.1088524141799483,1.8588477438991173
2025-08-07,2.942570425160609,3.1210237055894994,1.861618872102811
2025-08-08,2.9895301036389323,3.1864273212990315,1.8900890775860553
2025-08-11,2.9781277608148407,3.1717973752941506,1.8799573011483244
2025-08-12,3.017113394290194,3.205876632803169,1.897287523394231
2025-08-13,3.043714819289378,3.2070376976323187,1.9018881482115964
2025-08-14,3.0426556615097886,3.220344158830542,1.9097821174747387
2025-08-15,3.0307540391184844,3.2235406736380794,1.91156054081146
2025-08-18,3.027864711830231,3.213449327530311,1.90049256778901
2025-08-19,3.0312421621983203,3.1930228013634716,1.889775436978852
2025-08-20,3.0380318083835416,3.181754007440569,1.883220644130215
2025-08-21,3.037197278320956,3.1870498585938076,1.8828558141516927
2025-08-22,3.0941632008024986,3.2770169333026486,1.9292982753647414
2025-08-25,3.0744079725037166,3.3003994922426143,1.9351658934278746
2025-08-26,3.092580222775214,3.285229674327625,1.9286999921607086
2025-08-27,3.107491348809109,3.299314735672903,1.9342071105801848
2025-08-28,3.123195049784813,3.3494740371141263,1.9555176812173756
2025-08-29,3.1457737379138146,3.3678567344527437,1.9621436688721863
2025-09-02,3.1295679180547045,3.366047043178114,1.9606103027056683
2025-09-03,3.1279366475899444,3.3320953719087725,1.9551572925504153
2025-09-04,3.150884436583461,3.366307335284616,1.967644423612749
2025-09-05,3.124636273826521,3.3206196183207837,1.9442932486520046
2025-09-08,3.1123671423644783,3.3086059706271187,1.9337140289197958
2025-09-09,3.113509512636342,3.306851429384256,1.9364927911003393
2025-09-10,3.0991059853905556,3.304198507710039,1.941538114457547
2025-09-11,3.132702790243919,3.3413968568482058,1.9543427398731514
2025-09-12,3.117499510038399,3.3288320163604914,1.9519741039429634
2025-09-15,3.1236119084750005,3.3428362053252174,1.960481905042075
2025-09-16,3.138100164424918,3.3705198488990886,1.9915792620728103
2025-09-17,3.1713517350414024,3.41237120713385,1.9987029643042895
2025-09-18,3.1749870110062437,3.431868606453423,2.003122331587946
2025-09-19,3.1847991758315923,3.4315687037418043,2.000480395215452
2025-09-22,3.2044052829522127,3.4527460454378507,2.0118129640942937
2025-09-23,3.2046793127851982,3.4589449784434447,2.0162913617701705
2025-09-24,3.2011647730714157,3.4616315542474854,2.0197520446136714
2025-09-25,3.2045195171608953,3.4821081191874663,2.03211130543358
2025-09-26,3.211154199980317,3.487556596391074,2.037258053060233
2025-09-29,3.208456926724756,3.4724905288035353,2.0321308589674714
2025-09-30,3.1787481241679436,3.4194397270993098,2.0115918064525498
2025-10-01,3.171641482979443,3.427464802354553,2.0140694729381305
2025-10-02,3.160844026728504,3.3499928275942827,1.9639009519240473
2025-10-03,3.171571722287124,3.3781186085518677,1.9796275855987224
2025-10-06,3.1682032121718677,3.3920628144903433,1.989792885030257
2025-10-07,3.1671368014164285,3.400028503013401,1.991672918944162
2025-10-08,3.1463422913298515,3.384245906707723,1.9792186510838718
2025-10-09,3.131728037236443,3.3582941361955636,1.9638040457978239
2025-10-10,3.0713079876305076,3.2618927321038194,1.9049864554805294
2025-10-13,3.0978738702036526,3.268770196669175,1.9145072404270291
2025-10-14,3.1428482247184024,3.2959872187225847,1.931653860592177
2025-10-15,3.149327343991396,3.2850233579887513,1.9225265020878979
2025-10-16,3.101416713362844,3.2049777830899706,1.8759614160360762
2025-10-17,3.1850243524758928,3.2360010238460624,1.9013117806253244
2025-10-20,3.226176975330058,3.265565456068221,1.9171315367448862
2025-10-21,3.2537674119491906,3.2758793690108314,1.9226849511019806
2025-10-22,3.2384366349386555,3.2924680114225904,1.9370980974240837
2025-10-23,3.2591331593508293,3.3502250939000224,1.9717139113864397
2025-10-24,3.279993307292856,3.3630936298918805,1.9758050380909744
2025-10-27,3.311850169559987,3.3738278922457527,1.9810172296536535
2025-10-28,3.2963805637129227,3.3167404157811453,1.9459947494233836
2025-10-29,3.2683230978260784,3.293719161864585,1.936095766666727
2025-10-30,3.2808490708348774,3.3097542688739234,1.9415430670670937
2025-10-31,3.2959620354979275,3.321213264803355,1.949883987349672
2025-11-03,3.2838905845004285,3.378578614148197,1.9598091469453807
2025-11-04,3.2863897230516677,3.355043995145061,1.948062472973896
2025-11-05,3.2873137502330443,3.355964070779161,1.9539845991882052
2025-11-06,3.2947870226433467,3.322187095307934,1.957459628652228
2025-11-07,3.320553567186849,3.33423133952708,1.9486156388419866
2025-11-10,3.3277029614641807,3.3586188828624004,1.9727919576740118
2025-11-11,3.362959688623613,3.3842929697581297,1.9902234237978171
2025-11-12,3.3634819779633163,3.362201663577887,1.983494359984305
2025-11-13,3.33518395333819,3.297929014522624,1.9469782439850254
2025-11-14,3.3141353010880326,3.2595294629793345,1.9296402807614574
2025-11-17,3.2420477930247666,3.199394963858513,1.9105714303267571
2025-11-18,3.248742309005323,3.1401942983649658,1.9040603359083237
2025-11-19,3.257149886768348,3.154601073463911,1.9276377004703569
2025-11-20,3.240547643031604,3.1073544675311604,1.9053023793314967
2025-11-21,3.2978768206413855,3.16087170641325,1.946382660089808
2025-11-24,3.317470951583155,3.20945870087592,1.9926385269245757
2025-11-25,3.3452055027356655,3.2515591567977196,2.016660481396516
2025-11-26,3.3565983688311203,3.2576432533044017,2.0183632810437757
2025-11-28,3.3765024590924386,3.294261743954924,2.031521598886967
2025-12-01,3.3651111944410155,3.2699053550975536,2.0158632892430073
2025-12-02,3.357586417794259,3.2589146527869786,2.01003025565995
2025-12-03,3.3860298438945295,3.2834377222952784,2.0250650986506673
2025-12-04,3.3811110334644514,3.266417863574882,2.0127685229922627
2025-12-05,3.371679487893151,3.2682068780929847,2.0170312476765377
2025-12-08,3.341672782360919,3.242246091932406,1.9968565442224975
2025-12-09,3.341521290814992,3.2452260963028996,1.9945738750232804
2025-12-10,3.380871347451748,3.2573664888300913,2.0040397106764702
2025-12-11,3.40473867968467,3.2901765358029484,2.0297248978037663
2025-12-12,3.4136185687031104,3.293628278011698,2.0313816976274217
2025-12-15,3.4067591830892283,3.2976089290534727,2.0316140560271636
2025-12-16,3.3854624322298266,3.2974390403437464,2.036000848333163
2025-12-17,3.3818799105956145,3.2970738632094396,2.031491631890472
2025-12-18,3.370753389821909,3.294958102373854,2.033406170911537
2025-12-19,3.384175373889457,3.300151431628586,2.0402317028345482
2025-12-22,3.403326449621448,3.307951255492097,2.046045777700524
2025-12-23,3.4104654663606144,3.31046498641731,2.0482834781385533
2025-12-24,3.421204150402812,3.3258303982864224,2.059504865294064
2025-12-26,3.4134859085111575,3.3279281900038753,2.061406813187662
2025-12-29,3.4017093265649545,3.326058947987832,2.0570577039590248
2025-12-30,3.401307968447165,3.3277269427228724,2.054521531504821
