,disclosed,mean_variance,black_litterman
2018-02-01,0.004994869191353198,-0.0109452585013053,-0.016777036568110807
2018-02-02,-0.03112841310676781,-0.004316649449589215,-0.0013636479407985423
2018-02-05,-0.042070564447174254,-0.039135213129076925,-0.03645872215341629
2018-02-06,0.023415828867075942,0.027588591871310252,0.023240627859473787
2018-02-07,-0.007930444950418263,-0.006476325727812789,-0.008661469605094368
2018-02-08,-0.03996529058568796,-0.0436904335406637,-0.04646375749375529
2018-02-09,0.018701250236906938,0.008325176383603165,0.010857331875140572
2018-02-12,0.024646360421370177,0.028065401382484284,0.02529727935484869
2018-02-13,0.0026207083366037425,0.011489297549052724,0.010955480838215445
2018-02-14,0.0135028266045163,0.017345052942484798,0.01854369778398136
2018-02-15,0.01097088412923283,0.010499874471523923,0.007717919814167949
2018-02-16,-0.0018660895774042557,-0.0012201561658573808,-0.002389590475980874
2018-02-20,-0.0049415422337933425,0.0009556603066115347,0.0029729803552781485
2018-02-21,-0.0057962592261542375,-0.0007984721104753329,0.0008150920526846181
2018-02-22,0.0017713745814124005,0.0003186373049937553,0.0001561295198149957
2018-02-23,0.014677074602925414,0.011148020173168023,0.011134513376265413
2018-02-26,0.014805667707287955,0.011320344196849777,0.014560095041052542
2018-02-27,-0.0110758633618594,-0.008978288947821529,-0.011046187516721963
2018-02-28,-0.011838810637327711,-0.006839651335673623,-0.007520961019783062
2018-03-01,-0.012600582009384768,-0.012401121164545004,-0.014933572220424119
2018-03-02,0.004520936993955917,0.004993217878191562,0.005579946831522437
2018-03-05,0.008701218646506125,0.008777133242610527,0.010499933279430535
2018-03-06,-0.0016247655849899805,0.0025915475820799507,0.0024575878531589157
2018-03-07,-0.002681096070585812,-0.0024925259124517238,-0.00016886454543500385
2018-03-08,0.006150499312776661,0.005247609334425428,0.005652335941811173
2018-03-09,0.018249417864791815,0.019489854054021774,0.01801563508501583
2018-03-12,-0.0023878422337416743,0.0060295477149115975,0.006314217702145747
2018-03-13,-0.011152030921592667,-0.00878347874184814,-0.009904784683787334
2018-03-14,-0.008196078350240311,-0.006069932911252311,-0.004135533327908897
2018-03-15,-0.0008864600801463094,-0.0006682106758234107,-0.0013868954960730775
2018-03-16,0.002394647203180036,-0.004244042796110446,-0.002896469796210284
2018-03-19,-0.010254125993507472,-0.014036121009797871,-0.013690883873630377
2018-03-20,0.0010476245011271643,0.005458780155017398,0.00968355690010242
2018-03-21,-0.0030438111235230104,-0.004846382863241676,-0.007176981727240374
2018-03-22,-0.025636543397888265,-0.019897903342781312,-0.0225333343247809
2018-03-23,-0.01732146222387613,-0.020289344458011196,-0.02524999550359135
2018-03-26,0.028582397580655988,0.03640852950138572,0.03771533355743602
2018-03-27,-0.0160338542081956,-0.02243796295303727,-0.02719449770177669
2018-03-28,-0.0021352665327872833,-0.01994613027620559,-0.020803924824654537
2018-03-29,0.012153550617309166,0.010298756261908397,0.011676547503035194
2018-04-02,-0.01856036965852677,-0.015117949805046682,-0.020474685238838244
2018-04-03,0.015066524332829838,0.016737455175200266,0.016655595049658672
2018-04-04,0.010597424175947797,0.0073995960406381175,0.007248471338231813
2018-04-05,0.009334851595088614,0.008441805978532165,0.00850071525958986
2018-04-06,-0.020257028567930265,-0.01379260936758432,-0.014190784613375973
2018-04-09,0.0055543807911058955,0.008172471065224495,0.0025809759843678374
2018-04-10,0.014542499147182461,0.014763377459833232,0.010399256159128052
2018-04-11,-0.006674165857915857,0.002590614224127869,3.2898718316771504e-05
2018-04-12,0.010692248829920419,0.0029846960528332727,0.0015523759981431312
2018-04-13,-0.0014236915589196366,0.009125731927309665,0.006798665739523391
2018-04-16,0.006690216040938124,0.009704715591754618,0.0067282603085233785
2018-04-17,0.007106580131976774,0.005969888017967818,0.0038158693323511704
2018-04-18,0.002102985351262268,0.0031398149702531577,0.004103433597031677
2018-04-19,0.015831509631195676,-0.0074537941149420426,0.002445826430954528
2018-04-20,-0.01447982731310809,-0.012178725795029682,-0.00942027834780615
2018-04-23,0.0004311457815509325,0.001253486898845588,0.0023987951111809486
2018-04-24,-0.010458362660156421,-0.008913044976527638,-0.011856601212661322
2018-04-25,-0.003836797560102572,0.0019005307483542875,-0.0037677208166359503
2018-04-26,0.008370739391579599,0.0015929314640671715,0.004573538966252538
2018-04-27,-0.0006166553819229691,-0.001903642577926991,0.007812821565129132
2018-04-30,-0.0030000803974122633,0.0014304438353151742,-0.005822640723404161
2018-05-01,0.002414211977253184,0.0007422518466917995,-0.002071635548081988
2018-05-02,-9.318856174480828e-05,-0.002612574611139584,0.0013222470532965524
2018-05-03,-0.002523653387655812,0.0031120506367950363,0.004784982471801937
2018-05-04,0.016868397050020405,0.004820696599988854,0.0016699250296840175
2018-05-07,0.003085910081192407,0.0008373669742531723,-0.0015373373964117996
2018-05-08,0.005505267997279486,0.007816441915958008,0.00984275644403341
2018-05-09,0.012651743180374424,0.020848674933342182,0.026897994579238485
2018-05-10,0.009743834109143453,0.0059054507333690985,0.006330390522820537
2018-05-11,0.0013252685631790493,0.006811552468701661,0.008280224673868661
2018-05-14,-0.0008063039501837604,-0.0013206006775890167,0.0008597305186775935
2018-05-15,-0.005471395528122093,-0.005489388233682873,-0.006233394113498673
2018-05-16,0.0006673279418885281,0.0004114322366814828,-0.00018237676775905364
2018-05-17,0.0027783316940690342,0.005063678572792517,0.009725750256248118
2018-05-18,-0.006026097084876049,-0.00612866784218294,-0.008714551149295544
2018-05-21,0.008001440135133665,0.00817572418685387,0.008079610148853408
2018-05-22,0.001001649020801519,-0.0047359439602690095,-0.00727826143407824
2018-05-23,-0.0013229932010420256,0.004486593466020278,0.005543623163098552
2018-05-24,-0.003676312729510969,-0.009069549676247759,-0.012701255531309038
2018-05-25,-0.0053567029161564654,-0.0160561204786773,-0.021306855619059054
2018-05-29,-0.017184635072009877,-0.009448705164875231,-0.006621507951024456
2018-05-30,0.013755254882161953,0.020755515263226297,0.02435566688465209
2018-05-31,-0.006750081645637254,-0.003793219390360739,-0.0021739933926135492
2018-06-01,0.007028150790602458,0.004332836183952263,0.005826557360705182
2018-06-04,0.006802528165721907,0.009975792746480928,0.01154068713576708
2018-06-05,-0.0009147468261224509,0.0006958774980751356,0.002094169701617091
2018-06-06,0.012147888432099928,0.007980336987043648,0.004449238446577597
2018-06-07,0.0027707530117132956,-0.0020972937996632185,-0.003856938356080475
2018-06-08,-0.00010824214370949261,0.007441010341408949,0.008607345610488515
2018-06-11,0.0023981661999405517,0.007750318437789182,0.010420780868724503
2018-06-12,-0.0008460413717512612,0.002380539285034778,0.004617393113566235
2018-06-13,-0.004911819467265875,-0.0017268969708719574,-0.0010939911705471748
2018-06-14,-0.003367046980572174,0.002321337829306509,0.005674297114955425
2018-06-15,-0.00483361342223951,0.004943827643633752,0.008905749198713385
2018-06-18,-0.0004927894692541152,-0.0022052248083893997,-0.005239530985698385
2018-06-19,-0.007547393220011432,0.004128637681879094,0.008774871468506683
2018-06-20,-0.0022478110205561607,0.0028961921402844352,0.006063462395044444
2018-06-21,-0.0047343841322460035,-0.007560335634448944,-0.007532136943638896
2018-06-22,0.003308375228557235,0.0054415477462698685,0.0018662439632309792
2018-06-25,-0.005936943312563853,-0.010940810126762715,-0.01042272006637192
2018-06-26,0.002609810562966353,0.004050786987856194,0.004239654108271869
2018-06-27,-0.004765043196610071,-0.008128949005220666,-0.011421841368085411
2018-06-28,0.005591832046930099,0.007028829516228079,0.010034579906654106
2018-06-29,0.002006297288293959,0.001607210291727442,0.0014780829091108009
2018-07-02,0.0023364983650309523,0.002194718277573705,-0.0003994936161937427
2018-07-03,-0.006865072942008387,-0.003920746875740705,-0.001458334775528776
2018-07-05,0.008456121378899647,0.011401284017395295,0.0063555760259714385
2018-07-06,0.0047157689580541486,0.003295470765066975,0.004879693609020154
2018-07-09,0.013802120717016945,0.009408314214203658,0.012403306548646732
2018-07-10,0.00285889131697687,0.004987893022366861,0.0065627839493006615
2018-07-11,-0.006230816008480622,0.002758687269673857,-0.011027004122270494
2018-07-12,0.008590080788105052,0.011575950140564064,0.008342552054219339
2018-07-13,-0.0026331480314269397,-0.005995931471546316,-0.0012407438449027893
2018-07-16,0.0035851685020593126,-0.005129825149362317,-0.0004275551864754583
2018-07-17,0.004191506797287701,0.007515329378957607,0.003130999896688288
2018-07-18,0.00394811729652936,0.008911813571156483,0.0027118141258729057
2018-07-19,-0.009173611431999044,-0.010366299382014284,-0.005544958381443413
2018-07-20,0.003023883937110858,0.0027107306196826543,0.0011803941412725253
2018-07-23,0.00404650741300704,0.0010149816932140119,-0.0011650864422366792
2018-07-24,0.006560473907377935,0.00613489299679978,0.009375486895577424
2018-07-25,0.009909898882836707,0.015994094578735858,0.011397215486341063
2018-07-26,-0.001220179651463431,-0.009813364825518731,-0.001538585408042364
2018-07-27,-0.0018806489104426854,-0.007709914373011993,0.0008276809014533666
2018-07-30,-0.008120865962988487,-0.019502651010620504,-0.0014342185539663445
2018-07-31,-0.004133926373233813,-0.0004168235406627754,-0.0007632394530694808
2018-08-01,0.008745782979211901,0.0011361532689063425,-0.00297896749932537
2018-08-02,0.005001672220065399,0.0023078814204789354,-0.0032129604722953356
2018-08-03,0.009106968596356247,0.00974841710799316,0.007286575465914892
2018-08-06,-0.00037076527630010774,-0.0021093885635325607,-0.00023756857948858002
2018-08-07,0.0013922400937723498,0.0013697555423224708,0.0011043162489122545
2018-08-08,7.24236971808888e-05,-0.00044017494199305836,-0.003241858400960007
2018-08-09,-0.0019737113861912656,-0.0024906422936278403,-0.003814570593689644
2018-08-10,-0.00646489345553327,-0.008624045767796119,-0.007800141638627561
2018-08-13,-0.00389791935477977,-0.007909966170396271,-0.009282526848047564
2018-08-14,0.004432406009869336,0.0012621342300160251,-0.0031125384930648565
2018-08-15,-0.009128566589912653,-0.009016151900297765,-0.009322007108487912
2018-08-16,0.010914603466845913,0.009271917876266356,0.010218098853938123
2018-08-17,0.006138760315895075,0.001477541050583393,-0.00012776468013015637
2018-08-20,0.0015019409406379321,0.003446153792452706,0.004652402576870656
2018-08-21,0.0008519801477982243,-0.0003472039249831666,0.0008235532877356286
2018-08-22,0.0018500305050848681,-0.0027270069739333044,-0.005983615068517891
2018-08-23,-0.003101830420376413,-0.0026398568598015072,-0.0017937720971492777
2018-08-24,0.004641192455363318,0.006417077764798105,0.0080053012290281
2018-08-27,0.00972934902017812,0.009399529592901192,0.010158382157532316
2018-08-28,6.859956416079937e-05,-0.00271502703631179,-0.0021978369074253648
2018-08-29,0.0021561398559794935,0.001789411033090333,-6.461228040821513e-05
2018-08-30,-0.004061868843384385,-0.010986135434291364,-0.008026340964747945
2018-08-31,-0.0003459509535695112,-0.0018143088688215374,-0.0026644207256795926
2018-09-04,0.0030619887275362806,0.004644995761807446,0.0046892146067995305
2018-09-05,-0.003647973101327667,-0.013602451568744966,-0.016900859480271344
2018-09-06,-0.00656252717681564,-0.0037776690017909016,-0.0022554916645676644
2018-09-07,-0.0012568496199502658,-0.00456343996227874,-0.005943826154406774
2018-09-10,0.0015649686449685514,-0.0017609151276806875,-0.0028301394047534857
2018-09-11,0.008084687216532029,0.011802376407532325,0.01350672249885979
2018-09-12,-0.003556790308532222,-0.004486205511811917,-0.0009494645176243086
2018-09-13,0.007786743682287309,0.00854024335413815,0.012723706321335161
2018-09-14,0.0037607402912191615,0.0008619181840137495,-1.197177600691551e-05
2018-09-17,-0.007137971788904099,-0.012886562873956307,-0.01825222444387406
2018-09-18,0.001446249337577705,0.006740808528458898,0.008610030927779967
2018-09-19,0.006040545287636226,0.0035833942888446593,-0.0022411288029427156
2018-09-20,0.007649725274587285,0.009533568396501102,0.00950204775982681
2018-09-21,-0.003629198340144542,-0.005029727460912174,-0.007257379101752893
2018-09-24,-0.0015537441116641828,-0.0014341982866330914,0.003850572809937817
2018-09-25,-0.0008845316174826268,0.003507343823680413,0.0016389103923573035
2018-09-26,-0.009281378583342178,-0.006693153493363627,-0.0031172918724471856
2018-09-27,0.003812819856539818,0.0062340400083102645,0.008919601770991076
2018-09-28,-0.0053290078091082155,-0.003243266655276599,-0.005451131650394944
2018-10-01,0.008917258853396304,0.007773024526505351,0.008177274623833284
2018-10-02,0.002046926941233766,-0.0021653266531045236,-0.004920711850928617
2018-10-03,0.0020344716974225003,-0.0017457229949607298,-0.0012672616149800987
2018-10-04,-0.004347958446540252,-0.013491157621346332,-0.01563366957187263
2018-10-05,-0.005812617858254684,-0.006529174631909182,-0.008397427263189804
2018-10-08,0.0014730459250130357,-0.007425555057002866,-0.009841250988976452
2018-10-09,0.0015709805399725153,0.005638310744257248,0.006279780862254029
2018-10-10,-0.03181580286801635,-0.04180750453914811,-0.04648358635222709
2018-10-11,-0.02169799769383924,-0.01842765472365248,-0.017769058750054734
2018-10-12,0.01251080430469594,0.022564029347939166,0.027154714833939133
2018-10-15,-0.010740944055748446,-0.01479733327810614,-0.01698459099934542
2018-10-16,0.016568911245550072,0.022100347542076806,0.024552379021593584
2018-10-17,0.003429736124605817,-0.00029944652223892,-0.0013430452478044486
2018-10-18,-0.014184351834824672,-0.012505105405764268,-0.015527288389954163
2018-10-19,0.01675170765822006,0.0046846182203953545,0.002236099479028522
2018-10-22,-0.010971143960762689,-4.89143673356382e-05,0.002296369005126745
2018-10-23,-0.003915290899578277,-0.008282373692153401,-0.008584049427475052
2018-10-24,-0.023818953429781638,-0.026040340287079758,-0.03336281805577957
2018-10-25,0.013060658286830671,0.0237942803219947,0.031279684216304726
2018-10-26,-0.01829682086418989,-0.016889455258846973,-0.02299161356570778
2018-10-29,-0.0053489515612770615,-0.017839017401518525,-0.024084715093640765
2018-10-30,0.01037121897168151,0.004219671014670933,0.00047232763386990695
2018-10-31,0.01354196604973447,0.02481751208827571,0.02902603220780951
2018-11-01,0.010708014794882394,0.0076005600764552,0.002913720720048989
2018-11-02,-0.012138441216338808,-0.009660641936432415,-0.007278838730387375
2018-11-05,0.008031425336086888,0.010952353752981875,0.00868990035587963
2018-11-06,0.007183201548245947,0.007810002122156197,0.008416808020279712
2018-11-07,0.019399525830002994,0.01428240801843111,0.017968962880859668
2018-11-08,0.0007855971319772158,0.002012141525837632,-0.005381248421162589
2018-11-09,-0.004929486259636244,-0.0002215615459690985,0.0004803947155136456
2018-11-12,-0.02255575309624577,-0.011117038241820837,-0.008501987716751714
2018-11-13,-0.0026523659283529772,0.0013131515888890066,-0.0034515853321783595
2018-11-14,-0.008657260787236437,-0.004953626119382187,-0.004385514095062651
2018-11-15,0.01689039748230044,0.009262597645294786,0.006264640760402016
2018-11-16,0.003958555090265137,0.000926127388033137,0.0030575267095722396
2018-11-19,-0.010098777088739972,-0.00750343401345016,-0.005870999876197329
2018-11-20,-0.02422852698257431,-0.017073050064678748,-0.02167992597760562
2018-11-21,0.0035184198565038297,-0.00277516935796303,-0.005284166736875809
2018-11-23,-0.012530392282318495,-0.002783353693652614,-0.0008869683652991861
2018-11-26,0.01943317798408401,0.012832930859152452,0.007522366735887894
2018-11-27,0.002453307849117928,0.006807473636519041,0.008748764386426383
2018-11-28,0.02509397013904429,0.01716953604597607,0.016792828697770202
2018-11-29,-0.008164517008814718,-0.008633057137525818,-0.006484609092346741
2018-11-30,0.007627672065765426,0.01804957468243781,0.019711570558977536
2018-12-03,0.007893412402971367,0.019633510725599074,0.005789504861716302
2018-12-04,-0.03470773350269341,-0.04469015170678561,-0.036825643112425546
2018-12-06,-0.007327436948453102,-0.0030592353790194747,-0.01784655798415617
2018-12-07,-0.01930146904825827,-0.035757971889959966,-0.034468276544290716
2018-12-10,-0.00626333851866885,-0.003331983350342091,-0.008335815131257992
2018-12-11,-0.0023778846501659417,-0.0007231204878970863,-0.002777955287572057
2018-12-12,0.006993151131762479,0.012379592165241884,0.013215972273565137
2018-12-13,0.0018832152367512544,0.0034814006629717074,0.00775684026655308
2018-12-14,-0.014078705866442246,-0.02703214296165765,-0.022863620938410198
2018-12-17,-0.02036887346599241,-0.03102803936680575,-0.02431212765007837
2018-12-18,-0.001660662429837706,-0.0013218209297627427,-0.011921019653073447
2018-12-19,-0.018117143204830734,-0.0275583808599146,-0.02514248944213031
2018-12-20,-0.0199453575279328,-0.025267310769504107,-0.026589392851491846
2018-12-21,-0.027131116224935005,-0.03846836839132693,-0.028978242542133086
2018-12-24,-0.026991645806632943,-0.02171089540618606,-0.023080339005729634
2018-12-26,0.05218344538477737,0.061165999680591374,0.04593354513431198
2018-12-27,0.008968657603838573,-0.0001982912687432519,0.005196122601494942
2018-12-28,-0.003099978202412393,0.0002559667248275819,-0.00435959462754345
2018-12-31,0.00740682672504454,0.011354527288623345,0.009758177136363072
2019-01-02,0.004070846813602434,0.007526786409496821,0.005772095765728797
2019-01-03,-0.03130119835505574,-0.023647287550857283,-0.026760043895447075
2019-01-04,0.037863076247671205,0.03799434367604026,0.03992205255353002
2019-01-07,0.0023442403619970595,0.009615059219052221,0.0029869133145852544
2019-01-08,0.006325884557159898,0.0037315360880124,0.0016546015670349543
2019-01-09,0.004754186022297923,0.008073047932316047,0.00888775024653571
2019-01-10,0.003039961292743182,0.006870888080683285,0.003137754956576081
2019-01-11,0.0003249845601552913,-0.003481874583984426,-0.0037340478106200874
2019-01-14,-0.0021973820527745086,-0.001066847283934334,-0.0010777528340827748
2019-01-15,0.008270338676216248,0.018731384919107048,0.013346945093572784
2019-01-16,0.01320127761450939,0.008012489040826413,0.012904011940904016
2019-01-17,0.006023478492698826,0.006452429864428839,0.006987977874934699
2019-01-18,0.010749198038566103,0.009115021827886606,0.010614615355367264
2019-01-22,-0.012290404862869664,-0.02357764267432213,-0.015832103426157138
2019-01-23,-0.0001524826443537845,0.00018973626986778364,-0.0012764010254219878
2019-01-24,-0.0006233387541855105,0.006483668264218129,0.005454931828385779
2019-01-25,0.012232835466939328,0.0056077290966995205,0.009313462014402292
2019-01-28,-0.005422628503654388,-0.008171463654908277,-0.010392330640502304
2019-01-29,-0.0014870128369733494,-0.009962350047350918,-0.006295141036350486
2019-01-30,0.018672278932304807,0.01821447856907536,0.013698953990481117
2019-01-31,0.00310273820335346,0.012144802185045255,0.007899701123013782
2019-02-01,0.006788982722105473,0.006755298282394319,0.00759472263838717
2019-02-04,0.011058877716416088,0.007386393362015092,0.004208905794641409
2019-02-05,0.004813837791529005,0.002649096169939057,0.003058351413985969
2019-02-06,-0.0018420791859001884,-0.010684046716091647,-0.00556087437507723
2019-02-07,-0.008692827949019514,-0.011338056538060214,-0.01000379942188311
2019-02-08,0.0004190312267824415,-6.985250149669338e-05,0.0008141376037147696
2019-02-11,0.0016538349026034862,0.0009065934977006611,0.0025949780225733177
2019-02-12,0.011351404586742855,0.013060448943481223,0.013313134184402794
2019-02-13,0.0023260907933262006,0.0015101375386110403,0.00263588692346775
2019-02-14,-0.013999084584146284,-0.00432038425682553,-0.003301498362201338
2019-02-15,0.008221938970507756,0.009750177118183634,0.0090884603038741
2019-02-19,-0.0023047043841412543,0.001890100028908034,-0.000588382924722184
2019-02-20,0.00591374278314101,0.006450394370610788,0.005810731834895404
2019-02-21,-0.0019644828751994655,-0.008528901218672464,-0.007914104656771117
2019-02-22,-0.007126234980207488,-0.00033631003410339435,0.001960702413246555
2019-02-25,-0.00022617480785926266,0.00339633199151635,0.0014211600179474557
2019-02-26,-0.0013938979935814292,-0.0007397186344193593,-0.0008517744428599638
2019-02-27,0.0023010311336916778,0.000806581149551581,0.001456425483697174
2019-02-28,-0.0004186965539829259,-0.00188498325457845,-0.0005488384306031654
2019-03-01,0.009174485254943722,0.010522046830008161,0.009392712515627316
2019-03-04,-0.0002973632364845756,-0.007284550028040693,-0.006868618949020935
2019-03-05,-0.0006004321697037007,0.0012280617060841108,-0.0019706912901484674
2019-03-06,-0.004273507920362145,-0.00333156207787633,-0.005370364944043003
2019-03-07,-0.009402388813056753,-0.008852015116763564,-0.007574224061655264
2019-03-08,-0.0018345492304173646,0.0019225220547333165,0.000931847030190463
2019-03-11,0.01899781797261255,0.01605526256771192,0.018305992040062783
2019-03-12,0.005076417567505559,0.0039074686159242325,0.003940050061898381
2019-03-13,0.009430894075041739,0.007216786065604875,0.006857933832032491
2019-03-14,0.003167990915253184,0.00664400472326648,0.006494592841590831
2019-03-15,0.004960322803648055,0.004397544352921607,0.0037668817463111
2019-03-18,0.005973501070551047,0.00636290914084774,0.009086028821710595
2019-03-19,-0.003950585405859134,-0.0037396080318188207,-0.0020322292095587627
2019-03-20,-0.007167694695480731,-0.012531872757710135,-0.009579631647388284
2019-03-21,0.011345122014189874,0.007104532098675035,0.012502292560001871
2019-03-22,-0.019003664138700794,-0.023954063159165945,-0.02072348048896206
2019-03-25,-0.004064463360432975,-0.0025366949458721583,-0.004218194312720005
2019-03-26,0.0059382450954200364,0.010828344860365312,0.005538707295485062
2019-03-27,-0.0020969643927524774,-0.005071488294689311,-0.00028422511532254506
2019-03-28,0.003128576485048976,0.00545287416529622,0.00572394296488081
2019-03-29,0.004301524144248511,0.007663977180166527,0.008186844321615441
2019-04-01,0.01468212883545022,0.01183234926069277,0.005909376738933023
2019-04-02,0.0008617106049556322,-0.004523878052145877,-0.006892962588712912
2019-04-03,-0.0019049841280253349,-0.003397754540972715,-0.007429067451852966
2019-04-04,0.003436068573886972,-0.0008140054560396445,-0.0007732342815299145
2019-04-05,0.005982402293881961,0.005903362992191299,0.0060619201800244564
2019-04-08,0.0026816818611843634,-0.00012192571214150456,-0.0004148502378654791
2019-04-09,-0.005620877977559314,-0.004605619379529165,-0.003415835588540172
2019-04-10,0.002616111978413294,0.002869212610647929,0.0029995759614884405
2019-04-11,-0.0017718857123340502,0.0006974968489504321,0.0014203756993093903
2019-04-12,0.0030652468618324463,0.009277843626232931,0.004027741410815843
2019-04-15,-0.00140517180129641,0.001196454334567456,-0.00032928562323499276
2019-04-16,0.004924112668959101,0.005184062981273893,0.00374603489881235
2019-04-17,0.00037470211742449486,-0.007396826988572932,-0.006916828224820037
2019-04-18,0.005430414471958263,0.0032711014920110857,0.0028972933392785605
2019-04-22,-0.0005486557905415925,3.1217974882055714e-05,-0.0003993960746200523
2019-04-23,0.009417587782961014,0.0054652649207666635,0.006363712527869763
2019-04-24,-0.001779653248022517,0.007422570381111286,0.004252972366161993
2019-04-25,0.0018511580228636184,0.0009906217578810733,0.0013016230050946305
2019-04-26,0.0066929951219413236,0.01152586239159435,0.008586200525387987
2019-04-29,0.0010026766580422198,0.002717926700891267,0.002626830504047077
2019-04-30,-0.0014207190410639844,0.00873605480657492,0.008572143198404079
2019-05-01,0.00039406563905414985,-0.014798452901572272,-0.014583013998066765
2019-05-02,-0.0025509653109378173,-0.003144413613081224,-0.002696181191798273
2019-05-03,0.011863037975536403,0.011829042846598442,0.009734092434374597
2019-05-06,-0.002002508992004438,0.00042753057983416036,0.0005620498761611614
2019-05-07,-0.012845118935445501,-0.014331202094771222,-0.014742352993886584
2019-05-08,-0.004224275263505981,-0.0023995970590173134,-0.0036940144993320187
2019-05-09,-0.004926071232291916,-0.0038024786717734214,-0.0022989812132833136
2019-05-10,0.001976671045819043,0.003897426039542086,0.00498110946228348
2019-05-13,-0.02716290992171073,-0.02525843863027939,-0.024772405036808023
2019-05-14,0.011209997611976,0.0057647394692840696,0.008681622169382468
2019-05-15,0.004425308858065837,0.014886926092628306,0.011497973194215165
2019-05-16,0.007722334781045155,0.013486581179512175,0.013940430987918449
2019-05-17,-0.0070575428905400635,-0.008744497666666497,-0.007610911432470266
2019-05-20,-0.005200419255828926,-0.005100174573059803,-0.002637249107007976
2019-05-21,0.007501389903695502,0.007147380823649047,0.006907494966548146
2019-05-22,-0.0028309343633443214,0.003781264080076102,0.004030403100665404
2019-05-23,-0.014093992730124485,-0.016587667782766026,-0.018676307689781957
2019-05-24,0.003997916976295533,0.003721351344316176,0.004857331216533107
2019-05-28,-0.009422926223346614,-0.0005159091451017971,-4.563230276895599e-05
2019-05-29,-0.00882682318580888,-0.007559664500696097,-0.007025354328910002
2019-05-30,-0.0025225675085738726,-0.0013011195421874457,-0.0014643283260679265
2019-05-31,-0.015238332817077737,-0.011907882485511832,-0.011491296319400131
2019-06-03,0.0011990641784061483,0.0020978976720517142,-0.00036663537425762573
2019-06-04,0.02109800471212295,0.006973991037883406,0.009291640446843774
2019-06-05,0.006584323294424464,-2.581327766394467e-05,0.01661580898106046
2019-06-06,0.01191262020622008,0.012864681958611821,0.005235150577957315
2019-06-07,0.008953675187633209,0.004124305491867777,0.009809773592806815
2019-06-10,0.011029224702063667,0.001390793595354565,0.000734754341303694
2019-06-11,0.0031766033144515126,0.005158372012010348,-0.004060733202433444
2019-06-12,-0.004193950183829288,-0.000466645955740315,0.0039019785595218602
2019-06-13,0.0018268588697840154,0.0030207074968306795,-0.002858579145358115
2019-06-14,-0.0003831596777476292,0.0011635962571787909,0.003744825902681026
2019-06-17,-0.0013582698676101372,-0.003461161905731051,-0.007068648729739841
2019-06-18,0.013138704103171155,0.003509981368823079,-0.0007731852830169784
2019-06-19,0.004214273437498567,0.006553931514369018,0.008576988549746773
2019-06-20,0.00669776925635196,0.011224322188428644,0.01130990201422165
2019-06-21,-0.0020058575332371933,-0.004262814335490646,-0.0030780255237394375
2019-06-24,-0.0025446723139733703,-0.0014604036751986605,0.003946555824903752
2019-06-25,-0.008007381295945533,-0.004975829620991349,-0.00490034984372595
2019-06-26,0.0039009242908118256,-0.0033861223133996297,-0.011029337292335538
2019-06-27,0.0011580677989687703,-0.002729175113094464,0.0011550880007988485
2019-06-28,0.0030973641793339696,0.0028875015327898203,0.0033931401421444887
2019-07-01,0.01013636183234766,0.0021724835936228044,-0.0010813483174034822
2019-07-02,0.000340247322842145,0.00887872735891718,0.010822169730967474
2019-07-03,0.006895371362402504,0.009802388747770726,0.01092657954776019
2019-07-05,-0.0002838029413730192,0.010384896617245221,0.013638313080081751
2019-07-08,-0.007573303576738649,-0.034873233913844726,-0.04321745252096615
2019-07-09,0.00233255356575458,-0.033595578534376086,-0.04663215132170823
2019-07-10,0.007410746628903405,0.030434199209035995,0.03649142731370264
2019-07-11,0.002185573467583876,0.020971289780210758,0.0285539520450705
2019-07-12,0.006285735921722643,0.007527535890825759,0.008339506423071472
2019-07-15,0.00209035461909994,0.002075147524413305,0.001228899589160196
2019-07-16,-0.0040049621544671265,0.007199366406806409,0.011182774157200504
2019-07-17,-0.0035003068263347653,-0.0139291475801103,-0.016697172424059895
2019-07-18,0.006915164361562004,0.002938649467035792,0.002023182241557354
2019-07-19,-0.01150321036151081,-0.011094648416953562,-0.011876098394208565
2019-07-22,0.008181943499089123,0.03789775104592369,0.04544202243193583
2019-07-23,0.01625596139343526,0.00784212022472265,0.008503577717187178
2019-07-24,0.0025457679339545105,0.004145791226355619,0.004321527121447508
2019-07-25,-0.009067369746467924,-0.010102573543828854,-0.010457735422875395
2019-07-26,0.007632805521377052,0.005109758869861559,0.007261365746969471
2019-07-29,4.535642956077848e-05,0.0030992808080382538,0.003740681273202557
2019-07-30,0.00019300449298436284,0.0036128591485780942,0.006233017343632847
2019-07-31,-0.003357131378227866,-0.0026943238922898676,-0.003645289350703289
2019-08-01,-0.01000936152646159,-0.021487584247723984,-0.01675712356091246
2019-08-02,-0.0055843044081262715,0.0032980721072244433,0.0029421486820341474
2019-08-05,-0.033576156840481375,-0.030268672677860754,-0.030465984233892872
2019-08-06,0.01085517960096379,0.016041886995332735,0.012819183373168622
2019-08-07,0.003987381489811896,0.00185707901292096,0.004320036357862889
2019-08-08,0.01598939391335713,0.017065386264518166,0.013629896299101532
2019-08-09,-0.0033538182431216766,0.0026676552863506395,-0.00020669121914584243
2019-08-12,-0.013336551271381678,-0.01689851978406954,-0.014888750529092729
2019-08-13,0.014435985214404772,0.00677014959521339,0.009502879697793896
2019-08-14,-0.029558727631049758,-0.03549991585191339,-0.03228989099539517
2019-08-15,0.0008701992135874372,0.0035549688652291404,0.0012839548778804794
2019-08-16,0.016517690673407345,0.015789125049299274,0.01006698450211082
2019-08-19,0.008597727278018087,0.0038419882328573148,0.0011052505067481976
2019-08-20,-0.012923094652473634,-0.014214749782258732,-0.014883154490481667
2019-08-21,0.00816572205909572,0.005315735180282348,0.007911298237017752
2019-08-22,0.0006612498822037216,0.00462385615880152,-1.4980601680991441e-05
2019-08-23,-0.030726834839875622,-0.019025629743187673,-0.023212355293499066
2019-08-26,0.010545404855130556,0.012269371783875941,0.010554237320880677
2019-08-27,-0.00495284884667499,-0.005024851143522849,-0.009783859944841763
2019-08-28,0.00949461788298477,0.01122229420264532,0.011060550682630217
2019-08-29,0.011076872325104346,0.009105514423971612,0.012852658711453902
2019-08-30,-4.183287223246704e-05,0.0012079952201353363,0.004115965716437784
2019-09-03,-0.010748194397436165,-0.006356795632062071,0.005093970158340493
2019-09-04,0.011002001141215512,0.012511715938890866,0.010116620093514517
2019-09-05,0.015203264010014117,0.016388516597051372,0.0037887083757348785
2019-09-06,-5.460766693705092e-05,-0.0030244466108877736,0.00104377884414659
2019-09-09,0.00358897420351335,0.008832597372585273,-0.003558126508540938
2019-09-10,0.0014087613564215454,0.005684209655718229,-0.0016579671775064158
2019-09-11,0.008053266215847454,0.0010815818406342435,0.0036285664610442585
2019-09-12,0.003337828929869843,0.007883791021949417,0.0055603852935757645
2019-09-13,-0.0018785970232839946,0.005468883714329222,-0.0034373442488108193
2019-09-16,0.0021186474554303306,-0.00048514149945459153,-0.003089775661895784
2019-09-17,0.00040544311222375174,-0.0016185337248740537,0.002810850446794188
2019-09-18,0.00025163639140498586,-0.00025128860507725226,-0.0006943655161771706
2019-09-19,-0.0031474156131196755,-0.0023672015718722065,0.0005582105136757425
2019-09-20,-0.00784360267552877,-0.006308480702243322,-0.008072676101008536
2019-09-23,0.0046867580583197415,0.0006113228255507583,0.002024817026219526
2019-09-24,-0.006108927291948427,-0.00989848182787681,0.00037036107967686503
2019-09-25,0.0071911176508324195,0.007494355854274769,0.0013606907363246962
2019-09-26,-0.0039729285752691836,-0.002834701567773859,0.004687995021566009
2019-09-27,-0.004721582704607216,-0.0012480639615246164,-0.0013276113198322005
2019-09-30,0.0022603065840237748,-0.0026303022038118838,0.0024671523199143036
2019-10-01,-0.010776702976013176,-0.015817591764376276,-0.012738480530930482
2019-10-02,-0.02648156721154828,-0.027199276723185152,-0.026777112969580463
2019-10-03,0.005676196798499623,0.003613962874187412,0.002928992509890162
2019-10-04,0.017606088245157064,0.017661060301100855,0.020834679514932095
2019-10-07,-0.004604887203452876,-0.0034800551801036075,-0.005518733466587277
2019-10-08,-0.01412383680167916,-0.013274131224797436,-0.013084392143859574
2019-10-09,0.010301644949075678,0.009137076129793578,0.009984391809119664
2019-10-10,0.008670219805028263,0.009463467013797215,0.0066351261031543166
2019-10-11,0.011367674736279,0.009144018186675675,0.009774391374690359
2019-10-14,0.0004244781953355607,0.0031894694847053686,0.0014317186383179898
2019-10-15,0.007850415932096318,0.014131060741706671,0.0085154365915855
2019-10-16,-0.0012903259198666266,0.0013045001358215752,-0.0017526993993393955
2019-10-17,0.006127040357412984,0.010078635484085852,0.008230395164020063
2019-10-18,-0.002775250198549343,-0.009386082396217132,-0.01032696392774444
2019-10-21,0.012263419474466736,0.01089001260049762,0.012115603094859677
2019-10-22,-0.0019730796824835063,0.003120146926917105,-0.0038079169259568457
2019-10-23,0.0021200662187893294,0.00045079297468522477,-0.0018819792395769073
2019-10-24,0.0003863826718043067,-0.0010587834703876418,0.00034291083184490625
2019-10-25,0.006182533158046302,0.007907765975084705,0.0071719134545960616
2019-10-28,0.0026586083419505983,0.008190980845063653,0.0051245270108317064
2019-10-29,-0.005569733990304369,-0.01157888510120307,-0.011718496085892765
2019-10-30,9.059626117095658e-05,0.0022632903738986146,0.008317080683641365
2019-10-31,0.005507166266714801,0.020157957198086482,0.014154464516241454
2019-11-01,0.012177937396786217,0.009229278059716253,0.008246385207427116
2019-11-04,0.0087872449347948,0.005543656150070379,0.0009622136458875454
2019-11-05,-0.005822663364476298,-0.0014098388745148712,-0.005478303482244544
2019-11-06,0.002774643318540956,0.028785086239552175,0.017547782003985716
2019-11-07,0.007105908397857391,0.0035007160487937777,0.007162383440446707
2019-11-08,0.0013754857611202724,0.002422770782670851,0.0020485569500186245
2019-11-11,-0.0028878543299651065,-0.0009447734368078439,0.0005569413041742385
2019-11-12,-0.0010170225301887163,0.0008317497186896671,0.0001480866164274655
2019-11-13,0.002153962049968372,-0.0008640262715217011,-0.00020947980598420634
2019-11-14,-0.0023229226137916827,-0.0037099041555022504,-0.0012602460453567741
2019-11-15,0.005622930773211947,0.009511552608847788,0.0070075674730692835
2019-11-18,-0.001251777117718638,0.0027498516981735916,0.002034485853389366
2019-11-19,-0.0011566003448942959,0.007406264386673023,0.008648188900057861
2019-11-20,-0.003400942335430833,-0.00295551929438606,-0.003151413459975802
2019-11-21,-0.001952659048433257,-0.005417828635974224,-0.004392717855816883
2019-11-22,0.0025868358334662383,0.003214141945237776,0.001277796036453965
2019-11-25,0.009574659755638941,0.008814447162596798,0.009783583717997
2019-11-26,-0.0035514386716417063,-0.00031135682906696937,0.0023308729073734796
2019-11-27,0.004374886883161886,0.0038388925561575688,0.00416830480251065
2019-11-29,-0.0027701437618463695,-0.003536996502698457,-0.0020047685794359676
2019-12-02,-0.007765304601374261,-0.003665836683776472,-0.003753701017486369
2019-12-03,-0.008189640616225452,-0.005964805265423999,-0.005709870325039829
2019-12-04,0.009632149858543264,0.005013054563225475,0.004804797653710824
2019-12-05,0.0033191939374877808,-0.0037230377061420305,-0.001612115063086249
2019-12-06,0.014648374438533285,0.010791137282247109,0.009773743379710938
2019-12-09,-0.004803150173923687,-0.006229063376935955,-0.005407730288636896
2019-12-10,0.002007755357279571,-0.000848624926550576,-0.0009334013232404658
2019-12-11,0.0005099601535165524,0.0017242345440229533,0.0011529311267787805
2019-12-12,0.013118578624946245,0.011781849343485175,0.01266687317516713
2019-12-13,0.0052345393919576485,-0.0010231776988593219,-0.00021760973980913283
2019-12-16,0.004563374777348381,0.005816550400588394,0.005702988725381643
2019-12-17,0.00304757660070077,0.002488305915264569,0.0018158892894719959
2019-12-18,-0.002075519772999606,-0.00021224836283347337,-0.0013180005822794568
2019-12-19,0.002543035702719085,0.0035001451180277964,0.003050513279744795
2019-12-20,0.005223965773412055,0.0040770414425184975,0.0047614301731857545
2019-12-23,0.0011892909537581306,0.0033354601989699453,0.0024706597310468425
2019-12-24,0.0009542923054495084,0.0005384244927337807,0.0001065587647360788
2019-12-26,0.007542459998898033,0.014563948041922717,0.013427126864016278
2019-12-27,-0.0002646225155576692,0.0014245301801825098,0.0007661294375702384
2019-12-30,-0.00242371289634002,-0.004256535469180331,-0.005673747008731665
2019-12-31,0.003839015339168264,0.0037887727497222124,0.002744729477690802
2020-01-02,0.011937267776012502,0.016214791503149906,0.016926608680283364
2020-01-03,-0.007501643917071096,0.0009673926296601702,0.00430161249519353
2020-01-06,0.002736842107198656,0.011933141932594173,0.013449516873663922
2020-01-07,-0.006665446491462981,-0.004402194238450887,-0.0037639275843876756
2020-01-08,0.00836783666981144,0.0039590641174072775,0.0008396690137491175
2020-01-09,0.01228130588329869,0.009732890887044014,0.01072450766909297
2020-01-10,-0.0021044215873141665,0.0012650735483217144,0.0028951347723522374
2020-01-13,0.011261175309932665,0.011988496099566644,0.011942638604937564
2020-01-14,-0.0006687392920998582,0.0014070987293881426,0.0021759528442127766
2020-01-15,0.0018058662480586547,0.004004174052404993,0.003381366594750732
2020-01-16,0.005796537349375912,0.004675676014631166,0.001118980246861678
2020-01-17,0.002950746186458106,-0.0002200416232578306,-0.0031394907534333795
2020-01-21,-0.007647447983054569,-0.007803057124513932,-0.013034229261373518
2020-01-22,0.002756451490173986,-0.002485367718270797,-0.005251402054305123
2020-01-23,-0.0012026744722555477,-0.005407348604996621,-0.005943916112118084
2020-01-24,0.002166050791298289,-0.0007438224388635423,-0.0038441733538404875
2020-01-27,-0.02030077681547895,-0.016735753168746717,-0.01775295274175964
2020-01-28,0.010926577915837442,0.008589597897347504,0.005258994321124568
2020-01-29,-0.00040882534274742406,-0.0011103382342064518,-0.002950451885012727
2020-01-30,0.011664588946138333,0.008289545860686172,0.01017442660644205
2020-01-31,-0.026011456886733893,-0.020659800311715062,-0.02405134793118212
2020-02-03,0.004686679216792691,0.00945979914090771,0.007865310389081795
2020-02-04,0.0127437034744424,0.0167192534146597,0.015905752136302537
2020-02-05,0.01667438244617647,0.0026541300915434917,0.00672631751896112
2020-02-06,0.001382637109124114,0.007953891578231925,0.0062681775069933065
2020-02-07,-0.005421867173006306,-0.004721646366832726,-0.004668243197241643
2020-02-10,0.0038521184335005175,0.006593218299625899,0.007624791230179717
2020-02-11,0.0037016526708795456,0.011807318959819091,0.009915153137982285
2020-02-12,0.008169280028849823,0.004209008386824072,0.004209632176869892
2020-02-13,-0.0020027001671186068,-0.0007306166881514108,-0.00042060356814872053
2020-02-14,0.002613397082379408,0.010762668095802756,0.008999873148945297
2020-02-18,-0.005556594552694737,0.0013642913276604677,-0.0008303696835818391
2020-02-19,0.009914602540814282,0.010836684967964964,0.009715301815796258
2020-02-20,-0.004047055596776812,-0.012848996239918368,-0.011059258296038281
2020-02-21,-0.011767348269083207,-0.014163173408857647,-0.011369938550558251
2020-02-24,-0.040863077676823414,-0.025228679713980892,-0.026708042996453088
2020-02-25,-0.040409171657998094,-0.027484193848581924,-0.027347325154804304
2020-02-26,-0.00968786123487697,-0.0008699945463701746,0.00028107212280576983
2020-02-27,-0.050992400352298434,-0.05321553492701816,-0.051101429470257226
2020-02-28,-0.013929553044166746,-0.016904628791332005,-0.016480009398949128
2020-03-02,0.04897046531478852,0.05283376194002435,0.046630463703324625
2020-03-03,-0.033194831061969785,-0.03317923842547188,-0.015644436060208763
2020-03-04,0.04790474083670525,0.03841850472884912,0.045762558108838176
2020-03-05,-0.03758706732558653,-0.0417305111701607,-0.04114595260947938
2020-03-06,-0.029542980394870553,-0.019604017697676498,-0.014468137226675951
2020-03-09,-0.11670328286424074,-0.09393634254719385,-0.06465473262529758
2020-03-10,0.05980077130034781,0.05593723123054969,0.03334863688073985
2020-03-11,-0.054269002914851205,-0.04272404476578746,-0.04014875419304429
2020-03-12,-0.09794313846441526,-0.09978025121921703,-0.10305750174398451
2020-03-13,0.13303721520734818,0.09690590720928326,0.041016186370130665
2020-03-16,-0.12961744459709884,-0.13227253010503964,-0.11243250727638324
2020-03-17,0.036967479793815164,0.054421649994906084,0.0616610087077852
2020-03-18,-0.08995245818802312,-0.05581598829789663,-0.0687083458466764
2020-03-19,0.007936541553195127,-0.011199827081378904,-0.038843783018107494
2020-03-20,-0.04186627270703389,-0.04503780075747953,-0.032616207941118074
2020-03-23,-0.05394998388064718,-0.04863813983903011,-0.04312019017296797
2020-03-24,0.1463503660989167,0.10910418744102571,0.06814945544516013
2020-03-25,0.03739288101045586,0.020319690968415932,0.02617410676649066
2020-03-26,0.060903951079148026,0.06155901494239925,0.06805013237495501
2020-03-27,-0.04706305199477122,-0.03594299542460336,-0.02188819684519799
2020-03-30,0.025868153737224522,0.03520535679480294,0.0512137242805142
2020-03-31,-0.02141876355511678,-0.021364847353411202,-0.018241688330298825
2020-04-01,-0.06533623928628236,-0.05384717722317576,-0.046297028405663715
2020-04-02,0.034865565703444096,0.014788733939220377,-0.00819747076132346
2020-04-03,-0.018255671666857237,-0.020982978538125002,-0.04865741602442017
2020-04-06,0.08936045319989783,0.08743950104338277,0.08177128725973229
2020-04-07,0.016104040588810885,0.004959759291166075,0.007593367101274895
2020-04-08,0.04327977672558387,0.027993494833096644,0.05764463989868596
2020-04-09,0.023910852371669608,0.020353676095537208,-0.014434376309938012
2020-04-13,-0.022056374415826065,-0.02432705940268037,-0.018867815710735925
2020-04-14,0.011858869062657675,0.03502435478482317,0.0415719549249144
2020-04-15,-0.03815049229442673,-0.021821067879672647,-0.01437420952232767
2020-04-16,-0.01880226656092017,0.008764994603928822,-0.0010903662853653034
2020-04-17,0.048677930269065986,0.020760157930395803,0.023174314674819646
2020-04-20,-0.03135557241642476,-0.009375321082310529,-0.014704742119081255
2020-04-21,-0.030171635923409164,-0.0456714265455179,-0.051811423279948844
2020-04-22,0.017841445511855937,0.022947096154254117,0.0037948944961173903
2020-04-23,0.0026648171285479495,0.003659894361680315,0.006892165898886204
2020-04-24,0.012171773918863248,0.013227619361925439,0.008450242587072356
2020-04-27,0.02641124830979881,0.03958762676665862,0.05339372544631206
2020-04-28,0.012574969230991486,-0.005717789530275763,-0.0034591213641824974
2020-04-29,0.04885671671467031,0.027304296267321605,0.034612739638442296
2020-04-30,-0.023903997084319884,-0.02899595511859069,-0.028221262541612644
2020-05-01,-0.028756475998622185,-0.03995963754898212,-0.037740627125103385
2020-05-04,-0.003087133075369373,0.005481678151195589,0.003644719744170753
2020-05-05,0.006738607010447741,0.004338944577415958,0.003705382312077
2020-05-06,-0.02119286840434695,-0.020293855758885315,-0.031329037445650486
2020-05-07,0.01943351336503598,0.009980163901542358,0.013780791031607616
2020-05-08,0.03045681005296133,0.03346816746629697,0.036346715409901996
2020-05-11,-0.017203743790201845,0.00013627255199540292,-0.010238550843932218
2020-05-12,-0.019886008052192265,-0.015370978596341851,-0.016927340051258923
2020-05-13,-0.0347371122640708,-0.02833916617428076,-0.03490750480426074
2020-05-14,0.02825687893229928,0.01340216712129558,0.0188451645669007
2020-05-15,-0.008020174096713618,0.001400222317485325,-0.00037213332018276894
2020-05-18,0.053081192024327456,0.04790922450231802,0.05898851165330841
2020-05-19,-0.01829681774062391,-0.02169533264685267,-0.029705480426606177
2020-05-20,0.029351429301375128,0.022183645777282105,0.024737201434133015
2020-05-21,-0.00702562089667196,-0.01902290495895732,-0.018654223540408216
2020-05-22,-0.001711213858465297,0.0005543352756729091,-0.0021904226628092992
2020-05-26,0.030498613376394236,0.011516886534100533,0.023803202086859196
2020-05-27,0.03230136409671528,0.013409535038275083,0.019313680855978493
2020-05-28,-0.01582142304365571,-0.014573956388776363,-0.01999910104212659
2020-05-29,-0.013440886245745643,-0.009011962699968658,-0.010972790890676374
2020-06-01,0.01482908510410141,0.006276378923765302,0.007370863967736622
2020-06-02,0.014951548595380316,0.009281642306371912,0.00783432839205171
2020-06-03,0.032338722012711124,0.021586266640854123,0.020689218873339927
2020-06-04,0.006995613016437916,0.004077217677864467,0.004531583103939652
2020-06-05,0.04801315219356987,0.03036396198542044,0.028186096358292553
2020-06-08,0.025737102680790172,0.008250270662211782,0.008028707110333802
2020-06-09,-0.012494438306835356,-0.01345136947334814,-0.013182896886271053
2020-06-10,-0.024124348158518785,-0.011744289882626028,-0.009956518196919506
2020-06-11,-0.07262344632045266,-0.06545338262588674,-0.06324919597221389
2020-06-12,0.025307410333199436,0.02526708985050498,0.024429859186171108
2020-06-15,0.01409342807849622,0.011878043587132238,0.013457490381491913
2020-06-16,0.021523429083240554,0.015599235653466765,0.014998348607055987
2020-06-17,-0.013779983584747352,-0.002989734354123511,-0.001939905202430938
2020-06-18,-0.0005660578002579498,0.0019415589303548855,0.0011534228113225
2020-06-19,-0.007020591910841379,-0.010077806490464416,-0.008207244921372488
2020-06-22,-0.0011304754361404806,0.004440810581866453,0.004337221320632063
2020-06-23,0.004385988227899775,0.005582571233665856,0.0064685998496455096
2020-06-24,-0.03383873739816348,-0.03159327606991443,-0.029770941924560486
2020-06-25,0.020238375967795125,0.019050505739289517,0.019721091916122157
2020-06-26,-0.03938400926858484,-0.03298060341411729,-0.033761069761945234
2020-06-29,0.014711846571048742,0.012260648784449841,0.01276346567132223
2020-06-30,0.011526239152426475,0.011397536469753137,0.01216691234557506
2020-07-01,-0.007066383620618443,0.0031752338971979977,0.0030634205544238496
2020-07-02,0.003563053740700872,0.001143792610593728,0.0032766464532905898
2020-07-06,0.01750423737547754,0.018347579568846036,0.02208640495924182
2020-07-07,-0.018180431339017443,-0.0016054184172999524,-0.007433456194892646
2020-07-08,0.006246658627554285,0.018786135937509423,0.015522303753465359
2020-07-09,-0.019093990677637535,-0.007734830763530455,-0.003115397237638387
2020-07-10,0.02465169223834406,0.006635380357330682,0.006754715335749916
2020-07-13,-0.0025879293405429663,-0.011886848650966227,-0.009630965144995268
2020-07-14,0.016153268454348033,0.020621801244283283,0.01721509310499459
2020-07-15,0.015306856471918318,0.010657573863954224,0.008838124332515325
2020-07-16,-0.008512227220927685,-0.007877657372737847,-0.007657268101468535
2020-07-17,-0.006828195809095889,0.0023400114013219244,0.001008036955653327
2020-07-20,-0.0026806271720004114,0.007464457415317396,0.019693485999836422
2020-07-21,0.022445312085978084,-0.001081244871271567,-0.009809155255245424
2020-07-22,0.0038225173953908885,0.0057321758884202045,0.00494929447271258
2020-07-23,-0.009178737611463149,-0.022524617859002574,-0.02937468294537702
2020-07-24,-0.0058166844946424484,-0.0012318143462139066,-0.004355926060610337
2020-07-27,0.004871332447008483,0.009392515749200239,0.013291186881163031
2020-07-28,-0.010410316344276667,-0.0160800203613456,-0.011529408660818247
2020-07-29,0.019473518214348562,0.021297743449716317,0.013591052718876171
2020-07-30,-0.01673921107010329,-0.009877216820727995,0.0009135128236305427
2020-07-31,0.007524639293221593,0.02684839941715637,0.046939427856651554
2020-08-03,0.0023210715203377695,-0.0018599051564468841,0.0005243459356613325
2020-08-04,0.0027394667493474655,-0.01852572318898231,-0.026460562905380573
2020-08-05,0.012154143140779053,-0.00063500351439503,-0.0006499260465708516
2020-08-06,0.008855857383035407,0.0006895715174418919,-0.003361243160162098
2020-08-07,0.008009849801144178,-0.0007803220573716831,0.008609716599492745
2020-08-10,0.015349981238031175,-0.0029606347041938336,0.0064741786770249705
2020-08-11,-0.002041897576442449,-0.007860650087298353,-0.0027865244654887047
2020-08-12,0.004165088023771977,0.013399985560137308,0.004403767637023855
2020-08-13,-0.00279152664948935,-0.0036884736347304074,-0.010364531926656366
2020-08-14,0.000508909189451594,0.0026241150895603637,0.005409162375804423
2020-08-17,-0.012067774783154758,0.027522786075009603,0.025928497139974263
2020-08-18,-0.003131633932146387,0.006288393494863161,-0.00265195927319921
2020-08-19,-0.005049288290609257,-0.00706295731269419,-0.003097444396424582
2020-08-20,-0.0011339041297282458,0.0010039637190133938,-0.0017158079290496737
2020-08-21,0.0051511176808985044,-0.0018656664700641091,-0.0012279782363755337
2020-08-24,0.021406318122560594,0.010534830028314186,0.015225209104730028
2020-08-25,-0.0004830695108340818,0.005094148522476999,0.005118559467440269
2020-08-26,-0.002133840912842239,0.0036430020918834,-0.006746259501207954
2020-08-27,0.009339507910104876,-0.00479040405207263,0.0015808313985451866
2020-08-28,0.009343932412345369,0.002757729411067005,0.0030557879736950715
2020-08-31,-0.004080980887952774,0.00074573099582381,-0.007792512469597151
2020-09-01,0.005706697674640165,0.0076952170219548,0.006988938322603055
2020-09-02,0.011799317802867427,0.00749035513245105,0.014665764362397317
2020-09-03,-0.02302260492273419,-0.03557542257406096,-0.03731943314003182
2020-09-04,0.00432250140365354,0.0005053226517876098,-0.012087691154701716
2020-09-08,-0.03766026035488502,-0.03470971994696557,-0.027100802484404298
2020-09-09,0.013095984363881364,0.019054366863892364,0.0224002877801728
2020-09-10,-0.019012137427799565,-0.019411228396233556,-0.01759117054772742
2020-09-11,0.003950887989453956,0.00023832602236610565,-0.0015334693129536562
2020-09-14,0.016465457188750723,0.018566954302221134,0.01829224258893609
2020-09-15,-0.001649869899156088,-0.0061344044005683055,-0.0010812724602006988
2020-09-16,0.0007246699315820358,-0.00028177090668325087,-0.0031773245930352126
2020-09-17,-0.009072094790748797,-0.00909300642946307,-0.009742706310670007
2020-09-18,-0.013280373684377261,-0.012865926629164108,-0.012760469589973145
2020-09-21,-0.020195287033951074,-0.014793672387414436,-0.016346586045953085
2020-09-22,0.0007567544213307277,0.00519255392263245,0.012137886990445188
2020-09-23,-0.03302925059482674,-0.030560517769129502,-0.029422546028675934
2020-09-24,0.0047082323152650195,0.006052021321815035,0.0061002210255530695
2020-09-25,0.009701229977342024,0.013122782152145646,0.013189818008685461
2020-09-28,0.02220573104909956,0.022230486234578413,0.020131053633538617
2020-09-29,-0.01179568992565837,-0.009228437097835142,-0.006150241095846609
2020-09-30,0.014147376171615203,0.01080743419443776,0.010163254853129643
2020-10-01,0.0015822410019886166,0.0097705998610378,0.014799931145176814
2020-10-02,-0.00195717412376771,-0.0052736951187671525,-0.011449645861811752
2020-10-05,0.020862042632404047,0.015237399308900708,0.014761559489183175
2020-10-06,-0.018091629833956454,-0.01785108622888046,-0.021901745357045366
2020-10-07,0.015295438513329726,0.010859983861504883,0.010835955741646182
2020-10-08,0.01992216967975788,0.011073712982114122,0.009043108296594285
2020-10-09,0.0029952597199078947,0.007926315597702266,0.014305536165018838
2020-10-12,0.016715346605963046,0.01631491609391975,0.017981350920112306
2020-10-13,-0.017734749606450367,-0.007938906555115212,-0.0018477276028518942
2020-10-14,-0.009255166983566411,-0.011088080170175813,-0.009574356226721854
2020-10-15,0.0027117529309149922,0.0019462737421508268,-0.0034616399185125957
2020-10-16,-0.003931527120331035,-0.0030083613460757325,-0.004077268151143775
2020-10-19,-0.020426075206561867,-0.018572699967441306,-0.019133558363135992
2020-10-20,0.011089001408911158,0.00893100833446148,0.005810986190865495
2020-10-21,-0.00706209035942182,-0.002016436579671621,-0.00844379809079451
2020-10-22,0.017225142376961388,-0.0014270321223545056,-0.004463036524098208
2020-10-23,-0.011013613101787929,-0.0002532762876415272,0.0007662929090132966
2020-10-26,-0.022390109987354957,-0.01911309826121881,-0.017513992335410854
2020-10-27,-0.010173923748203164,-0.0044038216883037495,0.0018634870365417556
2020-10-28,-0.032979206143133974,-0.035599569315767195,-0.04268863521469016
2020-10-29,0.01343056680840215,0.018404161634068997,0.016676002173606097
2020-10-30,-0.007026859384484801,-0.004115958769244953,-0.006774401914438734
2020-11-02,0.01961497017627405,0.014658625181385753,0.012243725287208415
2020-11-03,0.017440342227782096,0.010328915819176108,0.010185882362215338
2020-11-04,0.007854360598339874,0.031546101926064975,0.0334768754081992
2020-11-05,0.02302492441149348,0.025967857772170297,0.025716863518567685
2020-11-06,-0.008443661923369513,-0.010715686363873534,-0.004351266690051421
2020-11-09,0.0971606752136731,0.05006414423087161,0.018890826924825372
2020-11-10,0.004322221397884015,-0.0013650251183166546,-0.003685199708489175
2020-11-11,-0.007768109597743518,0.005090445453948001,0.010039038577934369
2020-11-12,-0.011285611192575814,-0.015812048965136386,-0.012803253826995174
2020-11-13,0.018409027776271097,0.017392720067360617,0.014601937153641496
2020-11-16,0.024608301944951623,0.026337161900991016,0.015432133907120007
2020-11-17,-0.0072943442117214515,-0.00030625470502451435,-0.00273597255831744
2020-11-18,-0.016709181588174703,-0.01530397832519619,-0.01068704750672111
2020-11-19,0.005225974602325199,0.012303814044583769,0.005164817791750572
2020-11-20,-0.006359062194624206,-0.00470595658021132,-0.002428274997486918
2020-11-23,0.019233777842102052,0.030954539611830312,0.011840759299473983
2020-11-24,0.03114867215452134,0.030214903079116444,0.024236725305300372
2020-11-25,-0.002618785486257697,-0.0007021386567544922,0.001796168833248428
2020-11-27,-0.0006978946773556025,0.0010250280049504744,0.001266145498467377
2020-11-30,-0.012535601375722332,-0.020690750410796276,-0.014371796910563589
2020-12-01,0.011371627271439625,0.0033712934399567933,0.0013146755989155699
2020-12-02,0.011843119748446452,0.008149554096989054,0.003133549332313596
2020-12-03,0.005064596349516235,0.004308782009221442,-0.001981482809587718
2020-12-04,0.020269386032393307,0.027665762722315634,0.02102167972914647
2020-12-07,-0.008544828985241065,-0.008065023984058664,-0.0075756583160095335
2020-12-08,0.003153073515067774,0.011009174067913519,0.005016318727678564
2020-12-09,-0.00907635939910976,-0.007583105625731949,-0.008954959504447885
2020-12-10,0.009966486294014507,0.012780346797452602,0.005791859488892019
2020-12-11,-0.008276906042515185,-0.0068788446655563724,-0.007369639453701015
2020-12-14,-0.015671846671881796,-0.010709465285452613,-0.0027128327635874876
2020-12-15,0.019109723647343802,0.014506690371265597,0.012599597570865541
2020-12-16,-0.0026250768896160233,0.002517883001350807,0.008414216782199047
2020-12-17,0.001769888747255008,0.00039957541981720346,0.0028285388362338537
2020-12-18,-0.007824195412654472,-0.007534705819139285,-0.003988457572375175
2020-12-21,-0.002933091042411043,-0.005563357906228225,-0.00351604023114313
2020-12-22,-0.005522588322148753,-0.006073605122407604,-0.003986233990159286
2020-12-23,0.011943707770582566,0.00936288234028354,0.000976109658423832
2020-12-24,0.0029512895867159637,0.0011700324943782973,0.0017113430065510806
2020-12-28,0.01091679069616217,0.010826573761635788,0.010616794845135757
2020-12-29,-0.003968946953277521,-0.0025582296646505,0.0036701682872358928
2020-12-30,0.005621049716488491,0.001217646150688526,0.0014567014931739731
2020-12-31,0.0035811640568249935,0.0005495266595837273,0.005048202731771327
2021-01-04,-0.017245365886667433,-0.015694490526784732,-0.020884870481018284
2021-01-05,0.007947881283704269,0.0039649860425797065,-0.0009375188355617946
2021-01-06,0.014208293916305808,0.01023376038557995,-0.008972288494177938
2021-01-07,0.007492657995024381,0.007101294199355708,0.003361802391698318
2021-01-08,0.0032259590219940195,0.002504082779434066,0.009201339921135596
2021-01-11,-0.007892443598679537,-0.008321184929350222,-0.013800964169457695
2021-01-12,0.00954444129907552,0.009111003319045364,0.003003086711046968
2021-01-13,0.0029094091287269704,8.288955959119411e-06,0.0040121059406375385
2021-01-14,0.0038190956695853826,0.0011976947683575508,-0.01339330759156997
2021-01-15,-0.018889752226400956,-0.018654627272217422,-0.01571968174012927
2021-01-19,0.014317846750236713,0.007421210040879685,0.006959086987210085
2021-01-20,0.013527867175308747,0.01198405672382932,0.015298330259456481
2021-01-21,-0.005145324752109329,-0.0066837557140063215,-0.0010677796870244025
2021-01-22,-0.004531378182560518,-0.005359200516746883,-0.00788084366972719
2021-01-25,-0.005915581220927832,-0.0028085127577306365,0.0003369377707265466
2021-01-26,-0.012766739681981222,-0.004997257179980823,-0.0028956705787156808
2021-01-27,-0.017387211056312163,-0.017702411611967863,-0.019541353899894105
2021-01-28,0.012287858163892561,0.011408761585325096,0.014257752900441643
2021-01-29,-0.025649376776783993,-0.021578670651215586,-0.02395986752910034
2021-02-01,0.011748260268729053,0.019627444114528547,0.012136280514104378
2021-02-02,0.01828265433816995,0.02155534227851266,0.016606999886295146
2021-02-03,0.0066211136486572925,0.019861386954647873,-0.00016245374439451756
2021-02-04,0.02172171741617987,0.009995246823203028,0.007023653599228409
2021-02-05,0.005283191066718737,0.007854978988864263,0.009230860282395165
2021-02-08,0.01653121408309485,0.008797219277078237,0.00376847827618313
2021-02-09,-0.006706146325718315,-0.0041521317169157055,-0.0004447882701193858
2021-02-10,0.004961178826149028,0.0009141900253736625,-0.0049844164398786675
2021-02-11,0.002666758202674472,0.008052041465605016,0.013275674467286142
2021-02-12,0.005084654160711415,0.0030043541738162937,0.003954885052307255
2021-02-16,0.005759491485297961,0.004357389407667374,-0.0024254512057983
2021-02-17,-0.0016902700869046027,-0.0020619942519938908,-0.0003424469053463227
2021-02-18,-0.003631784793954412,-0.002875824470773386,0.007066430036044043
2021-02-19,0.005561962831818222,-0.005300810524816911,-0.00903977754425722
2021-02-22,0.010638494617476625,0.0033750332970652764,0.0029456310840023595
2021-02-23,0.0036764974738205847,0.004784375726289222,0.0006457183639062429
2021-02-24,0.01824919081803335,0.02125310922752726,0.01004370073290752
2021-02-25,-0.020679179848614823,-0.023602811135756987,-0.012975760416322916
2021-02-26,-0.014237196076876246,-0.007093468239683938,-0.015827456956211627
2021-03-01,0.02994096956496352,0.022854325663194598,0.024848941946671498
2021-03-02,-0.002356608435756677,0.0016615994259229134,-0.00021305472820402275
2021-03-03,0.0060529272524115305,0.011587787206938626,0.014393323298511118
2021-03-04,-0.0001326859755940965,-0.0022158490675272422,-0.0029588916231859668
2021-03-05,0.024940773474047623,0.02743929949808426,0.02646760336516285
2021-03-08,0.0004639956825816619,0.015927591075160494,0.014804882495134756
2021-03-09,-0.007994481824126525,-0.009465425764521737,-0.01100884651753604
2021-03-10,0.0107348749404001,0.012443558942766683,0.017520969890060266
2021-03-11,0.005358303246682463,0.0004775675120109805,0.0010751957043933173
2021-03-12,0.0018505133848245204,0.0036900452887577155,0.004704517470896318
2021-03-15,0.0006955106207162041,-0.002116487197815916,-0.0059404270957634465
2021-03-16,-0.00804621618980605,-0.011461075375199598,-0.009846553361506341
2021-03-17,0.0039638553570348735,0.003633246198875579,0.003834876390252463
2021-03-18,-0.018161688360554797,-0.009570617978047249,-0.008875488485687047
2021-03-19,-0.006052264691000358,-0.0083446195285223,-0.016702997407898407
2021-03-22,-0.00028354569017150383,-0.003067770999896468,-0.006807332458956349
2021-03-23,-0.012235179678086327,-0.016955471906485345,-0.014769197854692273
2021-03-24,0.004817123041746776,0.011279578474502332,0.009264152371669962
2021-03-25,0.012632706215632266,0.015567458959862317,0.013885152735620531
2021-03-26,0.015835984091652953,0.015696740013349492,0.021409210246862508
2021-03-29,-0.0013813287951129735,-0.0010820652138802994,-0.0046402424151354635
2021-03-30,-0.0019199498781771703,-0.002922779495181731,0.0006038476343439315
2021-03-31,-0.004947126003864193,-0.008743824741868151,-0.008125788127195983
2021-04-01,0.013723385634513955,0.012918855463052395,0.012229809004919436
2021-04-05,0.006448230075369585,0.01179267592942851,0.011212543047627756
2021-04-06,0.0007397866511242086,0.0008777016749847101,0.0018937486447816283
2021-04-07,0.005702617669273622,0.005283282217564234,0.00394558311314754
2021-04-08,0.0007979535018644115,-0.0030675476223169912,-0.002777058061957916
2021-04-09,0.00597723038515352,0.004734062575315593,0.004563400950643667
2021-04-12,-0.003260582657725609,-0.0021785477710075554,-0.0019737687607251932
2021-04-13,-0.0009475025009260384,-0.0033875250075094156,-0.00166055297637184
2021-04-14,0.005750759039313267,0.0073147208595154434,0.009161633897224073
2021-04-15,0.0019590787905265456,-0.001681617159818497,-0.0009995038966174616
2021-04-16,0.004015742715081674,0.0038795473402842198,0.0036938176082073407
2021-04-19,-0.0011483845291891516,0.0011401843010409292,-0.0008271662935812718
2021-04-20,-0.014820577145286375,-0.007440230226825462,-0.005105804947973854
2021-04-21,0.013199813282210498,0.011595746774234878,0.012685160097619195
2021-04-22,-0.0061464074294058,-0.00425410970382809,-0.001065193767434218
2021-04-23,0.004242648723534841,0.011983016514296639,0.010332764470278913
2021-04-26,0.008701811247252422,-0.005684127726371792,-0.006573552591455743
2021-04-27,0.002300159880717835,0.001789556544723143,0.0013661522147428477
2021-04-28,0.006634985198984033,0.006907346777336878,0.0033460924971695544
2021-04-29,0.014420097363396618,0.019901326310670812,0.021815267663312723
2021-04-30,-0.011951742486566148,-0.009308080019569967,-0.005371756873881023
2021-05-03,0.009900230726007972,0.005522243974455731,0.001925804076048464
2021-05-04,-0.005402199565520158,0.00020528108386036248,-0.001174513095805894
2021-05-05,0.007707803223405048,0.004010591228464083,0.001264681970749351
2021-05-06,0.007366810886796132,0.007115094218441494,0.00833751154768566
2021-05-07,0.009209096386087022,0.011748386056076756,0.008014453172166345
2021-05-10,-0.007891036581575925,-0.013556605532543314,-0.016182635764838485
2021-05-11,-0.0199414051686167,-0.024779897638865504,-0.01596513145423156
2021-05-12,-0.011929979035918888,-0.012480459391197742,-0.015183486752251457
2021-05-13,0.010174001692370399,0.008201272084886692,0.00958874446158959
2021-05-14,0.017373923221782713,0.018611674009934496,0.017956823456025568
2021-05-17,0.0012593614462251762,0.003874900409452954,0.004271534830216928
2021-05-18,-0.013195260541286018,-0.012421350206109662,-0.010798390048724451
2021-05-19,-0.005395800537188196,-0.005859509707437628,-0.005402569922374856
2021-05-20,0.0072552631009327176,0.003694496989948709,0.005154081944115007
2021-05-21,0.002410365319087502,0.0057969262993289505,0.0043290007169397085
2021-05-24,0.009683937053509496,0.007967694752034904,0.010243586545098427
2021-05-25,-0.006665345617036309,-0.009963020203017717,-0.007935424901730338
2021-05-26,0.002693276124156497,0.0018143462012406083,-0.0003780962481794856
2021-05-27,0.0036191424558008156,0.011063715440974255,0.006162337526601323
2021-05-28,-0.0003293574207788755,0.00044181912598709557,-3.626673972174001e-05
2021-06-01,0.013705319044834807,0.005234152566879105,0.0063599470572612725
2021-06-02,0.005700071511097669,0.0039388197911295305,0.005134232197779873
2021-06-03,2.012130085151362e-05,-0.001552564239044824,-5.710330518345834e-05
2021-06-04,0.006488485270321289,0.00786204168704615,0.0067641738979849686
2021-06-07,-0.0012282467299483827,0.00037917872894926383,-0.0009229485471646283
2021-06-08,0.001814478690428447,-0.0002708024149171273,0.0010451442193758038
2021-06-09,-0.00794600836902841,-0.004765769597961585,-0.004095702133889919
2021-06-10,-0.004308192568491418,0.0012897338845091746,0.0011024327215266947
2021-06-11,0.0074793224908789825,0.008390859174999609,0.008510386336736448
2021-06-14,0.0010474644391710568,-0.00013141925084925914,0.001001355097108034
2021-06-15,0.006757734169285279,0.0026041326789113545,0.005597820432630662
2021-06-16,-0.00299670735379769,-0.011157040392474192,-0.008272211538707658
2021-06-17,-0.012504015232996185,0.0018209167593681646,0.00031904445807494515
2021-06-18,-0.020835335173962896,-0.01969149568747893,-0.019686535985909356
2021-06-21,0.025775385677148814,0.019937585797457004,0.022610837083043584
2021-06-22,0.004461621483200194,0.002442573671050861,0.00460132719713196
2021-06-23,0.0018969573867517121,-0.0026506117157623355,-0.0004956074836113705
2021-06-24,0.00898450703550913,0.007709459944819091,0.009143154179607248
2021-06-25,0.006841701037648888,0.003959596975242795,0.004938047446191562
2021-06-28,-0.011250679560945996,-0.005047341742723924,-0.009265940051795577
2021-06-29,-0.0022739559237490077,-0.0033058306984708238,-0.0023900161699344
2021-06-30,0.004064294897330324,0.0011459025234058851,-0.00041408104880084716
2021-07-01,0.00942003680222545,0.013623410904946275,0.008961955182938386
2021-07-02,0.005532311481300909,0.009080091086465477,0.007777538762653176
2021-07-06,-0.004864246088021435,-0.005378920824615485,-0.002111758388013578
2021-07-07,0.0042583445420885345,0.004812169120934116,0.008267541374140503
2021-07-08,-0.012525673474419716,-0.006805346450398193,-0.01003085051806912
2021-07-09,0.018030993187562218,0.010989273433710041,0.012648785981220347
2021-07-12,0.004169171349191778,-0.0028965745796132657,0.0007313930663945174
2021-07-13,-0.0020783396070770317,0.005280028212539665,7.220341575013881e-05
2021-07-14,-0.0008134267017081358,-0.004107636460352193,-0.0011224889918483348
2021-07-15,-0.0010643444101671963,-0.004711426358028919,-0.00383522583831426
2021-07-16,-0.013640872535067112,-0.011651102598823996,-0.00855944180881514
2021-07-19,-0.028297672353324022,-0.027167558916187304,-0.023772496217099634
2021-07-20,0.02166202692115702,0.019000675173805427,0.01927196398657173
2021-07-21,0.016201861417424867,0.01433921258111553,0.009517562679144935
2021-07-22,-0.004128205849543423,0.0036149637751562605,0.002629981340524492
2021-07-23,0.006820100083174023,0.004952303698756433,0.004427608694045273
2021-07-26,0.0044942247933133185,0.004345987484401699,0.0029091151163594974
2021-07-27,-0.003985821015875973,-0.009675417906158723,-0.006826892270414003
2021-07-28,-0.006575265258171559,-0.0027500697150754814,-0.0025393267514049788
2021-07-29,0.007413454356436005,0.000648973703662873,0.0023930273814107513
2021-07-30,-0.005353864331689019,-0.006600046922076126,-0.00474925650059327
2021-08-02,-0.004075506501081534,-0.006995015454649748,-0.008241701591440062
2021-08-03,0.006762403980818204,0.004781327277150143,0.001363616143479603
2021-08-04,-0.007988988122256764,-0.012084710646242131,-0.010238839624314874
2021-08-05,0.0083109325950574,0.010804412932702446,0.010358120956981425
2021-08-06,0.007646775763623758,0.006198108305383311,0.0050113004321576
2021-08-09,-0.0022208106888480157,-0.005594084481703738,-0.0035674402506328537
2021-08-10,0.0032813721252434925,0.007720573998449303,0.004632115906138602
2021-08-11,0.005717775891541051,0.000993022774513724,-0.001009999139608814
2021-08-12,0.0004454281259603813,-0.0011450895905513532,-0.0008186968216793257
2021-08-13,-0.005463810994444258,-0.002610257765689659,0.00022475500343298408
2021-08-16,0.0001068864320794732,-0.002218209339890413,0.0003194290952190628
2021-08-17,-0.0058343504559515,-0.005021765620672552,-0.004778818731443714
2021-08-18,-0.017000396901038217,-0.017210818450391678,-0.014826421755442768
2021-08-19,-0.009895798313607564,-0.01192367908033382,-0.007356010994808552
2021-08-20,0.003163149462361902,0.001890030776437503,0.001729343934595637
2021-08-23,0.01067196783137831,0.018402266717631576,0.015096610223852263
2021-08-24,0.004362910186100001,0.007931793297505122,0.004950344155513104
2021-08-25,0.009762998088958337,0.003977225697225975,0.00270562832148669
2021-08-26,-0.007655840482444673,-0.00868753509413848,-0.009595561260555217
2021-08-27,0.013982133348153526,0.012323617978727271,0.011384239168771038
2021-08-30,-0.003930715933552226,-0.0016453093018373363,-0.0010837869191364904
2021-08-31,0.0009779936447008918,-0.007360407051032886,-0.007090066572866631
2021-09-01,-0.00409362785046922,-0.0031101900095375163,-0.0014980211188659078
2021-09-02,0.0024652159726751026,0.0017221659001185852,-0.0009167909451723551
2021-09-03,-0.0050278755691589945,-0.003708855879879116,0.0006869243676243159
2021-09-07,-1.1068781138546873e-05,0.005032076194431451,0.004254983711594194
2021-09-08,-0.0032557728260020065,-0.005648859335296204,-0.0029448930221177855
2021-09-09,-0.002082358069640075,-0.003089947986032642,-0.0041381987456773905
2021-09-10,-0.011176560232270365,-0.011199298378934665,-0.00965247257953484
2021-09-13,0.013918570013230519,0.012582756896680331,0.006848744428925697
2021-09-14,-0.011308703637908538,-0.007105797251771299,-0.006685599873306058
2021-09-15,0.01065260815464141,0.014649371488617108,0.010592197166017059
2021-09-16,-0.0002238112810650463,-0.00019165306568614027,-1.6170405740242066e-05
2021-09-17,-0.006544210401534856,-0.00881597728705301,-0.010394231497424699
2021-09-20,-0.020121933859315683,-0.026682723585660068,-0.023294477323205377
2021-09-21,0.0039581584597159535,0.0030005753033820032,0.0008295283443279665
2021-09-22,0.019005526495077623,0.019514003346230345,0.01541692848062259
2021-09-23,0.02097664270283512,0.019829483847037768,0.016860169891042054
2021-09-24,0.005333383836335152,0.00581982270248256,0.005162509368555607
2021-09-27,0.007227363232153663,0.005561730859139777,0.0009423806296033508
2021-09-28,-0.015861693982327958,-0.023668818851809124,-0.022719736437084297
2021-09-29,0.001028007799942131,-0.0031975461687464572,-0.0034226090020771233
2021-09-30,-0.01582505350942075,-0.011105461730626404,-0.009629896092552074
2021-10-01,0.021462846443832156,0.018541754297077682,0.020113717806296807
2021-10-04,-0.0072554925119497505,-0.01349258975120192,-0.0033519091009035057
2021-10-05,0.012248541181516007,0.00494391604357966,0.009138537699386077
2021-10-06,0.0003619047861418427,0.0059496029272943715,0.001884737369669324
2021-10-07,0.0065573546000899695,0.006947226696350629,0.0040868560712440894
2021-10-08,0.0062655157129137586,0.0016858072602634543,0.005737796543679187
2021-10-11,-0.006227303983664548,-0.009849112854973122,-0.009809583916636855
2021-10-12,-0.001512915640099682,-0.0031201087770386287,-0.0029928287402874705
2021-10-13,-0.01088493173900162,-0.0025262727457066154,-0.004716690937145649
2021-10-14,0.017624991994670453,0.012345166961339233,0.014917968986168241
2021-10-15,0.011006340476793473,0.011158933313302697,0.010630840576206353
2021-10-18,0.0034606596988903922,0.0017540669788399736,0.00305964971581892
2021-10-19,0.008312938471800237,0.009638916756927787,0.006391244522045164
2021-10-20,0.007730340604505423,-0.00015941292049804072,0.0038682289459219966
2021-10-21,-0.005445858017535833,-0.007689136871545792,-0.010068767119680551
2021-10-22,0.017700423556521093,0.003387642929799624,0.009557128926880574
2021-10-25,-0.004033520383959296,0.0035447269172852553,0.005091353216802122
2021-10-26,0.001669421833672151,-0.0005079700156473241,0.001875492577920273
2021-10-27,-0.008487046798970943,-0.0280107469398004,-0.02768055153341353
2021-10-28,0.007517107703604075,-0.0008297125677658182,0.0020623602584557018
2021-10-29,-0.004889045943872274,-0.0021638890691775127,-0.0016793015937600058
2021-11-01,-0.0004473673451776006,-0.01306440105587073,-0.015320913875976635
2021-11-02,-0.0024013075596909976,-0.00884423352061619,-0.008138564677211685
2021-11-03,0.0017035247470005177,-0.008784965008820063,-0.005927533464350285
2021-11-04,-0.002410534476923041,0.0034701218720773726,0.0017533529021399239
2021-11-05,0.009602645524986327,-0.004289356782288946,-0.0016890989814841316
2021-11-08,0.004628717112806284,0.0048008235150168565,0.0014157272251204467
2021-11-09,-0.0005924746271916307,0.007351135819368272,0.007828201470706212
2021-11-10,-0.004458852757959519,-0.015840873791643773,-0.012513819649779842
2021-11-11,-5.404462225509712e-05,-0.0027525386959696644,-0.00259365575302393
2021-11-12,0.0025057157441510038,0.004384648846070988,0.0036717454897175774
2021-11-15,0.004771715633953215,0.00545742705510483,0.004665222353277612
2021-11-16,-0.0018812704220990055,0.019578995073934482,0.016984360881576267
2021-11-17,-0.005757919679964362,-0.01353416951977659,-0.011746787917205258
2021-11-18,-0.003669805281196956,-0.004838070926776208,-0.004304671770418916
2021-11-19,-0.01118268519932743,-0.022829899776980273,-0.020717041446948296
2021-11-22,0.0023918439236071958,-0.0001373519617730318,0.0017185962533814857
2021-11-23,0.011107942873763084,0.014074445613984769,0.012095664688003646
2021-11-24,0.0023286187675686095,0.012043976873588139,0.007896380317237526
2021-11-26,-0.045873621534394095,-0.03178974534250774,-0.02863034818575378
2021-11-29,0.009966955356687623,0.027362130840534633,0.024694981208342057
2021-11-30,-0.017420616621978954,-0.017520647511947304,-0.019795068307181245
2021-12-01,-0.012048694927965639,-0.011238345522939773,-0.012726181990033189
2021-12-02,0.02455226616730174,0.011910497487971369,0.014204884437292916
2021-12-03,-0.007016757979050981,-0.012419620229900044,-0.010811633774648792
2021-12-06,0.02139495994668106,0.018357733425121765,0.013121735141462957
2021-12-07,0.02481538242562423,0.03067157430067234,0.028548378424201305
2021-12-08,0.00411305876279393,0.008453282883653263,0.007388031200791574
2021-12-09,-0.002146139881435981,-0.0037549993718502396,-0.005320205888438065
2021-12-10,0.009563886034910875,0.01799834525622899,0.014391010770852185
2021-12-13,-0.013109050498927691,-0.021069721707538975,-0.014196325844605557
2021-12-14,-0.0016183628036653414,-0.0067356691484480626,-0.007133972100324166
2021-12-15,0.0051244688144072405,0.013591466731507247,0.012662813931338689
2021-12-16,0.0009041994538463615,-0.015170936625509673,-0.011335333572975595
2021-12-17,-0.016507538702989318,-0.011473270173706186,-0.012340045443573167
2021-12-20,-0.014396066106513073,-0.013674533155116294,-0.010168227516022107
2021-12-21,0.02112812528854447,0.0248435490220041,0.01723725815038011
2021-12-22,0.009030158509128527,0.011442001094877021,0.010159973079686876
2021-12-23,0.005119406862295759,0.0021158147171729596,0.003788863093974542
2021-12-27,0.01011041262270402,0.018160210819889888,0.01594844184967119
2021-12-28,-0.00025956219284264395,-0.0032875933096605634,-0.0025137970998327743
2021-12-29,-0.0015246101374171695,-0.0018244724061426533,-0.002474250136360556
2021-12-30,-0.003643512545939444,-0.00717374769540368,-0.009281924399958187
2021-12-31,-0.0007779102071235872,-0.0020933381944331633,-0.0017479779526795114
2022-01-03,0.020627050917026848,0.014993575444881268,0.01352021012677862
2022-01-04,0.02001636715765145,0.010835978024190042,0.012776338554403082
2022-01-05,-0.013249816965592331,-0.00740933847251736,-0.007872547707318541
2022-01-06,0.0036420740819783502,-0.005320455719431853,-0.004142772802951481
2022-01-07,0.0072068316464837905,0.0037873719848172537,0.004961594833236792
2022-01-10,-0.0045101331627061545,-0.0006532375713393928,0.00034172935082921586
2022-01-11,0.013171324949262852,0.008177645513667224,0.006591947974167326
2022-01-12,-0.0014952949192543832,-0.0025660903733665443,-0.003290887511987162
2022-01-13,-0.007143390153578226,0.0028964690653743254,0.0036474303171611802
2022-01-14,-0.004855575415086262,0.0037922076813553226,0.001707891257630284
2022-01-18,-0.014303814862969532,-0.015993712130421927,-0.018243632594981313
2022-01-19,-0.011806718195941018,-0.012206670623563067,-0.01330918926481756
2022-01-20,-0.006710274993855426,-0.0019484797290235361,-0.001377264946710187
2022-01-21,-0.013444885986046828,-0.011183950358399747,-0.009410234211321793
2022-01-24,-0.0014309388999553334,-0.0030871023461529618,-0.0003696608775170955
2022-01-25,0.024718733146684872,0.0009434456080085312,0.0008480555974474612
2022-01-26,0.00510057921070216,0.004036503394305692,0.004031898804079333
2022-01-27,-0.0043194549866884865,-0.00035448314270448836,-0.002410469168717833
2022-01-28,0.026460169558451378,0.03364868958152956,0.030739547790598887
2022-01-31,0.010950729640396065,-0.0005585755223169701,-0.0004617939189322735
2022-02-01,0.01274297455452707,0.01929952544561617,0.016431786084459072
2022-02-02,0.008953298964878396,0.020157182394692406,0.016420393364769064
2022-02-03,-0.006880951081010823,-0.009488855324078772,-0.005189155669927813
2022-02-04,0.007511707136879708,0.00021607168861201856,0.0014792607490663361
2022-02-07,0.0027545890677715622,-0.005073327457315816,-0.0006631800264537783
2022-02-08,0.012472832712939967,-0.004709023552503813,0.011775700585311546
2022-02-09,0.006377305512597891,0.014319142690495007,0.011755853228353784
2022-02-10,-0.006533986703564694,-0.00757033708292002,-0.007931717305691567
2022-02-11,-0.013005927517959844,-0.0007688666046231194,-0.007389270482989193
2022-02-14,-0.004206530032786423,-0.006851142928961252,-0.0040083122776311715
2022-02-15,0.012850617835159384,0.0047720380162837445,0.01335030286035687
2022-02-16,0.002853251693849727,0.004584851457745068,0.004364491704512983
2022-02-17,-0.011117586548954329,-0.013620715777830436,-0.012344775195097125
2022-02-18,-0.002537245514430733,-0.005268897187631363,-0.004696397773122188
2022-02-22,-0.009012856311028593,-0.00996572432028784,-0.01364415087272875
2022-02-23,-0.012407217487264897,-0.0036268128569727945,-0.013052541454962756
2022-02-24,-0.0031199798509880163,0.006259264852223612,0.0005626588764014493
2022-02-25,0.025012451914840594,0.018410916710864464,0.02224585814028756
2022-02-28,0.004152788989710529,0.01250841031647738,0.009241710547558667
2022-03-01,-0.024192521407768335,0.0024190796318496115,0.006743177041233141
2022-03-02,0.01605445291973277,0.016563478905196483,0.016512303401612242
2022-03-03,-0.0010558043365372293,0.002127392939267288,0.00687829589091715
2022-03-04,-0.008747621610701417,0.0005431558867855299,0.0017479152620430661
2022-03-07,-0.03893024681096188,-0.01984738310022912,-0.007742213520430104
2022-03-08,-0.0017932069471435401,0.00603801583811753,0.0051351733768782975
2022-03-09,0.033246155934539855,0.013616469457359903,0.00123670070978489
2022-03-10,-0.0064840512514081775,0.0026382405156112577,0.007945004138091877
2022-03-11,-0.010049176512342235,-0.0090438120859881,-0.004505514587391669
2022-03-14,0.003463243516232662,-0.009894843560206664,-0.0095725588669865
2022-03-15,0.01079782296710302,0.001986261317770379,-0.006570602422200652
2022-03-16,0.017130460168626207,0.015416410777565483,0.007103213729711768
2022-03-17,0.019574258349235023,0.014093575953570959,0.011566693388601381
2022-03-18,0.010059364439309075,0.012999007803760195,0.00742768954008753
2022-03-21,0.0047688939938294855,0.003719414238305119,0.00769686043160004
2022-03-22,0.01134913113836022,0.008652272650372992,0.007020965758858579
2022-03-23,-0.010303481119544496,-0.0050980111813126614,0.0009241981460253559
2022-03-24,0.009994975862704262,0.009051343068098355,0.00845821436280099
2022-03-25,0.010054500699931824,0.011898053212292892,0.013390355406292988
2022-03-28,-0.0015524791424704005,0.001706395713192132,-0.0026602842665100854
2022-03-29,0.005535843916973826,-0.0006637688210534315,-0.0029519042686104364
2022-03-30,-0.003140700943231944,4.934712710445276e-05,0.0012098695033512588
2022-03-31,-0.01609872168527873,-0.012496736649596801,-0.011842804427444125
2022-04-01,0.004978534950632159,0.011977914700003504,0.009760543197321666
2022-04-04,0.0038226810210742392,-0.0014636755609349717,0.003426089007269214
2022-04-05,-0.011650041239814005,-0.00534541384378199,-0.00698583560072284
2022-04-06,-0.005453991440968374,0.001022036537596842,0.0015406975616917902
2022-04-07,0.0019180446705829987,0.005149304050406329,0.005467629108237212
2022-04-08,0.0076341751645305315,0.01141089436396472,0.0077400482689944875
2022-04-11,-0.0207757195390277,-0.011547246414161645,-0.008673822892048379
2022-04-12,0.0008555711912450209,0.0005701461203920247,0.004033424209199232
2022-04-13,0.011114237511110856,0.007204532423706583,0.013568951541075909
2022-04-14,-0.008258729656831212,-0.00500654489210283,-0.004157519410022979
2022-04-18,0.010347163533323786,-0.0005273926796593581,-0.0030034943828164355
2022-04-19,0.009556043676635395,0.007122230052449452,0.009540631541594116
2022-04-20,0.006246930650838535,0.011072385633469305,0.010681171060429756
2022-04-21,-0.013481096948596104,-0.0037524868456871394,-0.000474573403174087
2022-04-22,-0.028241137942682133,-0.02737023470955647,-0.026882303291013255
2022-04-25,0.004891842826644854,0.005185802845447168,0.0029582907808309473
2022-04-26,-0.02353557277028992,-0.019373802486016188,-0.021809029712606624
2022-04-27,0.0017622684990552713,0.014747981473061908,0.008586002054399692
2022-04-28,0.025198619742147325,0.018076234783355318,0.023924297040259897
2022-04-29,-0.033010828679299754,-0.026755432933561377,-0.02705864672700706
2022-05-02,-0.003501640351954604,-0.007610247310415001,-0.012464781668204151
2022-05-03,0.009611061616375554,0.0021780027971317413,-0.0001638701775759653
2022-05-04,0.03433978941065356,0.03190757181558697,0.030092756246041606
2022-05-05,-0.030100828000717565,-0.03717324598427586,-0.027922358734834823
2022-05-06,-0.0014447469260323962,-0.010606339920982992,-0.0026090223841681135
2022-05-09,-0.03451626149121519,-0.046435022991132474,-0.023966635719438467
2022-05-10,0.0026080516415710004,-0.0019457937364575958,-0.004909454139617838
2022-05-11,-0.011622083573802127,5.059968369984282e-05,-0.004113092219113081
2022-05-12,-0.015025461025783553,-0.008364654912164303,-0.00995041753893831
2022-05-13,0.02542647344103963,0.03021084826309438,0.02785132902599628
2022-05-16,-0.0015150228728997505,-0.005832720682087424,-0.004859918084879607
2022-05-17,0.019712925966500417,0.02146918254554075,0.0103903998812348
2022-05-18,-0.04432392209704099,-0.023139800665109178,-0.05032123759733424
2022-05-19,-0.013581067430017003,-0.010120388575347068,-0.01522611138743025
2022-05-20,1.5615086129559795e-05,0.008069008713267519,0.008178862214960914
2022-05-23,0.03488536699588164,0.031648051160893136,0.03205212846044199
2022-05-24,-0.008501490780033387,-0.020447986828274606,-0.0037764853116833753
2022-05-25,0.01161946338283765,0.00839700483538577,0.00536229209057697
2022-05-26,0.017507020859190998,0.015316159972606087,-3.81129109097348e-05
2022-05-27,0.022020129330138388,0.02399889449831222,0.02042773549448924
2022-05-31,-0.007340308036076677,-0.002398264020229276,-0.006826681670689786
2022-06-01,-0.010478094425259835,-0.01021630026563206,-0.009842129650973589
2022-06-02,0.012359275304181993,0.011451709691116028,0.010423633399604997
2022-06-03,-0.014531005248333484,-0.009370082788117665,-0.004974266479262499
2022-06-06,0.0014961166668012033,0.0006568144110903678,-0.0015795911997998177
2022-06-07,0.01094867174085714,0.008786859704412819,0.010221802343376904
2022-06-08,-0.009616798212913035,-0.0116660912602476,-0.008055773584945811
2022-06-09,-0.02797914003072552,-0.025537178834750592,-0.018487356303779102
2022-06-10,-0.02810206913441681,-0.020727079568700322,-0.01479644511797947
2022-06-13,-0.03744623155991881,-0.03560096458279303,-0.03133995129371715
2022-06-14,-0.006481238439883601,-0.004779475624434155,-0.007944081927906126
2022-06-15,0.008788108344911501,0.004974122290104674,-0.0007681718896554005
2022-06-16,-0.03723645187254749,-0.036457134888881894,-0.03653717800508544
2022-06-17,0.010790422658061063,-0.0005135884761904046,-0.00788974526640646
2022-06-21,0.019448329116537665,0.013639232918096265,0.003559314238294192
2022-06-22,-0.004880176904100441,-0.0034684863735973924,-0.0042558432869437834
2022-06-23,-0.0029701803043663726,0.004395485906292671,-0.010252702656366332
2022-06-24,0.024083202115267033,0.02351005780264165,0.019486345053180604
2022-06-27,-0.0003725848031914488,0.004567722915695024,0.008879880769542058
2022-06-28,-0.0101231427208132,-0.003544696682196277,0.002068430308033168
2022-06-29,-0.00631239719740062,-0.005407096077962315,-0.005791040605072086
2022-06-30,-0.008136446507831898,-0.005513007992938311,-0.006336652447462732
2022-07-01,0.015033695363265202,0.01824654769980595,0.02055805375189709
2022-07-05,-0.0043455487465658025,-0.009772797378932456,-0.01025462314143639
2022-07-06,-0.0021434303188772566,-0.0006338184135310048,-0.00039263494875047244
2022-07-07,0.017693176557395107,0.015679976804319515,0.0114393875210165
2022-07-08,0.0009148606821941251,-0.0033294887561665194,-0.0015462492581013007
2022-07-11,-0.008520520630747121,-0.003690196257023936,-0.004709288341647745
2022-07-12,-0.007326106724331541,-0.003657978794340657,-0.004107487772244981
2022-07-13,-0.003461706409294522,-0.002439461814324615,-0.0010216756092812586
2022-07-14,-0.009304185867195568,-0.0083746226808686,-0.00945731304949524
2022-07-15,0.02674555093593951,0.017200507108048536,0.011929917836085937
2022-07-18,-0.004528955259037412,-0.007186130377917913,-0.004507364479461004
2022-07-19,0.030701950345962882,0.028656267722803594,0.024122604050187887
2022-07-20,0.0034117870497426092,-0.0035839088060537236,-0.006766849804425091
2022-07-21,0.004554431641437828,0.0008367575680831929,-0.0014697437130716951
2022-07-22,0.00021796413279415058,-0.003468387387065072,0.0013820609694880164
2022-07-25,0.0071731494910556295,0.01085869829780628,0.006450060651221818
2022-07-26,-0.0119404744390861,-0.004740071177525859,-0.0009240292589370291
2022-07-27,0.013144888649636987,0.003081944474224727,-0.0011241374919390285
2022-07-28,0.005762645715385242,-4.8330846185738585e-05,0.00588438879121981
2022-07-29,0.022798233874472856,0.014918525846789666,0.011533206920680283
2022-08-01,-0.0050931695809671934,-0.007572692342348381,-0.0042704915382385245
2022-08-02,-0.009921177590312073,-0.008816909130248999,-0.009340196110248937
2022-08-03,0.012115630016511827,0.010362755769221969,0.009238922213897197
2022-08-04,-0.003758539233922464,-0.0031475859453311728,-0.0017813543222006908
2022-08-05,0.005312416637930345,0.0028325288068437615,-0.00041620846974995714
2022-08-08,-0.0017158600525715377,-0.0036059288727793206,-0.003075700831429854
2022-08-09,0.00771424127729867,0.00331031276799493,0.002864207132508231
2022-08-10,0.020185763085151253,0.017818933565944772,0.015700943708969115
2022-08-11,0.006026385480970378,0.0023333882529676603,-0.001537099706792846
2022-08-12,0.013008572110588444,0.012542789591686978,0.012061459750521386
2022-08-15,-0.0006874095624919301,0.0016396886013118244,0.004506493186600361
2022-08-16,0.002144639281063541,0.002768141600406488,0.004343385422078061
2022-08-17,-0.003009813567775949,0.00012397804166188785,-0.00047820032906983217
2022-08-18,0.004384712460532356,0.004953957315773801,0.004955989769890223
2022-08-19,-0.0070121068019589694,-0.011160675114234405,-0.008520374341222565
2022-08-22,-0.020663152435800337,-0.01863131380031394,-0.01809381173335198
2022-08-23,0.0029996909600554385,0.00042894013106433424,-0.0004393252575501058
2022-08-24,0.004926385501136108,0.0026441978662525177,0.0023547938829719837
2022-08-25,0.01352944068693259,0.012398369234368888,0.010497998302895882
2022-08-26,-0.028588163647860702,-0.027612028373188935,-0.027061771747270032
2022-08-29,-0.007236384020169738,-0.007034575680004032,-0.007650534935597936
2022-08-30,-0.009334027845114072,-0.010164433654690896,-0.009860816241215011
2022-08-31,-0.012203109695858177,-0.010804228829990986,-0.009435105656012646
2022-09-01,-0.0006159933109775844,-0.0015929170188952633,-0.006183123380526516
2022-09-02,-0.006372546232188361,-5.079947673508986e-05,6.701112586732625e-05
2022-09-06,-0.005737606956678719,-0.003999758425446671,-0.010596594850932077
2022-09-07,0.012909254016508423,0.009125898586893897,0.008862203431272104
2022-09-08,0.0034135733023788893,0.011046145250067892,0.007513846392804262
2022-09-09,0.01788186877356722,0.01792316653244632,0.022268460837913746
2022-09-12,0.018605952863784466,0.013479590877786456,0.016531573420765774
2022-09-13,-0.03952002923605203,-0.03617545357705239,-0.03900761583511769
2022-09-14,0.005742538630912189,0.004804603706185627,0.012051872640688742
2022-09-15,-0.0076170623086477774,-0.007149742696771241,-0.008256230970466644
2022-09-16,-0.01207711406979483,-0.015180860268885725,-0.016872563693727645
2022-09-19,0.011584547529549336,0.005510186549459574,0.009177329984136907
2022-09-20,-0.0071628135960203785,-0.013660848575734528,-0.011788636394433906
2022-09-21,-0.020792416824887926,-0.02102683511682818,-0.023244860286757454
2022-09-22,-0.017143969738235846,-0.01655067403627395,-0.014171304804020103
2022-09-23,-0.021435562760940278,-0.030014921640135334,-0.03575266319089145
2022-09-26,-0.014914510949082013,-0.0176243412156349,-0.01545506356153536
2022-09-27,-0.004456462973586348,-0.006309810819876789,-0.0031151823246865443
2022-09-28,0.015160884264062134,0.021523730039140765,0.028549939020067975
2022-09-29,-0.016955380889698623,-0.012003171806836693,-0.013489357116767686
2022-09-30,-0.016869891178043002,-0.012909604848487605,-0.014375565377512325
2022-10-03,0.032233570296030606,0.03296234596275578,0.03152359360314586
2022-10-04,0.030579695944115706,0.033949067276595524,0.032288761450876134
2022-10-05,-0.0035833291364250623,0.0020580157925082594,0.003161425095459072
2022-10-06,-0.008362384217366755,0.005550972930420739,0.007789592913352434
2022-10-07,-0.021843007468873424,-0.026136069365808423,-0.024184807777284194
2022-10-10,-0.007118124498919162,-0.016522449865988994,-0.0175905612294868
2022-10-11,-0.0065444463367016975,-0.008944047790949412,-0.008229477914651385
2022-10-12,0.0007816149595816561,0.005117955376565948,0.007664820734645465
2022-10-13,0.03572845884072439,0.023328503115739953,0.024488212862149264
2022-10-14,-0.02301676233815677,-0.02712226458007148,-0.026554740059954726
2022-10-17,0.027735098945601257,0.031324161402607444,0.027752596333001617
2022-10-18,0.01898007902287488,0.010284469610131118,0.011890321314652681
2022-10-19,-0.005155969709980152,-0.002724978368785262,-0.00041140882234149036
2022-10-20,-0.007822776144910963,-4.7941991932588064e-05,-0.00290501931626525
2022-10-21,0.013835802117848746,0.0220944501706688,0.024748255930451935
2022-10-24,0.013137935823252152,0.011298645587859646,0.010553993452990566
2022-10-25,0.02208881849036746,0.009790628620679736,0.006949971755749619
2022-10-26,0.0001997510102261045,-0.033172901872469365,-0.022450135478022125
2022-10-27,-0.002549812949081078,-0.019585791223363232,-0.012410035867523761
2022-10-28,0.02453657099085512,-0.010318243818005921,0.0027898044063097045
2022-10-31,-0.008523179932440426,-0.0038263124856634653,-0.004190482699812297
2022-11-01,-0.006016924769398828,-0.0007786461834802366,-5.159906718555517e-05
2022-11-02,-0.022235469233834453,-0.017470537042039852,-0.01827131077009503
2022-11-03,-0.015857546992125007,-0.005420576483205487,-0.007289707111219769
2022-11-04,0.01789777217447922,0.011542631701660528,0.012441900907440675
2022-11-07,0.011584262543246942,0.01266185782469752,0.011560062913282862
2022-11-08,0.005948441168649314,0.0017544136433160983,0.0021961903955581346
2022-11-09,-0.02803422551337603,-0.02164662643171631,-0.022775148523648658
2022-11-10,0.05492060573459268,0.04467750045103452,0.0405436146533598
2022-11-11,0.012838925671175843,0.00878522582078676,0.005833280983760014
2022-11-14,-0.01014186214298268,-0.014465967565890235,-0.008498324848156272
2022-11-15,0.004836080872109321,0.007603179211411868,0.0065720862298835545
2022-11-16,-0.007618309551102692,-0.001926937522973154,-0.002106755595315216
2022-11-17,-0.0021740654740425237,-0.003016619734522277,-0.0007326911864115075
2022-11-18,0.005032976344533907,0.004809674330363144,0.004144337503910894
2022-11-21,-0.0034109582010894168,-0.00040968439262066135,-0.00104728930059602
2022-11-22,0.0135157930170907,0.013822446440201253,0.01397905899862403
2022-11-23,0.0010180171846062636,0.004923036275347797,0.004180092348110741
2022-11-25,-0.0019913408563427834,0.004351511378151426,0.0037913280603810223
2022-11-28,-0.019286365455699825,-0.014913970059052636,-0.013560229681428105
2022-11-29,0.003612651669647598,0.0013185903866731277,0.001608683882897964
2022-11-30,0.02612474738227126,0.02070453365913269,0.02225813377983185
2022-12-01,-0.0026297670922812303,0.0005786816125468037,-0.0004234244337080427
2022-12-02,-0.003565717031551685,0.002689026976763354,0.007007093384427301
2022-12-05,-0.01684837945466773,-0.01213096613724444,-0.011402458799846128
2022-12-06,-0.01627327078885628,-0.007296120402800301,0.001378362933754629
2022-12-07,-0.003224233013637537,0.0020236266089744817,0.005677667329165729
2022-12-08,0.0010754016069205686,0.005418364625101579,0.006039565772752827
2022-12-09,-0.007354933088794602,-0.007183251091868155,-0.00732720937786441
2022-12-12,0.015070048126033157,0.01124256168457791,0.006682530525881155
2022-12-13,0.005875991581776061,0.0002473847516525331,-0.0038995711591860585
2022-12-14,-0.011571258474583491,-0.0013333996087085017,0.0013972331134151736
2022-12-15,-0.023967142134888104,-0.019166166113370575,-0.012256730539008616
2022-12-16,-0.01301101852977241,-0.004302742366430195,-0.0022602422014837173
2022-12-19,-0.004077881261045572,-0.004328826944265592,0.002562215488410432
2022-12-20,0.002476021547339248,0.0019244850903975112,0.0004790652686223295
2022-12-21,0.015928184125824883,0.012583336720086418,0.015128603618069005
2022-12-22,-0.013256497934405287,-0.007272648620468465,-0.001736605974422519
2022-12-23,0.009194074860735618,0.008516592014430606,0.007124118301107799
2022-12-27,-0.0012901740273579371,0.0023168855783185656,0.007773555675689307
2022-12-28,-0.014593250947627846,-0.011004098210414764,-0.00959779464725617
2022-12-29,0.017731125868052623,0.013014836512642056,0.008595786632018505
2022-12-30,0.00017664992091902723,-0.002206264031184989,-0.003219554465759056
2023-01-03,-0.011299363635041176,-0.0037445805997907513,0.0009276139623081938
2023-01-04,0.012362280999086617,0.014083452803539431,0.01681347455179226
2023-01-05,-0.00892635619981321,0.0032424241368773994,0.00012521599346474233
2023-01-06,0.024522718214554165,0.02190018063324819,0.022049161157207696
2023-01-09,-0.004059391957805316,-0.014684743680380393,-0.0148183834490679
2023-01-10,0.0059176797731173274,0.008865349986325207,0.007025690638731624
2023-01-11,0.010176987952627505,0.005266445922646658,0.004527662232205766
2023-01-12,0.0031511337316991687,-0.001143194671836232,0.0006305502155905614
2023-01-13,0.0071768394507566,0.00901101051864637,0.009693018763774493
2023-01-17,-0.003757220893580617,-0.002620106570147223,-0.0075343084110989
2023-01-18,-0.017536649857093585,-0.01160390879280175,-0.02086855947765256
2023-01-19,-0.005973127452237165,-0.0005355686611117474,-0.004112166312266083
2023-01-20,0.01954931005961385,0.01516337380960906,0.011315731180856397
2023-01-23,0.010859571706703647,0.0054596689973983245,0.008198093409853965
2023-01-24,0.0026757952318356153,-0.007230898922083383,0.0010950871079519848
2023-01-25,0.0026040797898228283,-0.00021974621243966552,0.004594953751101095
2023-01-26,0.01002622604951803,0.02174453090710174,0.011610103224756788
2023-01-27,0.024416166009635015,0.0010389670996814153,-0.0023000769510625367
2023-01-30,-0.008878981153906465,-0.010392489023287337,-0.004694984463412669
2023-01-31,0.0099716184172486,0.010372073440808182,0.007417964701012456
2023-02-01,-0.0029891723102267015,-0.003219927392403672,0.0002574157739666616
2023-02-02,0.0041351009644280895,0.002023991650025953,0.002798927518390999
2023-02-03,0.00924956487094029,-0.0021064413044603243,-0.0014849832698652686
2023-02-06,-0.006556199370320841,-0.0004132268486699338,0.0010410611934320952
2023-02-07,0.014119597598654773,0.007528068622307486,0.005833734493582028
2023-02-08,-0.010442726648507277,-0.00925585792841208,-0.007682207593631049
2023-02-09,-0.00762137417864539,-0.009968514676522267,-0.01192167910467455
2023-02-10,0.003999196065742095,0.0049025100064570394,0.0007986175830924404
2023-02-13,0.0095554159846696,0.008274307425468785,0.009182516043606093
2023-02-14,-0.0032140725186608834,-0.005231408984257242,-0.005928318328293549
2023-02-15,-0.0007418240531874726,0.0008962261796273108,0.001453390880018427
2023-02-16,-0.011710144580286084,-0.00987443121806735,-0.009892067182500875
2023-02-17,-0.003814716503057138,-0.00011798813878602706,0.0029151045439952425
2023-02-21,-0.018006312916289957,-0.014446031249800383,-0.01639990161598551
2023-02-22,0.0005473322160657911,0.0035905825628209293,-0.0006803727809481802
2023-02-23,0.0022459693398640852,-0.0030043433027260222,-0.0002663549125223324
2023-02-24,-0.006287865591124546,-0.002830844746647821,-0.0035586126891621927
2023-02-27,0.0009471121794590812,0.0017154353149686275,0.0010493699370024828
2023-02-28,-0.002097018104008858,-0.00429510363409566,-0.0020461613002063363
2023-03-01,-0.0010730024039531257,-0.007158407144994737,-0.00759117295274175
2023-03-02,0.0013076433653596376,0.00388762399714606,0.004999743519030562
2023-03-03,0.01795631810641738,0.013534752211113206,-0.0013665734815847088
2023-03-06,0.007123977416539409,0.011442624601890229,0.009466981343343395
2023-03-07,-0.017462228940462756,-0.011611011436348056,-0.007139501483370665
2023-03-08,-0.00123936623273778,-0.00333268396015179,-0.00727541271554971
2023-03-09,-0.020329661965468034,-0.014123283939952424,-0.014712227275856159
2023-03-10,-0.016958154875643547,-0.00875573055022922,-0.0034930894193940217
2023-03-13,-0.01807658297342479,-0.0036432642229535742,-0.008434155436723937
2023-03-14,0.019355042138225562,0.01232919521996875,0.007540386384440515
2023-03-15,-0.014000585378996783,-0.014458098741136323,-0.01510305874877498
2023-03-16,0.013491281928087726,0.011828314184182249,0.013884756862937863
2023-03-17,-0.016743168412257554,-0.009601384844413545,-0.014298264498164369
2023-03-20,0.009263354995919067,0.011180988913816352,0.012088613549861281
2023-03-21,0.021644196373482937,0.01539582314287067,0.011449071577005684
2023-03-22,-0.01546311623115887,-0.012991298156508789,-0.013427297165937813
2023-03-23,-0.003840387947715261,-0.0024658526744267403,-0.010014690120850128
2023-03-24,0.001530893257489267,0.006393503532578023,0.01023906654970517
2023-03-27,0.012985227617923523,0.004032666819731464,0.009635609114797805
2023-03-28,-0.005285085403552224,0.0006491666065022587,0.0025518593901399573
2023-03-29,0.016999706779837743,0.014176500182023766,0.012297118203044051
2023-03-30,-0.00026725694809496734,0.003897688366513075,0.0015753381325082968
2023-03-31,0.011002093311088984,0.007956722288047606,0.0034194712039677167
2023-04-03,0.006989659223090813,0.014128221587430274,0.014612503959981274
2023-04-04,-0.00676253457756836,-0.003273512632329152,-0.004049350662430348
2023-04-05,-0.002849526562421831,8.078023228032899e-05,0.001018492098941356
2023-04-06,-0.0036331725271650517,-0.004464327729561077,-0.00604096391268351
2023-04-10,0.0010082134013386541,0.0005633372249929033,-0.0017087111314834573
2023-04-11,0.005331276148337616,0.0016611064568888862,0.003926859186874435
2023-04-12,-0.005211208504957889,-0.0019351881787892874,-0.0008604125944762328
2023-04-13,0.015419125584388921,0.013756696960641836,0.01454049852736831
2023-04-14,0.004048204575498556,0.000146597797446447,0.00020145107749624817
2023-04-17,0.003700058858647237,-0.0008649807618801133,-0.0020548545554566894
2023-04-18,0.003793350968357953,-0.00013269530136164067,0.0009481365595294065
2023-04-19,5.9359198106643624e-05,0.0012632155317830061,-0.0007497334944114849
2023-04-20,-0.004236481286424021,-0.0008940850936887612,-6.866502347289567e-05
2023-04-21,-0.0013652967792724682,0.0006454745990839411,-0.0013165694627213812
2023-04-24,-0.0031710831128692793,0.0019820455673941716,0.0024511351504354056
2023-04-25,-0.014851033481104024,-0.010615212259336254,-0.007825783151594108
2023-04-26,-0.006636093098222953,-0.0042165277103700695,-0.006905855870854651
2023-04-27,0.015238811790308412,0.01368863627582904,0.012782139119786502
2023-04-28,0.01117566313339282,0.0023795936095842695,0.007759825808989193
2023-05-01,-0.004393780727896852,-0.0049031014492176995,-0.0017554216572295514
2023-05-02,-0.02255144987600254,-0.012758992008166192,-0.013922334507224406
2023-05-03,-0.008401162880107742,-0.001580019687872456,-0.003734345670910849
2023-05-04,-0.011927373998466747,-0.004223358326838284,-0.001985411386808745
2023-05-05,0.025231945997649056,0.013634350238461124,0.015433426193720253
2023-05-08,-0.0005171448880561976,0.011082122178990789,0.005182548039759475
2023-05-09,-0.0003020158776557424,0.02126255326039577,0.025591396724843996
2023-05-10,-0.008778689395419816,0.020411195983495844,0.009851297577734697
2023-05-11,0.000929121361592917,0.014654619575730393,-0.0011336931997504797
2023-05-12,-0.001817333042267457,-0.0026162033818817134,-0.004338060238367852
2023-05-15,0.006132311039079971,0.004112264573496447,0.006554013729190897
2023-05-16,-0.008696026324954755,0.014475156632797205,0.0015062085669231052
2023-05-17,0.014742003853490136,0.010085939280825044,0.006141313146970111
2023-05-18,0.0051651429597750894,0.01697810237048608,0.015128254844473301
2023-05-19,-0.0007577403836359172,-0.005174263856613987,-0.0026376243699618137
2023-05-22,0.00030635294940072993,0.005153112105508736,0.002625535048633713
2023-05-23,-0.006960615212811352,-0.019293685123373795,-0.018352686643754997
2023-05-24,-0.007731559051145208,-0.007641371006443244,-0.006116953206377467
2023-05-25,-0.001610727183443389,0.00527297739984882,-0.0021221849811770394
2023-05-26,0.013499823603290198,0.01090538889783711,0.008214683817591897
2023-05-30,-0.00027267539875581016,-0.007453827597951722,-0.005918690152152222
2023-05-31,-0.003896953533460183,-0.0018689159584722986,0.004427288291878179
2023-06-01,0.014626727813725026,0.016253655743472293,0.019220335210043835
2023-06-02,0.022924169170967238,0.01505778590960868,0.015503040169623247
2023-06-05,-0.004997149609264944,0.005437761145725258,-0.0013737803548211226
2023-06-06,0.009205326973256078,0.01291424629664288,0.009939409571927965
2023-06-07,-0.0003911887834870631,-0.03146410068409784,-0.018154126125261457
2023-06-08,0.0014091674599546078,0.010746937841099525,0.013204331393124106
2023-06-09,0.0006946500632879589,-0.002030873758664818,-0.00023583482982965186
2023-06-12,0.0035270841328268257,0.01800937287537183,0.017091410259570467
2023-06-13,0.004621448953944862,0.002355248544766958,0.001816963249912167
2023-06-14,-0.002352097146192065,-0.0018408838289608526,-0.0002513918267778073
2023-06-15,0.007124813320450296,0.005732837782683751,0.005689912917172733
2023-06-16,-0.004057572699255011,-0.011651223666836229,-0.009425283370751575
2023-06-20,-0.010095110262391249,-0.003148262942033967,-0.0035987408194713775
2023-06-21,-0.0042790200587983045,-0.011673759193582219,-0.007561621635026734
2023-06-22,0.0002139346528000444,0.02713202971307827,0.02058371994649111
2023-06-23,-0.004507256407439782,-0.005160218965677153,-0.0030345950513840756
2023-06-26,-0.0011622484065579226,-0.0183823656110298,-0.010388443252668507
2023-06-27,0.004625213250857025,0.008574662948388925,0.012068791448981528
2023-06-28,0.0019295516718310693,0.006356003272535706,0.005144956015965835
2023-06-29,0.008980904533202631,-0.0040125759193773425,0.001323300984552677
2023-06-30,0.010928418385177508,0.013785147589042429,0.018140892104084334
2023-07-03,0.00380945141228525,0.0006939449638770176,0.00010292926806367933
2023-07-05,-0.0007221152383008397,0.0010363816308967878,-0.001004066704504086
2023-07-06,-0.013554183800827343,-0.007529230493992217,-0.008245702903328503
2023-07-07,-0.002418958754711268,-0.0008215592018414892,-0.003636174810260003
2023-07-10,0.00026447954030499223,-0.0020682531867373803,0.00041806954378541483
2023-07-11,0.009983130705717295,0.011760161985049535,0.010499560756055714
2023-07-12,0.006374705482426501,0.009608025222578254,0.008131931687714805
2023-07-13,0.0033208948258230783,0.007562104737553945,0.0037083649787454064
2023-07-14,-0.00556915096920213,-0.0014555994943274597,-0.0028998325837263886
2023-07-17,0.00764951281014315,0.0016726446249575903,0.006012772626722988
2023-07-18,0.009853622314380023,-0.0038087402370738438,-0.0003008312593493897
2023-07-19,0.006256075217313051,0.0054064624234439005,0.0038733840607603777
2023-07-20,0.0025815198615034983,-0.011790449587529069,-0.006162536561747542
2023-07-21,-0.008272084292017555,-0.004185286640475444,-0.006795223296284245
2023-07-24,0.0033329460139323677,0.005229827272261957,0.006397044716073413
2023-07-25,-0.002410634909223063,-0.0009963665739239748,-0.000832034947290812
2023-07-26,0.007086677701142511,-0.0030683180353173805,0.0006491393123257917
2023-07-27,-0.01247861976053581,-0.010871081687073137,-0.013599038658233545
2023-07-28,0.004654871318182839,0.01082863811073118,0.007783545926203032
2023-07-31,0.008313077587197905,0.008729687538282517,0.00902637934091053
2023-08-01,-0.0030785665808964868,-0.007502972975530356,-0.008400764818661938
2023-08-02,-0.01181649401096255,-0.019175117523217197,-0.020452151006516688
2023-08-03,-0.0030337402164165982,0.0026968297405977693,0.0010081495128412205
2023-08-04,-0.010181121661606812,0.014600369001786991,0.0031865788166729595
2023-08-07,0.005457528223554703,0.013297736745510508,0.0082180221475082
2023-08-08,-0.00616720903717062,-0.00385572053656249,-0.0020627847221554034
2023-08-09,-0.0061241072698634165,-0.007707044385622154,-0.008507378271957407
2023-08-10,8.485810608450192e-05,-0.0007526630657310997,0.00108571527369544
2023-08-11,0.007613923175623909,0.009565339251488909,0.007176746870640948
2023-08-14,0.0006330463302580209,0.0033966706755699425,0.007332895750376844
2023-08-15,-0.0194384196370895,-0.017208158251291718,-0.016982622397369536
2023-08-16,-0.006540084796270498,-0.01088011381774307,-0.009805362876901681
2023-08-17,-0.0020044025851730443,2.632166931657244e-05,0.001332684094779633
2023-08-18,0.0008200224641481468,-0.0012106837533576672,-0.0029464903416316253
2023-08-21,0.0007147641021837493,0.0034464221208722235,0.004747318483983788
2023-08-22,-0.006278438108779564,-0.0016813559525809569,0.000263493924420749
2023-08-23,0.006897802753909911,0.008018022862430143,0.012487534308044097
2023-08-24,-0.009148945348030253,-0.016670692284916435,-0.019308762881736947
2023-08-25,0.0053510008931829224,0.00560633728307397,0.0073478427368890206
2023-08-28,0.005454739319668831,0.0058370632301050045,0.00662622000509471
2023-08-29,0.008764402400566987,0.015553710879295489,0.016382352659461752
2023-08-30,0.003350441186840482,0.007992550921972631,0.00887670107357788
2023-08-31,-0.005207133175785443,0.0037348040548375425,0.0055339597182197525
2023-09-01,0.00798593324003004,0.006567202324811787,0.0036594062233858667
2023-09-05,-0.0014916988220701958,-0.00808225893009015,-0.0075985413044173155
2023-09-06,-0.009588051211172491,-0.0027900075948709955,-0.0014817713356854135
2023-09-07,-0.00891406498027011,-0.005411879413748175,-0.0003953516547042721
2023-09-08,0.0037691353333315822,0.0035839929172492313,0.003696601635881794
2023-09-11,0.0019909962503315603,0.005081405570306195,0.006504837421089555
2023-09-12,0.0027832789737130843,0.003194144915961361,0.002038627337631018
2023-09-13,0.00012487357537074845,0.00040417386647685584,-0.00024298629662192764
2023-09-14,0.010682644986392415,0.0033468072575607707,0.005150742813456999
2023-09-15,-0.0032214005001562074,-0.005632477510409503,-0.0064023461623247385
2023-09-18,-0.0010017423169292562,0.007045590641605152,0.004319047165420034
2023-09-19,-0.0002442786620170825,0.0007418652897654461,-0.0017841242507733194
2023-09-20,-0.0094869839675217,-0.007122222666398342,-0.006774127869164647
2023-09-21,-0.014610067528045731,-0.012217965328230738,-0.014083196276053346
2023-09-22,-0.0035739259741425448,-0.005043632172470425,-0.005700562043054953
2023-09-25,0.0012976709184837625,0.0006639708287009001,-0.00040205709668341517
2023-09-26,-0.013332107858815232,-0.01306876278441241,-0.012986269211466912
2023-09-27,-0.001073464434927898,-0.00048250402932610483,-0.0010540471862150707
2023-09-28,0.003016730611707625,0.005037977612200185,0.006614918549039094
2023-09-29,-0.005510041034682749,-0.007822158142172856,-0.007043991965240172
2023-10-02,-0.004303241557734354,0.004923797703266635,-0.006371160311033291
2023-10-03,-0.015970498237001442,-0.01467245204780207,-0.0032181301246324893
2023-10-04,0.0032382505428856204,0.010736168979591194,-0.010734787048423624
2023-10-05,-0.0029575990903017452,-0.00025851303929554196,0.00106839516758125
2023-10-06,0.009099276381254169,0.009602458644459628,0.009722931852405886
2023-10-09,0.006468542043613723,0.00536442450994983,0.0214668363067212
2023-10-10,0.0098035021267304,0.007011215578395801,-0.0011242740773155162
2023-10-11,-0.003270449481144475,0.005846086285186142,-0.009189260425009385
2023-10-12,-0.005649497432243426,-0.008893045287987253,-0.001578136837907413
2023-10-13,9.271173135390979e-05,-0.005175633652239408,0.006361083405065776
2023-10-16,0.008839724025466221,0.010050808663383873,0.009440807247425697
2023-10-17,0.007687742558083693,0.006745629274877525,0.005111435844989281
2023-10-18,-0.007413665510182532,-0.012473378546803433,0.0009471240330406425
2023-10-19,-0.005889990466567414,-0.006612333148122839,-0.001939298816987749
2023-10-20,-0.022690434451803743,-0.014240234710770294,-0.014919322131540597
2023-10-23,-0.00450205116625296,-0.005312419264630247,-0.019841273496900926
2023-10-24,0.003147183165793103,0.006676845896640936,-0.0050614069954252015
2023-10-25,-0.002121713000040678,-0.03742307785877866,-0.01819147180442301
2023-10-26,-0.006394653652682464,-0.02150660444220845,-0.015377048861325937
2023-10-27,-0.017540051321379244,-0.013726494416795982,-0.02694131306046335
2023-10-30,0.013844800231373139,0.018455589300907967,0.0099040181583901
2023-10-31,0.009619567912471032,0.00521030511789364,0.00035320609611429096
2023-11-01,0.0064174257407281585,0.013634803763744334,0.01179777671534166
2023-11-02,0.02661963622673076,0.019671814715902857,0.01563874475791143
2023-11-03,0.005558076435701629,0.00743053997801313,0.00025732761046432564
2023-11-06,0.002261037693152571,0.0029209508973964005,0.002936234302315401
2023-11-07,9.630320126354173e-06,0.002874546790794572,0.0007585268881129956
2023-11-08,0.000839419897579976,-0.001842245548218741,-0.00043235094753457263
2023-11-09,-0.005414729394934242,-0.006242736162509273,-0.005415191248089454
2023-11-10,0.01099254805781733,0.011360966709393053,0.007946239370594148
2023-11-13,0.0011566274901760522,-0.0005646698149053105,0.001970447479383691
2023-11-14,0.016712141291419944,0.01613259012419668,0.005455206343841788
2023-11-15,0.006591856748956777,0.0010772838316073377,0.0017033493397793312
2023-11-16,0.0003329335327839431,0.0029180826823489592,0.004173055877981679
2023-11-17,0.010248555787529196,0.010600208824961115,0.0062098338752794155
2023-11-20,0.005488361034766314,0.004607672211888212,0.003938574003686265
2023-11-21,-0.002080522757559042,-0.0016700897971415806,0.004723950097527146
2023-11-22,0.00511947820248797,0.008399221918136144,0.008986709539932178
2023-11-24,0.00055542350372249,0.0021021421012604397,0.003243674634163164
2023-11-27,-0.002274863901654358,0.00044979882850957996,0.00029299290451565856
2023-11-28,0.003550437256923231,-0.001503674399100868,-5.7738999189307427e-05
2023-11-29,0.0033123308853313634,0.004697519431178047,0.00027340951586395925
2023-11-30,0.009351490551667745,0.012645111027513848,0.014511212772814277
2023-12-01,0.0097468379737311,0.015735114884265176,0.010984443353595032
2023-12-04,-0.0036024455714565758,0.006055321125513831,0.002042901026848077
2023-12-05,-0.0024738461347950454,-0.007822166419625633,-0.004548588531897269
2023-12-06,-0.007487778747130841,-0.002797135674532944,-0.0007323507148051011
2023-12-07,0.005836358730636435,0.008577853386543611,0.00708521706034254
2023-12-08,0.0030227662622728433,-0.0006512899662628696,-0.0007719288583665427
2023-12-11,-0.0002412423800211525,0.005785973874388598,0.006160097800479098
2023-12-12,0.005010674049184528,0.013805544257274757,0.0116447769694761
2023-12-13,0.018891734219493302,0.012620707015131823,0.012852152625232847
2023-12-14,0.013996766064297237,-0.0027082040707130054,-0.004467797827865521
2023-12-15,-0.001787965492511085,-0.004364549713555761,-0.005296826857323202
2023-12-18,0.0038459749365479957,0.00792765485937637,0.006136857454016983
2023-12-19,0.007281765299120693,0.002177739516414667,0.001305266984037472
2023-12-20,-0.016842784321290324,-0.023114924578798563,-0.01996821230917508
2023-12-21,0.009387597170049649,0.012180003084443456,0.009966814911468561
2023-12-22,0.0029650757172154994,0.005569689184885976,0.004686027458885424
2023-12-26,0.0040045560226793925,0.002886720557445359,0.003469488044448579
2023-12-27,0.001319728232331298,0.0014136893213411248,0.0010009279260613727
2023-12-28,0.00033780670323894555,0.004840764628153891,0.004516627184187938
2023-12-29,-0.0019903241915147116,0.002596166989224122,0.002192144719013883
2024-01-02,-0.001630902950418714,0.003101950312002106,0.003460922285414123
2024-01-03,-0.004255990465832239,-0.006824268845625842,-0.0014616387044603077
2024-01-04,-0.002220899971149194,0.004824124091137553,-0.0056125672622861665
2024-01-05,0.0035531670478205946,0.0077844692089760635,0.0024356116151320775
2024-01-08,0.004787439915986568,-0.0011466346456108765,0.00766632940441589
2024-01-09,-0.008451617189651763,-0.006970077534488989,0.003261184270146266
2024-01-10,-0.0018168197231922386,-0.0007321903865356211,0.0005355492431166217
2024-01-11,-0.001955283345420783,-0.0012012857250348942,-0.0016778177338037078
2024-01-12,-0.001302781393713777,-0.005953398250022237,-0.00012046464817911572
2024-01-16,-0.010559069663900416,-0.00663518828738171,-0.0039682503860371705
2024-01-17,-0.0026982224834087207,-0.0020418884515286746,-0.002854401360166943
2024-01-18,0.0038994253314921334,0.0021757553798895926,0.003148915921903196
2024-01-19,0.011490932979459393,0.02034497488231066,0.018309386508491395
2024-01-22,0.005974341587785688,0.0071054410374477815,0.0012694271855355022
2024-01-23,0.0037307474376569285,0.004697332350409492,0.006760948067862941
2024-01-24,0.00131941072284682,0.004726043947989,0.004617490007189236
2024-01-25,0.009241816735483615,0.007406732103715461,0.011772510874459468
2024-01-26,0.01645507304619292,0.01062637243916243,0.00390919017326974
2024-01-29,0.001415758259247195,0.006730514624131634,0.00598120146318319
2024-01-30,0.007373788356822779,0.015432680054648292,0.001972408822081889
2024-01-31,-0.01601607556324327,-0.014336091572040455,-0.030669763910759883
2024-02-01,0.010092588129192915,0.008159006288063094,0.008348662732020097
2024-02-02,0.004168883013305511,0.01768574607544829,0.012904203122817906
2024-02-05,-0.002015781030937251,-0.0023677171099086656,-0.0018467795430072743
2024-02-06,0.0018307015111820525,-0.0003352447100220014,0.0003357908350694455
2024-02-07,0.005162994841625585,0.004970052328315437,0.002732797379378998
2024-02-08,0.0007746740773185817,-0.0024361537978675953,-0.0023091548799840642
2024-02-09,0.0007722107581985757,0.008855753007721234,0.005032076583448808
2024-02-12,0.0019494162472915649,-0.0002920195553256523,0.002678380568882948
2024-02-13,-0.015288388900207431,-0.01616104419907512,-0.013763359290873153
2024-02-14,0.001625733021229156,0.0043410290352853586,0.004088488892456102
2024-02-15,0.012410128954321321,0.009424494095687477,0.014077182737532024
2024-02-16,-0.0017465229110195024,-0.00363323911226469,-0.0016348823267280728
2024-02-20,0.0013742229390591382,-0.004065517296196071,-0.004671146678322647
2024-02-21,0.0018813085348658545,0.005018176085373555,0.006350367507653719
2024-02-22,0.007992129233174996,0.01431939763640783,0.012797904330407804
2024-02-23,-6.3549101210547045e-06,0.0014824882979517808,0.0012231632764862594
2024-02-26,-0.0025214112701535006,-0.008079914734278531,-0.004964901006300982
2024-02-27,0.003061470614147788,0.0025008679125568226,0.0013148793831927802
2024-02-28,-0.00145012535571288,-0.002951153939953997,-0.0023610539888259023
2024-02-29,0.0014038332730661547,0.00592086754024665,0.0027822299525516506
2024-03-01,-0.0014203258296081732,0.0008650182513623983,0.003196429545520868
2024-03-04,-0.005994757006971657,-0.0031018559470572036,-0.007009912106895724
2024-03-05,-0.004931426786916175,0.007027127271811568,0.0036419257103548785
2024-03-06,0.0012383140588588123,0.00326354984828949,0.003809977692628708
2024-03-07,0.006958018286494101,-0.0012305956871654215,0.0014620805471553316
2024-03-08,0.001957086238727898,0.0023700177652377034,0.0018399565650373227
2024-03-11,0.004239441595553402,0.0053461055166640885,0.0013288951894994895
2024-03-12,0.005199275600626025,0.004317992480822871,0.007584311275296723
2024-03-13,0.0023315358561869495,0.004864374048047722,0.005094028068847135
2024-03-14,-0.0017568214125480623,-0.0009807063492519635,0.0012367485683968463
2024-03-15,-0.005532711297796485,-0.004609968106619393,-0.006598211260385126
2024-03-18,0.00898992396540459,0.009337794225584315,0.00835456180791149
2024-03-19,0.005921610517288061,0.007819957906373942,0.008438118082117025
2024-03-20,0.012621373635571025,0.007909317021771705,0.009493129387952859
2024-03-21,-0.003043840672336398,0.003903237152029929,0.0031653007465386037
2024-03-22,-0.005457961584226921,-0.009220884798743023,-0.012819646487643513
2024-03-25,-0.0006424544933495176,-0.0022179094882591754,-0.003265708055119716
2024-03-26,-0.0023346181637177066,0.000345272550170283,-0.0025310544712541898
2024-03-27,0.012496722525846613,0.008916718631278662,0.007556079377493732
2024-03-28,0.0012803037331786727,0.006883660785286635,0.005751382162851874
2024-04-01,-0.0014922847170977074,0.0030937279776874463,0.0029145695421269597
2024-04-02,-0.00490176771932653,-0.003458157385702884,0.0012641454802532004
2024-04-03,0.0023465843590708794,0.001689239526187532,0.0010387302467987623
2024-04-04,-0.012481332367985832,-0.012297987617592095,-0.00963333188380818
2024-04-05,0.007555802414407405,0.00530090369015543,0.0031346929021411267
2024-04-08,0.002006827512613339,0.004358507208098745,0.002914380661724416
2024-04-09,-0.0019738532055338905,0.002458226495570995,0.0032346870197035287
2024-04-10,-0.01156871162092935,-0.012755186566558531,-0.01126151151820995
2024-04-11,0.006440375314335491,0.0001395167813617659,-0.0006646940814899613
2024-04-12,-0.005546680900770609,-0.012657715953423816,-0.01476094189613538
2024-04-15,-0.0057512246330109285,-0.0016611044575374214,0.0020674266654085328
2024-04-16,-0.009722833504149181,-0.003823570074057796,-0.0015081906004180666
2024-04-17,0.0009120790452999519,0.0036785023944845016,0.006711725591859922
2024-04-18,0.00239656466285095,0.0022582882792182156,0.004652483217893186
2024-04-19,0.02312783658788445,0.014023084640949736,0.015086253299687522
2024-04-22,0.009978738554859241,0.01487036402482776,0.011630868027151697
2024-04-23,0.0112167502794503,0.00785733532851568,0.005091270650617037
2024-04-24,0.0033445485023494447,0.0018177824979221577,0.00633593425582785
2024-04-25,-0.0018659251788084885,-0.007738345494224736,-0.007693318486674849
2024-04-26,0.00038195626440001916,0.01393395743267902,0.009237677301972442
2024-04-29,0.008199548354344487,0.004492092359835317,0.004261785158955204
2024-04-30,-0.016085055380051207,-0.009906722482738104,-0.00915266333779417
2024-05-01,-0.007141206221839056,-0.008001488275047366,-0.008499505659974331
2024-05-02,0.007190516865499348,0.009144204539578081,0.008750288814049198
2024-05-03,0.008635126628993904,0.006069656295687975,0.0036316021832584703
2024-05-06,0.007606635375313258,0.007347371650487086,0.0070747800413952355
2024-05-07,0.004046517110572816,0.005181528389660145,0.003589212410327891
2024-05-08,0.000785867106537508,-0.00341278962030605,-0.003674880689037315
2024-05-09,0.010099957487644569,0.009504188599663425,0.009938382728581795
2024-05-10,0.003480904459689452,-0.0007694932513070468,-0.0007137981875690727
2024-05-13,-0.0023920330420163756,-0.0008796298470856519,-0.0013719788665850757
2024-05-14,0.0037684999575585457,0.0007718160389905945,-0.0017905323606265133
2024-05-15,0.004994725483168533,0.005233921562261491,0.002294597095523503
2024-05-16,0.0033256339920077187,-0.0011816942064581382,-0.0019936894753980593
2024-05-17,0.005040345339940199,0.006339239579341906,0.005817316702744927
2024-05-20,-0.004568990325368541,-0.0005776389881321374,-0.00292743178283079
2024-05-21,0.004516810841377329,-0.000942956612788671,-0.0018680294104822595
2024-05-22,-0.005155441200618049,-0.010180530954128268,-0.009278682385238142
2024-05-23,-0.016051345215817147,-0.013531133461518975,-0.011657888364595264
2024-05-24,0.00936006414520827,0.009421936415767376,0.007027865353150499
2024-05-28,-0.00292289101699128,0.003582242146006175,0.00436194396741877
2024-05-29,-0.006545280305572072,-0.004817012727310709,-0.006477033375724453
2024-05-30,0.002946144918106575,0.0024168816337020445,0.0038000414042289933
2024-05-31,0.015346877886275615,0.012719633265237566,0.01544178581049976
2024-06-03,-0.006641571668456533,-0.010040189069559387,-0.007861518008682818
2024-06-04,0.0016073413638329984,-0.0078106943167879925,-0.007556284962374159
2024-06-05,-0.001128328878521537,0.0033369798309876705,0.004456794538925895
2024-06-06,-0.002145148065861033,-0.004400252154941723,-0.004912002895472677
2024-06-07,0.0012602938751935734,0.005706998229229276,0.0075001378493172325
2024-06-10,-0.004335882358321855,-0.004142615626023489,-0.0072908146578936125
2024-06-11,0.0008109052038173956,-0.014045775198972708,0.0075126415348614264
2024-06-12,0.003587945760860232,0.007547382565339766,0.011659312308802868
2024-06-13,-0.003460913640787541,-0.0022075569930150273,0.0004748129365486257
2024-06-14,0.0005032107269018252,-0.006947302097372217,-0.009014129186694888
2024-06-17,0.010251195830532273,0.004639900894220798,0.007120727307462999
2024-06-18,0.002909192168229389,0.00869355434872629,0.003441063582176437
2024-06-20,0.0004380602209846301,0.0015223821456436532,-0.0035833209807440165
2024-06-21,-0.0034046097816666336,-0.0032596939412887615,-0.0031939597110460854
2024-06-24,0.011098846170181836,0.011180571669995374,0.008793059383961879
2024-06-25,-0.0033161149621181293,-0.010507300229769782,-0.005756065618695478
2024-06-26,-0.0010863007661212297,-0.009925524107981162,-0.002399285971501713
2024-06-27,-0.001343749801946153,0.003235410932659378,0.0029176672829413952
2024-06-28,-6.0950379311749095e-05,-0.013680564607433615,-0.0221369649398532
2024-07-01,0.007026327701591468,0.004559700378895633,0.004035032556770279
2024-07-02,0.009003175346526808,0.004913581871722114,0.005812797403675784
2024-07-03,0.0008474643396978005,-0.0019326264528065694,-0.0008059071671082645
2024-07-05,0.0029924340800995737,0.006277225639240377,0.009438633365655768
2024-07-08,-0.0018834685648186221,-0.00626035786238432,-0.007494716087423855
2024-07-09,0.005545301395373061,-0.001021674479030819,-0.0013953165157203492
2024-07-10,0.007894519669223379,0.007042686509225878,0.007220570673584322
2024-07-11,-0.0025136472128295204,-0.010437808757950197,-0.01225003647400983
2024-07-12,0.003182269237982375,0.0007688025488365179,0.0007874959920748503
2024-07-15,0.011129174923059166,-0.00022722777538847582,0.0031757246887319573
2024-07-16,0.01568258810091295,0.0011972147113549494,1.5729225115983934e-05
2024-07-17,0.00291657512415749,-0.0007735255905050423,-0.001912249878282212
2024-07-18,-0.008282771617709066,-0.00991147047308664,-0.009047336120169901
2024-07-19,-0.01169259343547403,-0.0034153497716986427,-0.004351602353609358
2024-07-22,-0.0011029906504695325,-0.0013062707006635458,0.0009770237171401609
2024-07-23,0.0017455541268578936,0.002777528121303337,0.001983463424879102
2024-07-24,-0.013919430362493802,-0.01587460515624273,-0.01920663636028473
2024-07-25,-0.0009467985954485501,-0.005400705793070196,-0.007408401522076062
2024-07-26,0.011195424263234333,0.0035277502753629716,0.006889006175432227
2024-07-29,0.0004182952532172793,0.003237838543985534,0.0037484793947651514
2024-07-30,0.011101019294040448,0.002723515695676501,0.005916140830255723
2024-07-31,0.001181840534798336,0.008263952413908742,0.005934250407519624
2024-08-01,-0.01264707495555072,-0.001992460337342528,0.0031699710683521804
2024-08-02,-0.022343482793069264,-0.005364063877175958,0.004033727046998697
2024-08-05,-0.029868708444809128,-0.02307207610370492,-0.019896843543996456
2024-08-06,0.004268006861895461,0.002647520305200653,-0.004650287153985382
2024-08-07,0.0010157381312932434,-0.005246292958970177,-0.00028205856178798393
2024-08-08,0.01837789791920733,0.018754326031681562,0.01218501214785613
2024-08-09,0.0085100913331964,0.007513927620331656,0.0031694284700713262
2024-08-12,-0.0022478612424038456,-0.005813397858763658,-0.016155697959507585
2024-08-13,0.006112230266000382,0.007515151989433093,0.007080096029912895
2024-08-14,0.007229661435779767,0.011417782374773953,0.004659478864019946
2024-08-15,0.011648374534029933,0.004995617959442852,0.0006770194453160593
2024-08-16,0.006154078574815466,0.006152314470670539,0.008505089056414863
2024-08-19,0.005295005828184134,0.00898972076171473,0.008857114076319091
2024-08-20,-0.005379268436197322,-0.007018763506889302,-0.0005456379477224689
2024-08-21,-0.0053715580242280556,4.1357347022238924e-05,6.149312624843386e-05
2024-08-22,0.0021056796057042746,0.004748138880552175,0.0003368004171102933
2024-08-23,0.011059844397284123,0.010244576614092182,0.009941945366869627
2024-08-26,0.005930725656760499,0.004543090902505252,0.005299341571980538
2024-08-27,0.0013900681542071507,0.002927746841606106,0.0019604717357545004
2024-08-28,0.0006820319300172517,-0.0005787331077445909,-0.0013011749994714396
2024-08-29,0.008280841923040735,0.004293075484912817,0.0032477523978374527
2024-08-30,0.00265947261170691,0.0027911401793923956,0.010068916764121293
2024-09-03,-0.011965822708094799,-0.004992259629158032,-0.004722096276128969
2024-09-04,-0.00616963892504012,-0.003063690948101895,-0.0026595231057467404
2024-09-05,-0.004583672718208352,-0.00891510942293371,-0.007930596458449582
2024-09-06,-0.01741056217733988,-0.014371001764596263,-0.01535559949271269
2024-09-09,0.013810874277273986,0.01647033586951851,0.018687875824005044
2024-09-10,-0.008986362311648522,-0.008518081270830563,-0.008167400217285029
2024-09-11,0.006502458891170282,0.001980111262574427,0.004963453798429855
2024-09-12,0.0036147846047476576,0.004526273899587281,0.0050009404547507645
2024-09-13,0.006705292675416462,0.006764046205878713,0.008357567148176663
2024-09-16,0.002943000792774014,0.006823342043963521,0.009281766840957365
2024-09-17,0.006219616651939232,0.005793009864450358,0.00625883317707463
2024-09-18,-4.969587888959837e-05,-0.0040601110044859254,-0.005627679721850478
2024-09-19,0.016115846657610216,0.010063632633271145,0.01081784996584389
2024-09-20,0.000508399111779512,0.0010995509357165742,0.0014312245380490756
2024-09-23,-0.0041706548433402026,-0.0013629941612110404,-0.003693914942527769
2024-09-24,-0.0035869740349428274,-0.006762348792388486,-0.007791521903244273
2024-09-25,-0.0049101990171916444,-0.002247536298556429,-0.0012455457898226019
2024-09-26,0.0012387967633171017,0.0009752731718938832,0.0018089832784908496
2024-09-27,0.007309394820968953,0.005722222214728773,0.005693987218538731
2024-09-30,0.006520843187651276,0.0026816270193804888,0.0015509262410589614
2024-10-01,-0.0053745839211637725,0.0018674984820607086,-0.0009650679353745471
2024-10-02,0.0006455564790964535,-0.006045580837419016,-0.006940777412903542
2024-10-03,-0.0033436813078282024,-0.004137755944630761,-0.005421088238329208
2024-10-04,0.011354165699639176,0.007952322175727932,0.00987591964020224
2024-10-07,-0.011727429973811439,-0.010825115326068549,-0.01262346185736252
2024-10-08,-0.001361819871856051,-0.0008760931992701041,-0.000643314382918595
2024-10-09,0.0076432212013912435,0.0011190773257893326,0.0010543064045677806
2024-10-10,-0.0012096090123443028,-8.379631687547049e-05,-0.0012498512500584654
2024-10-11,0.013294338272701442,0.009639062260328943,0.010566400559165417
2024-10-14,0.005323365719228868,0.006716159608385522,0.007099983758140728
2024-10-15,0.00013612572573874085,0.00033517827827018917,0.003381484056141937
2024-10-16,0.006977563515425211,0.00550800198368307,0.0055424189704080815
2024-10-17,0.004449228127039074,0.00015152151194532354,-0.0014727303265487809
2024-10-18,-0.005236705638659697,-0.0024796637926443664,-0.004031667125879916
2024-10-21,-0.008891592924056037,-0.009211576655826833,-0.011733599144933817
2024-10-22,0.0009833481846553908,0.002854824876458774,0.00347281658534231
2024-10-23,-0.0088927676536311,-0.00935971007062234,-0.011121141860060276
2024-10-24,-0.0026888119182761727,-0.006556934400309035,-0.007332788930313551
2024-10-25,-0.006174365590784345,-0.0018932981389527827,-0.0028181858455974046
2024-10-28,0.006931883364842747,0.005679152662494631,0.006644280431239618
2024-10-29,-0.005288011273065105,-0.004796747452981021,-0.00449549454934455
2024-10-30,-0.0015951685180518335,0.003703339901013162,0.0052753738597256595
2024-10-31,-0.010873081826838037,-0.011869010476072321,-0.013153811732534295
2024-11-01,0.0014410105790378224,0.004509747574116516,0.007545980633684497
2024-11-04,-0.002579090375523564,-0.00460494584733232,-0.009548950901456063
2024-11-05,0.009216443903792271,0.006988488240543705,0.009398145920211716
2024-11-06,0.02970702581258473,0.04316694099361802,0.05377083726263767
2024-11-07,-0.005483195914954944,-0.002498440683832914,0.004858797832100057
2024-11-08,0.003378782475796838,0.0031653539117422694,-0.004280428649238775
2024-11-11,0.0047232550623482715,0.004709697774808615,0.012552557149256065
2024-11-12,-0.0058250575499610505,-0.004412287065488211,0.0007766859223640332
2024-11-13,0.002402184177519683,0.006722734132868763,-0.005267760007257947
2024-11-14,0.003002912470294213,0.006851928232014197,-0.009562010776009062
2024-11-15,-0.0050701239858418415,0.0014312947334765079,-0.008575501177426448
2024-11-18,0.002804318572092451,0.004505569207863407,0.007117620816562474
2024-11-19,-0.0015686190568472665,-0.004465504451995664,0.007344120665080423
2024-11-20,0.004170645402155011,0.00024166600099544735,-0.008092992475830207
2024-11-21,0.007731593445113552,0.0023992050492251046,-0.018668812733339726
2024-11-22,0.011495117945365441,0.008163825873401679,-0.0019361293755969628
2024-11-25,0.008002525125102982,0.00590031494151032,0.015197973245667386
2024-11-26,0.004713233970475999,0.00848674249609809,0.007710523461610927
2024-11-27,-0.0007110528330093331,-0.0008493522522355562,-0.0002692609712536468
2024-11-29,0.0019785857915012297,0.0008325993533619614,-0.0005632118322157723
2024-12-02,-0.0026693069792646934,-0.0001993277589049475,-0.0017394592378223073
2024-12-03,-0.0004189299668946982,-0.004383282673386432,-0.0038999677656014163
2024-12-04,-0.0065241568946717956,-0.007196528402339454,-0.005198436835568783
2024-12-05,0.0006430205319840222,-0.0029196860825495756,-0.00034641687567575744
2024-12-06,-0.0010178934302072444,-0.005193684472345398,-0.0028097499751879493
2024-12-09,-0.003861397372949518,0.0015323904659061455,-0.0037351469900065147
2024-12-10,0.005610943330930141,0.0011814892360020367,-0.0005449848930012423
2024-12-11,0.0020565936947811686,0.006676056974463286,0.0035073418947106612
2024-12-12,-0.00020615217119890477,-0.0033077021175726934,-0.0010084395294590143
2024-12-13,-0.002536596386441669,-0.00540079188505576,-0.002949466903041069
2024-12-16,-0.0021382447856728767,-0.005505081616126765,-0.004156768973350467
2024-12-17,-0.0007034393267004243,-0.0006530357219898985,-0.0001767454197336238
2024-12-18,-0.028299313326052764,-0.02362573141492585,-0.02443746834308078
2024-12-19,0.0016973226244255267,-0.0069569266723151215,-0.0021175405986054697
2024-12-20,0.015279634240298266,0.013744962745384675,0.010852825431737335
2024-12-23,0.0020120404191882164,0.008595895063814791,0.005265076469304082
2024-12-24,0.01076640103969408,0.009068385914918185,0.009722903379291527
2024-12-26,0.0013465968269291044,0.0018277386445277215,0.0017403131204341143
2024-12-27,-0.006209034874585902,-0.004035785375650257,-0.00532521621342611
2024-12-30,-0.010040220776225543,-0.0075520036279648015,-0.009951498877472216
2024-12-31,0.0012439365499457616,0.004665523402798811,0.0022446581109627534
2025-01-02,-0.0021384483285535765,0.00020862354901500667,0.0032407992987321726
2025-01-03,0.007792813187931514,0.009059906646030532,0.0104352021697171
2025-01-06,-0.0019804801444813017,-0.006280358695889076,-0.0025812917109986682
2025-01-07,0.0009191032342134966,0.0007069747337629607,0.005427556756941659
2025-01-08,0.003745632604046965,0.003908732696336158,0.0003525256408543047
2025-01-10,-0.02023099211679598,-0.022664895680006743,-0.011819370589218444
2025-01-13,0.006823796993812137,0.01282321533902416,0.018212224762191472
2025-01-14,0.006714146938108049,0.0071293380486394595,0.0013637198315261058
2025-01-15,0.02056849403738323,0.01924040594410237,0.014202372325415498
2025-01-16,-0.0054553054755492976,0.005722110582892557,0.003527697913584315
2025-01-17,0.0035989554890921097,-0.004032456349535294,-0.00412200110427197
2025-01-21,-0.0022717162405152666,0.0011070208000708555,-0.009994399454378909
2025-01-22,-0.0013633163406571737,-0.003061831191593761,-0.005240650999160205
2025-01-23,0.00399300397344497,0.003922316960180133,0.0009308162901968612
2025-01-24,-0.0030307666783561033,-0.0029477439350953662,-0.007186245023622189
2025-01-27,0.011528101261492986,0.013737173996500703,0.011216445809684903
2025-01-28,0.0004451599999580161,-0.007192946117867897,-0.009003920632186427
2025-01-29,0.00016039605544411527,-0.0005566394268591097,-0.0013093469204749609
2025-01-30,0.007481920956687065,0.009300869772750117,0.005677451306829057
2025-01-31,-0.011477612860020416,-0.01634158374782102,-0.02737530970275693
2025-02-03,-0.007610620346901506,0.0025807771993532663,-0.0007116859474312225
2025-02-04,0.0057548158513801555,0.0036143740263640256,0.003515797858570671
2025-02-05,0.003743879880554057,-0.0007548826479746527,0.002129823531293698
2025-02-06,0.002207886527411323,-0.0015007491593390311,0.0006020119850911861
2025-02-07,-0.0072346436001260615,-0.007374056834928808,-0.0072946421664439745
2025-02-10,-0.002515186976555361,-0.00031503318963994805,0.002876421052723713
2025-02-11,0.012124298092563723,0.00229596519225759,0.005049427240587668
2025-02-12,-0.003935674400329749,-0.0033199777546103148,-0.0019500014598055463
2025-02-13,0.011179779266417143,0.011525848075045714,0.014111791254863898
2025-02-14,0.002941238949212995,-0.011302277135410967,-0.007338355346771852
2025-02-18,0.002010072759328488,0.0007802722089148891,0.001018426142490691
2025-02-19,0.0016956596603462265,-0.002283774625787417,-0.0015103011822693274
2025-02-20,-0.005790358447980877,-0.012540429775431997,-0.012038059845678482
2025-02-21,-0.010075636717386567,-0.009760734195897286,-0.00893445847383772
2025-02-24,0.0002617368176816952,0.003653633736459751,0.0010535444234503906
2025-02-25,-0.0024123263205205092,0.0017224122761469415,0.002117953693690346
2025-02-26,-0.006829801537531798,-0.005575058766101012,-0.007080596977557353
2025-02-27,-0.0015908390868571006,0.007171288568208131,0.0017063304037472922
2025-02-28,0.01917294305614267,0.020753450531246744,0.02068596320329564
2025-03-03,-0.011972519737497538,0.011315004215094546,0.009341929680622129
2025-03-04,-0.027435038789608884,-0.022319885474160205,-0.01813645725668086
2025-03-05,-0.0017121728482569266,0.00903267277110151,0.00814739546259169
2025-03-06,-0.009855718409809868,-0.005576335375870464,-0.0009916681274746678
2025-03-07,0.007740681093217642,-0.0008810964805186866,0.0031206849821721334
2025-03-10,-0.02368896418046146,0.014310228998682124,0.020090331888249383
2025-03-11,-0.018668774752174228,-0.00972478029333636,-0.009424092117862411
2025-03-12,-0.0018262366709169502,-0.019031892303586404,-0.02133151394317016
2025-03-13,-0.01222717940817736,0.011471670660740764,0.014652364083416086
2025-03-14,0.022075730134448978,0.02152024229512813,0.021881589792188905
2025-03-17,0.006831913868320461,0.01118022453285983,0.011555154824371744
2025-03-18,-0.003274528243022644,-0.005715298280042874,-0.003845979694776087
2025-03-19,0.014684523463276858,0.0046405973890527984,0.004020001117563908
2025-03-20,0.0003382610391396754,-0.00592322878036457,-0.0058673286414632295
2025-03-21,0.0003042653469877173,-0.007732751213765653,-0.008085017981598492
2025-03-24,0.013057305775861523,0.003239875006897773,0.0004436282198444079
2025-03-25,0.006943010003753051,0.00120195178519777,0.0004998371993215901
2025-03-26,-0.0021547272018302564,0.010739087404986074,0.013223502565895964
2025-03-27,-0.0012731490281787138,0.009576353451737431,0.008504013325454507
2025-03-28,-0.0189358349930652,-0.009727581577097594,-0.006510551552872767
2025-03-31,0.013744630473395584,0.01762065683501132,0.017455497549513834
2025-04-01,0.00256688532838506,0.0036420209865396353,0.00014310800676744348
2025-04-02,0.004398206995324824,0.005108418535553067,0.001217230323666065
2025-04-03,-0.0655037580041722,-0.07587611564173662,-0.057131154811380466
2025-04-04,-0.06416543803105651,-0.06857489872396985,-0.06957590544035101
2025-04-07,-0.011136013909097528,-0.017726758151590714,-0.026153068566958527
2025-04-08,-0.02055947105069948,-0.030624253204731847,-0.03218313266873689
2025-04-09,0.09491462485005377,0.11242768051028039,0.09749677781408014
2025-04-10,-0.03986009724007553,-0.0510419465559305,-0.04487322945678518
2025-04-11,0.017586456326163343,0.02276072393747911,0.022876226117214803
2025-04-14,0.014683563204727473,0.00689742596101399,0.007076017146977173
2025-04-15,0.002774505180620135,-0.0054774020834497325,-0.0067893954934890284
2025-04-16,-0.01554983111230325,-0.018271194959397045,-0.014027740120039123
2025-04-17,0.006683386588938368,0.007146286507816007,0.011538113134144249
2025-04-21,-0.021188984589365637,-0.027251667057059406,-0.022418868910950022
2025-04-22,0.03194935183366275,0.031753728455560515,0.027379935631239093
2025-04-23,0.011851248194143694,0.01587027858565559,0.007837211964393551
2025-04-24,0.01452722431862012,0.018998238469461675,0.011454551417365087
2025-04-25,-0.002878025825915383,0.000932191128702268,-0.0005867605850628084
2025-04-28,0.0018155432743418372,0.003433340066829471,0.002679730499816803
2025-04-29,0.005471885139438152,0.003917948027493023,0.0044325813366097346
2025-04-30,-0.0013541589247899723,-0.0044402814299713995,-0.0019461485107916635
2025-05-01,0.0016023898775660277,-0.00023804566088606982,0.0008167282793724189
2025-05-02,0.009749174567738663,0.014004105517196221,0.005584297871918536
2025-05-05,-0.007853062166051795,-0.0018173295890068675,-0.0049152917591835195
2025-05-06,-0.0032171244575747524,-0.0026032305112436995,-0.0012159804412216761
2025-05-07,-0.0006373853470835346,-0.005744369574394484,0.000709937755290906
2025-05-08,0.012467465609273797,0.007909275081030454,0.006984042030675418
2025-05-09,0.0022075142753678156,-0.0002751900942623074,0.0020861766359827646
2025-05-12,0.03333565666556217,0.028794943975649703,0.03073960972263143
2025-05-13,0.005646062144000131,0.0022493491851202784,0.004273882885354718
2025-05-14,-0.003059542206126843,-0.0009185623079811181,-0.006820130340166474
2025-05-15,0.005774275659124077,0.01005951623210632,0.0085258149205533
2025-05-16,0.0027121917504042293,0.007226944598635182,0.0065043581490907805
2025-05-19,-0.0034283023245909377,0.002607167799685187,-0.0003829639108961302
2025-05-20,-0.007377842352165154,-0.006905194429212946,-0.004325829118557771
2025-05-21,-0.0218851984929605,-0.019010539473217642,-0.023780046179621712
2025-05-22,-0.0015922810345166596,-0.0009894176000865387,-0.003496090307775074
2025-05-23,-0.006321273485952798,-0.009876493176212267,-0.010714750340783242
2025-05-27,0.01975579431161315,0.02151181942603235,0.020062890786493846
2025-05-28,-0.0046127550640176875,-0.004790810296363801,-0.0069942448881745375
2025-05-29,0.00586855716879368,0.003075307222819721,0.0021038598073389553
2025-05-30,-0.000568393704765527,0.0007811538527053408,0.001468183135680834
2025-06-02,0.0026829521652546287,0.0013362263921791655,0.0017278511921250852
2025-06-03,0.005419037213061092,0.0015252461052023447,-0.0022815551576974343
2025-06-04,-0.0041913371762301675,-0.003692711903977067,-0.0035543703567015588
2025-06-05,-0.0027205886431539306,3.8464028503149124e-05,-0.0003851327533158185
2025-06-06,0.016010601378858135,0.015082693070773609,0.02247300887363516
2025-06-09,-0.0024094689925974163,-0.0033015444558938236,0.005426193448406689
2025-06-10,0.003849831626146815,0.000797363860147156,0.007510145867960395
2025-06-11,-0.0038328046642768007,-0.0024036594572688363,-0.002756394708423625
2025-06-12,-0.0006085299340074307,-0.00041694873243513375,9.570314224484369e-05
2025-06-13,-0.014417688669851794,-0.017498892961421313,-0.0023066909497646065
2025-06-16,0.0070519014558932825,0.008808403697382294,0.0056810952457988975
2025-06-17,-0.00452572173088555,-0.004744559877679584,0.0012320044495530288
2025-06-18,0.0021417560531159507,-0.001015978096679212,-0.008615517456143276
2025-06-20,0.006562580754573346,0.001033468589456871,-0.008354011665497778
2025-06-23,0.0034926013691459817,0.008746614107238896,-0.0061888232094510255
2025-06-24,0.007275300476694246,0.01249611034293142,-0.00032399272405950327
2025-06-25,-0.001356304565925751,-0.003815197114917586,0.0016946041182299386
2025-06-26,0.005398426877652332,0.0057921810709812465,0.012435923964301498
2025-06-27,0.006024719430180257,0.00884989609209927,0.012210246294190383
2025-06-30,0.007844582450485096,0.009494153189053391,-0.0045073962135601
2025-07-01,0.012712029764473323,0.011065650730387287,0.013157683018154943
2025-07-02,0.007133066086169388,0.008311751116654885,0.007755985745885184
2025-07-03,0.006311438612969573,0.007662247537345859,0.0071690052747064355
2025-07-07,-0.011389308314685263,-0.01124177417923737,-0.01025419678692656
2025-07-08,-0.0037575798039708444,-0.015075311458919435,-0.01588539917052026
2025-07-09,-0.0005348350413643586,0.0017027343818367582,-8.00560592089416e-05
2025-07-10,0.009615348285499592,0.007844276745830917,0.00908517959029198
2025-07-11,-0.005219118416047888,-0.005081491394822017,-0.006517095723083464
2025-07-14,-0.001926267070911904,0.0015360849625483586,0.0020528157810505293
2025-07-15,-0.016113970132367147,-0.012576273627404178,-0.015143487385754177
2025-07-16,0.0025918239919089855,0.000942956810551865,0.0005540852323734011
2025-07-17,0.010503450165077737,0.008460540092836687,0.011135281779550494
2025-07-18,-0.007014269318402338,-0.0007092191808871326,-0.0027681015786987007
2025-07-21,-0.0028015737221936165,0.0023400257068364972,-0.0002148649451875577
2025-07-22,0.006670119843454338,0.006341729168935532,0.007549990833660345
2025-07-23,0.006660063655390068,0.002429946701808728,0.006831555712849338
2025-07-24,0.0015974840274690088,0.002666642797278113,0.0002821446071793669
2025-07-25,0.00266042116811323,0.0024376428900284436,0.0030846652312408233
2025-07-28,-0.003096844290749941,-0.0025133227146208184,-0.002457142106171461
2025-07-29,-0.0006642623426650203,-0.004697431054999632,-0.005172220793189435
2025-07-30,-0.010316468980684838,-0.0067266729437721285,-0.007169488259062043
2025-07-31,-0.011537501210083267,-0.00920136167806846,-0.010695322219178488
2025-08-01,-0.01405877409416588,-0.014757911401733001,-0.021084956569875975
2025-08-04,0.006783435053081806,0.021296040390519647,0.022335154134521706
2025-08-05,-0.0015197221806699888,-0.001708660265949112,-0.0005065422189394404
2025-08-06,0.0071106574234937195,0.0026354399128492387,0.006028746191240321
2025-08-07,0.005907489400226535,0.003915043169639022,0.0014907773984118148
2025-08-08,0.015958727130807922,0.020955821512153062,0.015293251432870006
2025-08-11,-0.003814091990648543,-0.004591332087535861,-0.0053604756293660315
2025-08-12,0.013090651780730368,0.010744462358935482,0.009218412692310067
2025-08-13,0.008816846277480497,0.0003621676571299641,0.002424843235744728
2025-08-14,-0.0003479819373606689,0.004149143992927613,0.0041505959593708605
2025-08-15,-0.003911590306409683,0.0009926003712281172,0.0009312179229496997
2025-08-18,-0.0009533361173359455,-0.0031305161403095663,-0.005790019612850751
2025-08-19,0.0011154561678049016,-0.00635657329083767,-0.005639133239350871
2025-08-20,0.0022398890692050754,-0.0035291930637296213,-0.003468556485799165
2025-08-21,-0.0002746943136942926,0.001664443932766152,-0.00019372662447145764
2025-08-22,0.01875608242117064,0.028228951130540667,0.02466596797480915
2025-08-25,-0.006384675602650295,0.007135318314147442,0.003041322401028762
2025-08-26,0.00591081288951329,-0.004596358092602113,-0.003341264585700511
2025-08-27,0.004821580997020699,0.004287390149719387,0.002855352538943435
2025-08-28,0.005053497890419485,0.01520294529615185,0.011017729446149312
2025-08-29,0.007229355761996791,0.005488234013736575,0.003388354765826504
2025-09-02,-0.0051516164890668395,-0.0005373421191338641,-0.0007814749708920864
2025-09-03,-0.0005212446278444688,-0.010086511220379617,-0.002781282005775297
2025-09-04,0.007336398264714865,0.010267402207111897,0.006386765458673151
2025-09-05,-0.008330411122726112,-0.013572057573278423,-0.01186757865421126
2025-09-08,-0.003926579091721884,-0.0036178933676661875,-0.005441164669755142
2025-09-09,0.0003670422606362371,-0.0005302962209579634,0.0014370078196597035
2025-09-10,-0.004626138827367922,-0.0008022500347743994,0.0026053922743191856
2025-09-11,0.01084080538443721,0.01125790386121407,0.006595093508726765
2025-09-12,-0.004853087325381394,-0.0037603556314966973,-0.001211985943848228
2025-09-15,0.0019606734233379697,0.004206937717463156,0.004358562483962055
2025-09-16,0.004638302188120062,0.008281483708286522,0.015862098472195697
2025-09-17,0.01059608325873132,0.01241688526131394,0.003576911231775305
2025-09-18,0.0011462859589726846,0.005713739255217067,0.002211117591049641
2025-09-19,0.0030904582574148042,-8.738758560130776e-05,-0.0013189091503958625
2025-09-22,0.0061561517816899015,0.00617132965251559,0.0056649237382907554
2025-09-23,8.551659630681682e-05,0.001795363146903007,0.0022260507093874475
2025-09-24,-0.001096689986970305,0.0007767038275497849,0.0017163604968593099
2025-09-25,0.0010479760734904066,0.005915293011139723,0.0061191970830619755
2025-09-26,0.002070414233363539,0.0015647064987972855,0.0025327095090170683
2025-09-29,-0.0008399700193709582,-0.0043199492742652355,-0.002516713130700315
2025-09-30,-0.009259529809907581,-0.015277450367159022,-0.010107150543128591
2025-10-01,-0.002235672947620333,0.002346897707142917,0.0012316944608907257
2025-10-02,-0.0034043747721435444,-0.022603288210880975,-0.024909032031004027
2025-10-03,0.0033939338568767154,0.008395773485217639,0.008007854805135413
2025-10-06,-0.0010620948886589574,0.0041278023522249895,0.005134955435802498
2025-10-07,-0.00033659796547836344,0.002348331666804518,0.0009448389970880492
2025-10-08,-0.006565712626394014,-0.004641901175737212,-0.006253169253761122
2025-10-09,-0.004644839226068957,-0.0076684056736899915,-0.007788227580417469
2025-10-10,-0.019292878847568275,-0.028705467770894055,-0.02995084486313861
2025-10-13,0.008649696702557106,0.002108427569572317,0.004997822907931517
2025-10-14,0.014517813312971833,0.00832637977461475,0.00895615320907505
2025-10-15,0.002061543800313077,-0.0033264269568625904,-0.004725152207901714
2025-10-16,-0.015212972611424697,-0.024366820620657096,-0.02422077719149832
2025-10-17,0.02695788629525829,0.009679705400697697,0.013513265450210367
2025-10-20,0.012920661916501543,0.009136101009949856,0.008320442907243136
2025-10-21,0.008552053043001507,0.0031583849968294365,0.00289673100184025
2025-10-22,-0.004711700336733924,0.00506387462514171,0.007496364037094196
2025-10-23,0.0063908999141389896,0.01754218485253459,0.01786993338560783
2025-10-24,0.006400520298526816,0.003841095935699676,0.0020749088804967847
2025-10-27,0.009712477826189187,0.003191782190797096,0.0026380090455256646
2025-10-28,-0.004670986021423692,-0.016920684245872362,-0.01767903868074525
2025-10-29,-0.008511597900953892,-0.006940927245021848,-0.0050868496739725965
2025-10-30,0.003832538165253708,0.0048683892649368735,0.002813549047599502
2025-10-31,0.0046064187461096326,0.0034621893344758707,0.004296026405006857
2025-11-03,-0.0036624969788752763,0.017272407632708382,0.0050901282640918935
2025-11-04,0.000761029786751915,-0.006965834361403267,-0.005993784644690239
2025-11-05,0.0002811678648137817,0.0002742365332410176,0.0030400083654753738
2025-11-06,0.0022733675511724012,-0.010064760753944777,0.0017784323712000947
2025-11-07,0.007820397605800476,0.003625396124184798,-0.004518095638238354
2025-11-10,0.0021530730140845084,0.0073142925166011065,0.012406920251544606
2025-11-11,0.010594914139788343,0.007644239430300707,0.008835937340477315
2025-11-12,0.00015530645266729253,-0.00652759863807578,-0.00338105949967746
2025-11-13,-0.008413312397844873,-0.019116238550327676,-0.01840999235287385
2025-11-14,-0.006311091845200895,-0.011643534889378991,-0.008905062641111607
2025-11-17,-0.021751528381958225,-0.018448828213952245,-0.009882075236932472
2025-11-18,0.0020649035449013713,-0.018503706532734705,-0.003407930378881401
2025-11-19,0.00258794849308906,0.004587861046192732,0.012382677227917608
2025-11-20,-0.005097169093810681,-0.014977046172393304,-0.011586887480676636
2025-11-21,0.017691200354070218,0.017222766002814485,0.021561029474347848
2025-11-24,0.005941438084991571,0.015371390861606271,0.023765042600941234
2025-11-25,0.00836014890779218,0.01311761884030776,0.012055349802462912
2025-11-26,0.003405729808269718,0.0018711320364454304,0.0008443660511860922
2025-11-28,0.005929839699067001,0.011240792131973897,0.006519301042965213
2025-12-01,-0.0033736876514773822,-0.007393580337708469,-0.007707675691234821
2025-12-02,-0.0022361153055467375,-0.0033611683266126786,-0.0028935660539001883
2025-12-03,0.00847139062438682,0.0075249192203691966,0.007479908796586999
2025-12-04,-0.0014526778135010722,-0.0051835485122278925,-0.006072187835639355
2025-12-05,-0.0027894811728901253,0.0005476992206211335,0.002117841488268888
2025-12-08,-0.00889963166427259,-0.007943434160975517,-0.010002176950545559
2025-12-09,-4.533404548966013e-05,0.0009191172680903686,-0.0011431312909389766
2025-12-10,0.011776090352893962,0.0037410005241308437,0.004745793460810736
2025-12-11,0.007059520987366557,0.01007256846454544,0.012816705672277284
2025-12-12,0.0026080970828758158,0.001049105472362558,0.0008162681678922131
2025-12-15,-0.002009417711975886,0.0012085914698842762,0.00011438441136565074
2025-12-16,-0.0062513226544207235,-5.151875597786421e-05,0.0021592645970257463
2025-12-17,-0.001058207469711211,-0.00011074568167560736,-0.0022147419272357657
2025-12-18,-0.0032900401752425923,-0.0006417086554215483,0.0009424301784021383
2025-12-19,0.003981894406181071,0.0015761442462622166,0.003356698735674301
2025-12-22,0.005659008064342907,0.002363474532943491,0.002849713029112199
2025-12-23,0.002097658524635692,0.0007599056730476458,0.0010936707586983515
2025-12-24,0.003148744401055807,0.004641466359606809,0.005478434638211579
2025-12-26,-0.0022560015574474173,0.0006307572744941299,0.0009234976453072628
2025-12-29,-0.0034500162771550916,-0.0005616833985955718,-0.002109777265124969
2025-12-30,-0.0001179871879865883,0.0005014928361534636,-0.0012329126447560407
