,disclosed,mean_variance,black_litterman
2018-08-01,1.020221705740945,0.9994309873649183,1.0026614366857827
2018-08-02,1.0396300285891655,1.0103332168608383,1.0152853716251844
2018-08-03,1.0411173484046532,1.0082018706540146,1.0119205992297775
2018-08-06,1.0480372872636559,1.0183015283782422,1.0214050826443901
2018-08-07,1.0524047854498597,1.0285042676585487,1.029634329219945
2018-08-08,1.055993415751009,1.024175752411121,1.025335083020389
2018-08-09,1.0598046912364822,1.0330795777734465,1.0362854627740772
2018-08-10,1.053879507244648,1.0231887721420154,1.0266856650673581
2018-08-13,1.054205773458575,1.0222732379799377,1.0267111965430133
2018-08-14,1.0637094241775065,1.0314663824952994,1.0356009765616894
2018-08-15,1.0536885208975482,1.0220629860144737,1.024993644060848
2018-08-16,1.0581491575180726,1.0341150125479652,1.038580186891802
2018-08-17,1.0566097528758456,1.0417794569637036,1.0482868927844657
2018-08-20,1.0560346054491019,1.043161970408133,1.0504190615491507
2018-08-21,1.057904536339569,1.0451608828885743,1.052688834079499
2018-08-22,1.0672298177092014,1.0472586519893858,1.056303125121013
2018-08-23,1.0710171559949646,1.0504925283975095,1.0588239617670696
2018-08-24,1.0836212112096872,1.0605093981286526,1.068325885283044
2018-08-27,1.093206439217639,1.0633336054751112,1.0720058267878312
2018-08-28,1.0967500968197936,1.0704781603677163,1.0793559949159137
2018-08-29,1.1131437332900693,1.0755109591367575,1.0859922870754595
2018-08-30,1.1124355553675749,1.069410000110665,1.0821762073737882
2018-08-31,1.1166491170223871,1.0816589007349333,1.0952936594480263
2018-09-04,1.117920035530321,1.0813826558626478,1.0953575072824788
2018-09-05,1.0981524123012802,1.0683141416993744,1.0819189639038578
2018-09-06,1.0874046542274218,1.067080529910916,1.079395627995134
2018-09-07,1.0854416386830197,1.0625202633588742,1.072704573169841
2018-09-10,1.0848260941155283,1.0677449514529165,1.0763459873067671
2018-09-11,1.100148772511642,1.069531257147551,1.079437003728302
2018-09-12,1.0961752281272725,1.0682561800638628,1.0772306380594296
2018-09-13,1.1104280386350394,1.074196558124377,1.0835536809972524
2018-09-14,1.1070729656919294,1.074125703739747,1.0835600480412277
2018-09-17,1.0865615457059874,1.0440295603540282,1.0491693956889585
2018-09-18,1.0926826795706674,1.0465315664352735,1.051589880783634
2018-09-19,1.0884273355806373,1.040043840447849,1.0451744453151908
2018-09-20,1.0964499280796933,1.0481245216271584,1.0538161035133766
2018-09-21,1.0881406904788886,1.0459144625618737,1.0505480283050648
2018-09-24,1.0990461920839876,1.052212887154615,1.0575952663173016
2018-09-25,1.1063044809544262,1.0448969514796624,1.050052198418409
2018-09-26,1.1021664108028864,1.035637525295691,1.040747145365536
2018-09-27,1.1149390340489966,1.0368310573100084,1.0427764874425691
2018-09-28,1.1199912232793416,1.0350272627573778,1.0410760251943572
2018-10-01,1.1287768456495613,1.0388354677828515,1.0452646193136348
2018-10-02,1.1252925519483508,1.0321911384215963,1.0393801449872255
2018-10-03,1.1295350564974131,1.034065196598557,1.041928522115636
2018-10-04,1.106063573358389,1.018826942954733,1.0264725474299168
2018-10-05,1.0917782443515183,1.0088867054773927,1.0158979150833731
2018-10-08,1.078741671707613,0.9955271704814694,1.0041760030364697
2018-10-09,1.0841199362419052,0.994252068100907,1.0037345860436775
2018-10-10,1.0258003022641957,0.9486075439997008,0.9589763442381382
2018-10-11,1.015060269470351,0.9381135532433038,0.9483287843331932
2018-10-12,1.0531560712357513,0.965587253850104,0.9745097411307594
2018-10-15,1.030668375481745,0.9572162326647102,0.9671526220785733
2018-10-16,1.0602017521679314,0.9818826885776072,0.9928831941180978
2018-10-17,1.0588490380533182,0.98378781209246,0.9944030641675544
2018-10-18,1.0341767972834155,0.9652618995191141,0.9764077552823026
2018-10-19,1.0319692375855103,0.9681046630442591,0.9813457895206638
2018-10-22,1.0394793325589324,0.9717877841726361,0.9847819906944985
2018-10-23,1.0328704088706862,0.9662215521177676,0.9792454536554134
2018-10-24,0.9793748539173521,0.9222003835898928,0.9358799488245364
2018-10-25,1.019526007803228,0.9694848070350993,0.9858147826302953
2018-10-26,0.9897745850423103,0.9427235311111897,0.9623278721727955
2018-10-29,0.9558095699681464,0.9169638952094171,0.9365944065874512
2018-10-30,0.9696667615309584,0.9237902747851968,0.9441334871961363
2018-10-31,1.0007435872298944,0.9464149938243116,0.9663595100741773
2018-11-01,1.0172816992050069,0.9577154990240069,0.9776594156073543
2018-11-02,0.9915900141189135,0.9339592180781973,0.9541628464484964
2018-11-05,0.9789302613234803,0.9305977344392812,0.9510104804338247
2018-11-06,0.9831897877483221,0.933404359804301,0.9556128573149621
2018-11-07,1.0188907829499156,0.9555777877281818,0.9738943511062723
2018-11-08,1.0113590696656185,0.9517696702779549,0.9679004946020676
2018-11-09,0.9933322919977928,0.9366955094576828,0.9524341228884537
2018-11-12,0.9516718328636953,0.9067488659600395,0.9230533011163913
2018-11-13,0.9555707662628048,0.9048115523240137,0.917775743294702
2018-11-14,0.9410226300323032,0.8945654282206792,0.9096798166542346
2018-11-15,0.9589775663460054,0.9103234037124434,0.9242362325410421
2018-11-16,0.9395077671530768,0.9134138032988882,0.9267608550731098
2018-11-19,0.8905355076289434,0.8829677720149072,0.8981173821714082
2018-11-20,0.8760368695012088,0.8588105544264562,0.8721891291844425
2018-11-21,0.8797006241154581,0.8666883218598302,0.8809732920653606
2018-11-23,0.8692500331023457,0.8561637218931758,0.8704208530340352
2018-11-26,0.8946169601272036,0.8726849335421024,0.8835031082428003
2018-11-27,0.8960512168770288,0.8749479315133583,0.8857042689808943
2018-11-28,0.9386112548980579,0.9096962104289695,0.917297062877492
2018-11-29,0.9332240334311926,0.9079570060000232,0.9184852995964835
2018-11-30,0.9410689056099611,0.9065320666411358,0.9133308134813761
2018-12-03,0.9643672108838816,0.9069493160058074,0.90650682259769
2018-12-04,0.921043576240294,0.8753568547754141,0.8778480475615675
2018-12-06,0.9269811890046643,0.8893331038648563,0.8919814513614873
2018-12-07,0.8909695978267776,0.8672247127609076,0.8737760422788928
2018-12-10,0.9012367734361776,0.8688647749873917,0.8730627251007583
2018-12-11,0.8989316098060296,0.8664835679223464,0.869197019968523
2018-12-12,0.9074165039325988,0.8768534322267687,0.8788564277071691
2018-12-13,0.9109846895297773,0.8751827703289146,0.8768237749097281
2018-12-14,0.886668680562457,0.8582360909910318,0.863910203960376
2018-12-17,0.8650512853084688,0.8327938469062457,0.8418558535255002
2018-12-18,0.8768614886098811,0.8330261945562721,0.8383414120942532
2018-12-19,0.8571110725414282,0.8213580614032844,0.8296029608531891
2018-12-20,0.8386808737474803,0.8005395065475476,0.8084939072270837
2018-12-21,0.8064809997813598,0.7698037075940022,0.7802462963510983
2018-12-24,0.7882414406834752,0.749719507410767,0.7600605827167422
2018-12-26,0.8415603961298773,0.7960943964877617,0.8022508902346763
2018-12-27,0.8430647733284283,0.7974248205012758,0.8039464328300023
2018-12-28,0.8445271102761727,0.7975355341301356,0.8025804549710461
2018-12-31,0.852892326998642,0.8066288300811595,0.8106694535050782
2019-01-02,0.8566197686802305,0.8101163085483096,0.8122875721594928
2019-01-03,0.8126692629586076,0.7889441186981629,0.7918361832174782
2019-01-04,0.8520700878273508,0.8226602178741937,0.8237285721770686
2019-01-07,0.8648012074767003,0.8329961235970775,0.8301286043841803
2019-01-08,0.8737234993394797,0.8437167801549009,0.8383770567849109
2019-01-09,0.8820478606406741,0.8503626177327264,0.8462693671216813
2019-01-10,0.8848910507134242,0.8508090100028061,0.8466478176882286
2019-01-11,0.8829074539019789,0.8490055768115341,0.8453252541925028
2019-01-14,0.8752401295377031,0.8440492577859539,0.8419213888183341
2019-01-15,0.8934348652197934,0.8556758086898884,0.8483747532922176
2019-01-16,0.8966741456110632,0.8542140401490924,0.8468688123444698
2019-01-17,0.903579377764763,0.8571292240888475,0.8486062030648017
2019-01-18,0.9127963939471982,0.8648702189565306,0.8563352721016383
2019-01-22,0.8892359720340409,0.845585382117663,0.8410978431605016
2019-01-23,0.8934792681585938,0.8536622915619192,0.8488988697213342
2019-01-24,0.8964030921618301,0.8492008162591845,0.8435243586579136
2019-01-25,0.912884092362719,0.856449149402452,0.8492223548777449
2019-01-28,0.8876029525121698,0.8441901438237349,0.8378076365608411
2019-01-29,0.8728176845274415,0.8352274750714316,0.8324805596252742
2019-01-30,0.9089702685705044,0.8497182629376565,0.8425457697957316
2019-01-31,0.9214298590247882,0.8571319913534561,0.8450178646363709
2019-02-01,0.9183513190849575,0.8581142706370994,0.8534152585716872
2019-02-04,0.9367794474576189,0.8662319123811311,0.8612720364266239
2019-02-05,0.9475661590693961,0.8745148256566669,0.8681493764320042
2019-02-06,0.9439372007708856,0.8717050080207257,0.867460124318366
2019-02-07,0.9278256294385145,0.8637067646919253,0.8597017714622133
2019-02-08,0.9291632593440643,0.8682181759754084,0.8670290059660337
2019-02-11,0.9279803055503958,0.8688824220240131,0.8678187630750869
2019-02-12,0.9440910060422164,0.8802164114150332,0.8778054578507102
2019-02-13,0.9426603897614053,0.8772803404504763,0.8744834000345745
2019-02-14,0.943859599572446,0.8780456630892318,0.8772746558402605
2019-02-15,0.9452873767075036,0.8832153704691745,0.8835044520846096
2019-02-19,0.9491560417764185,0.8861064736724945,0.885476522618763
2019-02-20,0.9490263981854566,0.8828035079287713,0.882013992201606
2019-02-21,0.9468516343722274,0.8885222236961723,0.8858964805291142
2019-02-22,0.9579981807800149,0.897161497992248,0.8954140230301693
2019-02-25,0.9605450625692291,0.8988592564003896,0.8982402013575899
2019-02-26,0.9625158676456846,0.9011245056099515,0.9001517523281661
2019-02-27,0.9641023760032198,0.9082276454321225,0.9124825988515665
2019-02-28,0.960391884581683,0.9077144854485505,0.909937202540096
2019-03-01,0.9706337911291741,0.9136526603251957,0.9151558133724462
2019-03-04,0.9690216954397806,0.8998501289237933,0.9029489086294092
2019-03-05,0.9672478067570772,0.8930196430056421,0.8963678353756545
2019-03-06,0.960974119526873,0.8935866061070608,0.896717333877142
2019-03-07,0.9486097329870278,0.887842524648004,0.8909637234913236
2019-03-08,0.9492710928033072,0.8856773925624812,0.8898280986612305
2019-03-11,0.9784319294243038,0.9018866516354997,0.9064294360884271
2019-03-12,0.9857393507293063,0.9048015762158714,0.9094285646452993
2019-03-13,0.9952707463865834,0.9118542170846324,0.9151354895833362
2019-03-14,0.9963454667050563,0.9144089648285991,0.9181071313610534
2019-03-15,1.0068534197790886,0.9209131380618416,0.924104360455179
2019-03-18,1.0127031661620998,0.9190436513032605,0.9226720006971995
2019-03-19,1.0180770356262632,0.9192496554281139,0.922534675468011
2019-03-20,1.0246022756062094,0.9188283954439127,0.9225936768882701
2019-03-21,1.049866113241473,0.9308371522254162,0.9348600500933176
2019-03-22,1.0232276722030726,0.9093525940513559,0.9140000453165218
2019-03-25,1.0172023548376146,0.9074139905716293,0.9128658495605859
2019-03-26,1.016377340857064,0.9133964957896272,0.9199460354793981
2019-03-27,1.0111315200910018,0.9055801691369989,0.9131337679368976
2019-03-28,1.0124567107840097,0.9076988242386735,0.9140781825119475
2019-03-29,1.0209424217022036,0.9144893159975446,0.9203473669789617
2019-04-01,1.0338034332878654,0.9233903779511461,0.9298439772500101
2019-04-02,1.038614054662839,0.9218662031832688,0.9277416011530939
2019-04-03,1.0478716624769209,0.9240990966097713,0.9290296749218382
2019-04-04,1.0450303021790415,0.9218239540608645,0.9263186516345029
2019-04-05,1.0499675365085996,0.9264581638160633,0.9323154362613426
2019-04-08,1.055397974032827,0.9307009450027868,0.9361614913566907
2019-04-09,1.050289682045743,0.9340377300625444,0.9381496036915382
2019-04-10,1.0586954734108507,0.9386763781204173,0.9441859062091722
2019-04-11,1.0567224360386709,0.9379001356013811,0.9444059595993364
2019-04-12,1.0597404543131137,0.9453205551522158,0.9509391587473992
2019-04-15,1.0577185905845141,0.9512081905939065,0.9569899405494573
2019-04-16,1.0607936263493236,0.9512626197018881,0.9567627351199126
2019-04-17,1.0649180007768084,0.9562919618653537,0.9613402454591867
2019-04-18,1.0678667029362887,0.950408166798653,0.956044153282842
2019-04-22,1.0769422181817556,0.9488799841193535,0.954613131131162
2019-04-23,1.0917192557657474,0.9537076994325571,0.962058721327449
2019-04-24,1.0874316451868022,0.9525368330622574,0.9598722016569224
2019-04-25,1.0901780203226181,0.9711849148579226,0.9776991004154261
2019-04-26,1.0916782524893018,0.9753315053824534,0.9818505672199211
2019-04-29,1.0937232586625714,0.9854170494542791,0.9903644663711417
2019-04-30,1.0793142010475572,0.9837754789090818,0.9901249815778083
2019-05-01,1.0852469065874213,0.9723292187639759,0.9806249080790065
2019-05-02,1.0811803828691147,0.9651764863509505,0.9735963743554508
2019-05-03,1.0965890818663901,0.9800834256547255,0.9885382534473296
2019-05-06,1.0874625916066112,0.9745984617150628,0.9831525022712204
2019-05-07,1.0619065110847574,0.9559782019355714,0.9631609312777507
2019-05-08,1.0612025043399942,0.9523823549062709,0.9599960818174968
2019-05-09,1.0529157764494939,0.9472176621202846,0.9546327496336782
2019-05-10,1.0517282697437047,0.9518494865142004,0.9585531845293594
2019-05-13,1.0071811450503756,0.9244864501131754,0.9311295899560137
2019-05-14,1.0205731705061056,0.9359970344841168,0.9433659903324998
2019-05-15,1.0290261166044254,0.945061713895503,0.947354649842651
2019-05-16,1.0390954260325407,0.9560293671242392,0.956498754704501
2019-05-17,1.026565163640892,0.951110604168898,0.952392325413848
2019-05-20,1.0094572881983948,0.9392561298130901,0.9390135239280656
2019-05-21,1.0198814156833353,0.946639868976585,0.947187254037044
2019-05-22,1.0145351936091898,0.9445181479491426,0.9424920727114829
2019-05-23,0.9952513165388771,0.9269602323888333,0.9241236995178453
2019-05-24,0.9935358197708594,0.9260062174120801,0.9218292884556595
2019-05-28,0.991998074460632,0.9266052877465799,0.9199660612377931
2019-05-29,0.9817445945028237,0.9241025224491292,0.9180412230913281
2019-05-30,0.9840860453012643,0.9217574595295118,0.91336132664113
2019-05-31,0.9655291465356912,0.9128546003237424,0.904533288784717
2019-06-03,0.9405966477116628,0.8970188036358373,0.8915878527802928
2019-06-04,0.9717080417859337,0.9192668751308983,0.9126029064112758
2019-06-05,0.9831748203704272,0.932973056938765,0.923969119396709
2019-06-06,0.9935674175325828,0.9405520962539461,0.9310184186526973
2019-06-07,1.0132888137532772,0.9553596934416734,0.9445954199030597
2019-06-10,1.0193929982435728,0.9554369191455546,0.9451127395806213
2019-06-11,1.021908926131265,0.9491121605838078,0.9403430546949049
2019-06-12,1.0171465664613142,0.9538290517637456,0.9443789856915535
2019-06-13,1.0264824431890855,0.9567604470820679,0.948413443671431
2019-06-14,1.0185536477808175,0.955112644547333,0.9467797609383374
2019-06-17,1.0257578487874037,0.9582915842401886,0.9489934791382686
2019-06-18,1.0459516671489821,0.9565855760977712,0.949962664799863
2019-06-19,1.0507408497162691,0.9645650873960457,0.9572529701338706
2019-06-20,1.0587420043723954,0.9708956392835385,0.9635427499622026
2019-06-21,1.055209622580949,0.9606338467712445,0.9557038439247988
2019-06-24,1.0500466134642514,0.9590422147102837,0.9532245688139647
2019-06-25,1.0295465973133842,0.947163117345125,0.9421509517014964
2019-06-26,1.0431680197706426,0.9494551243452435,0.9450012253188221
2019-06-27,1.048857752286773,0.9526301015984971,0.949030175768672
2019-06-28,1.0496061116289455,0.9595962217339729,0.9557890117274093
2019-07-01,1.0630486252735436,0.9669511203437905,0.9630297028142019
2019-07-02,1.065811622943313,0.9716889872995097,0.9678235410997179
2019-07-03,1.0746117622410896,0.9801711626416802,0.9755249995476908
2019-07-05,1.0725995800884471,0.9792742519923795,0.975146205068382
2019-07-08,1.0605348832161647,0.9740453150368628,0.9698593655492134
2019-07-09,1.0679858270032097,0.9805230572229532,0.9764284358828811
2019-07-10,1.0825779813932161,0.9906023256079635,0.9863764517501438
2019-07-11,1.0865375502687737,0.9953021736875837,0.99029830219975
2019-07-12,1.0911937436695414,0.9977515987158178,0.9945540717589954
2019-07-15,1.0956604594125408,0.9998009479992153,0.997392175519066
2019-07-16,1.0892984239239663,0.9949348906970822,0.9934906023421498
2019-07-17,1.0877906981878045,0.9888282593743254,0.9869293920728774
2019-07-18,1.0890624561551372,0.9831180633297434,0.9846654727829456
2019-07-19,1.0814044545272528,0.968687471468051,0.9713599438477668
2019-07-22,1.0962054528163123,0.9697785336407357,0.9727189200617076
2019-07-23,1.1032928060828018,0.9741983109297195,0.9774424166319018
2019-07-24,1.1103987172765866,0.9849156495955776,0.9875903762667951
2019-07-25,1.1029754366381381,0.9818243653388498,0.9836678571983293
2019-07-26,1.1186086181277686,0.9906642094590189,0.9909203396728352
2019-07-29,1.1139350383822397,0.9869491774403595,0.9877582896190329
2019-07-30,1.1117479344413537,0.9796166717891028,0.9812907128839468
2019-07-31,1.101517862871353,0.9661199153351201,0.9678861170309515
2019-08-01,1.0893931309869005,0.9684165743630566,0.9671751959433115
2019-08-02,1.0694117919870547,0.9632176901695985,0.9629020841995242
2019-08-05,1.026098324318201,0.9313750610302257,0.9321711361927177
2019-08-06,1.0396403334508488,0.9457548150018917,0.9462519294678823
2019-08-07,1.042597368235123,0.9493558333638846,0.9485069434488761
2019-08-08,1.068042811337426,0.9706628216431121,0.9689145627425635
2019-08-09,1.0577549944719749,0.9663945971553024,0.9663180271714199
2019-08-12,1.0462738777891212,0.9524585556064583,0.952079378922773
2019-08-13,1.0760194538064258,0.9685929592652499,0.9690273588601677
2019-08-14,1.0421934031749065,0.9427625051935893,0.9434614256478066
2019-08-15,1.0427408717038913,0.9465984850166695,0.9466604978932711
2019-08-16,1.064692988423443,0.959976426775639,0.962854689269594
2019-08-19,1.0859436413252297,0.9704327682253451,0.9730290932481993
2019-08-20,1.080289179033014,0.9660209930197227,0.9678507365471809
2019-08-21,1.0916749011421185,0.9735320233518225,0.9746195719425015
2019-08-22,1.0890638591991204,0.9700934024137132,0.9717495233800109
2019-08-23,1.054819712467883,0.943849862146177,0.9438644716296031
2019-08-26,1.0722295745571901,0.957133992442751,0.9569707460123469
2019-08-27,1.0628501995585817,0.9591424701020266,0.9583003020616079
2019-08-28,1.0647055710467166,0.9620525841620406,0.9632021347383457
2019-08-29,1.0840858028036182,0.9755898521732741,0.9763654971268393
2019-08-30,1.082188542491109,0.9761036040108595,0.9766860212855932
2019-09-03,1.0686687209520496,0.9691588752745518,0.9693685736789136
2019-09-04,1.0822958270404868,0.9780218214134404,0.9801423634193828
2019-09-05,1.1085300658640964,0.9895618069771174,0.9922095892011417
2019-09-06,1.1008794179634702,0.9898093351194784,0.9931480074438412
2019-09-09,1.096714147378806,0.986362944952502,0.9885774023572893
2019-09-10,1.0992202566857132,0.9812343321688383,0.9819879416578605
2019-09-11,1.1154047221843535,0.9881261136795225,0.9877164485340134
2019-09-12,1.1201030827715557,0.9911622398488388,0.9916680607482994
2019-09-13,1.1096111670399285,0.9852249710041319,0.9857025141294016
2019-09-16,1.1073340260241036,0.9775569332651023,0.9781271498087957
2019-09-17,1.1125496711783547,0.9858941085764198,0.9867203077656598
2019-09-18,1.1145110659378907,0.9861509031389046,0.9858592624478628
2019-09-19,1.1117580673590057,0.9925335039714117,0.9895074400895167
2019-09-20,1.09833519455428,0.9869670943037546,0.9830995955825904
2019-09-23,1.1004428617102129,0.9823807838997956,0.9792887701266244
2019-09-24,1.0855276942357035,0.9704005613039138,0.9675220036050562
2019-09-25,1.1032536397114892,0.9760500733369757,0.9721215825240374
2019-09-26,1.0959360600906984,0.9725331875201365,0.9674758930127318
2019-09-27,1.079591492045555,0.9636389261516372,0.9589801122978475
2019-09-30,1.0926129441266277,0.9694072700048976,0.9627509169855698
2019-10-01,1.0890585492288778,0.9588508230122185,0.9550177575198684
2019-10-02,1.0687055211425711,0.9443039241286167,0.941383015088455
2019-10-03,1.085777646913408,0.951505113495928,0.947524468800881
2019-10-04,1.1034110746305916,0.9650031715594615,0.961585103007298
2019-10-07,1.1061998755951459,0.9634437933163706,0.9608007047205133
2019-10-08,1.0866274753860843,0.9536971148008097,0.9503636935485708
2019-10-09,1.0982557602903402,0.9661754544108545,0.9619695067229805
2019-10-10,1.1058182907412262,0.9757873950775766,0.971203202959718
2019-10-11,1.121572450776395,0.983123806761601,0.9798472677340767
2019-10-14,1.1200182473715339,0.9823658245067345,0.9790301105671044
2019-10-15,1.136164093783403,0.993748530238414,0.9896850817318299
2019-10-16,1.1269923110374052,0.988273011627051,0.9861591394271276
2019-10-17,1.1294305765210713,0.9897007400659172,0.9900447873596147
2019-10-18,1.1167972902981924,0.9873131012756073,0.9897921684694372
2019-10-21,1.1303149833724326,0.9930614952920513,0.9948311618344552
2019-10-22,1.121625618384099,0.9844756311327622,0.986666127858536
2019-10-23,1.1312896251675222,0.9845750865184875,0.9852041430960002
2019-10-24,1.1427154951642073,0.9781570293731031,0.9735058311706032
2019-10-25,1.1546765540290354,0.9837884188416467,0.9798097867130651
2019-10-28,1.1702242118038042,1.0105186060909477,1.0037911522481853
2019-10-29,1.1538985143637512,1.0031699017035751,0.9967906074539502
2019-10-30,1.1631440699414508,1.013044996571925,1.004524121511653
2019-10-31,1.1649039008190574,1.0164548588627413,1.0102456941680713
2019-11-01,1.1820437080439035,1.0280437408034235,1.0223971169552357
2019-11-04,1.1921229864874778,1.0331937395462338,1.025582449987083
2019-11-05,1.1895917243416112,1.033189319281648,1.0259204319416106
2019-11-06,1.1878756365839802,1.0321748155018386,1.025622168256573
2019-11-07,1.1939863747768544,1.0366885263841903,1.0303243716453812
2019-11-08,1.2000622645414787,1.040135681325026,1.031272405717202
2019-11-11,1.200644102529217,1.042942704785853,1.034144179849498
2019-11-12,1.2046857730300873,1.0438170407357583,1.0336021484823568
2019-11-13,1.2094292526217958,1.0458277125143736,1.0352852017013425
2019-11-14,1.2116182247008742,1.0454075760155435,1.0336864790932216
2019-11-15,1.2190508753118614,1.054159178273494,1.0410638655795854
2019-11-18,1.2256514534386875,1.0603747468843754,1.046699592265161
2019-11-19,1.2224098766523621,1.0468501781429016,1.0313643629781686
2019-11-20,1.2176737749332436,1.037864125043649,1.0204065255539148
2019-11-21,1.212607172226356,1.0386030169420917,1.021835738954436
2019-11-22,1.213587913218558,1.0398737046598903,1.0234635332190467
2019-11-25,1.2327760497057756,1.0486911552731053,1.0285195925954091
2019-11-26,1.228202738680686,1.049099996563489,1.0288543714738485
2019-11-27,1.2361624250951664,1.0562767136905744,1.0368347047693098
2019-11-29,1.2337504763837173,1.0508170714246974,1.0316519811202447
2019-12-02,1.2148373320075663,1.0373459185820393,1.019001238738691
2019-12-03,1.208194981687637,1.0300726220045198,1.0116380380345344
2019-12-04,1.209002117859244,1.034414966521918,1.0184578286114736
2019-12-05,1.213887553356727,1.0391266853105001,1.023371309834447
2019-12-06,1.2260703910043436,1.050090197781155,1.0334712416420082
2019-12-09,1.2187158789136883,1.0444768642039166,1.028345795894852
2019-12-10,1.21792148027712,1.0458019070268894,1.0297208621811864
2019-12-11,1.2252930496704275,1.0513231907197242,1.036401137937143
2019-12-12,1.235539727333263,1.0587033336829321,1.0436378538915732
2019-12-13,1.245544873834889,1.0657500726628408,1.047842187938197
2019-12-16,1.2573958658656317,1.0765175433863479,1.0589607958117924
2019-12-17,1.2606964753488075,1.0757776069787701,1.0589780307083014
2019-12-18,1.2601276056695698,1.0744431252324635,1.058314963958458
2019-12-19,1.2694822007843614,1.0827463531225887,1.0660814946228743
2019-12-20,1.2738856770098081,1.0898598305781093,1.0718529294436192
2019-12-23,1.277094392107632,1.0921585293564424,1.0736666803732677
2019-12-24,1.2762006765911198,1.092656746316389,1.0737938248866603
2019-12-26,1.2964455081418877,1.1036316971847642,1.0839340133449438
2019-12-27,1.2938006009891692,1.1031059873189708,1.0829167515053615
2019-12-30,1.2852121077150458,1.09666839167592,1.0766482477370107
2019-12-31,1.2902246847727408,1.101104540112694,1.0811574691626997
2020-01-02,1.317764463177113,1.1209643069237027,1.098267427572051
2020-01-03,1.3062183357395305,1.1105167930502597,1.0904962392741688
2020-01-06,1.3263242216852253,1.1173583072455087,1.099511986086593
2020-01-07,1.3265482052238329,1.1139225647102446,1.0988068247028353
2020-01-08,1.3383093549861442,1.1279479452618815,1.109685184956155
2020-01-09,1.3548319306119496,1.1435855282995888,1.123642444032363
2020-01-10,1.3554116745551616,1.143047077033844,1.1236577154691372
2020-01-13,1.3780417744380578,1.1598635486431814,1.1373364129811372
2020-01-14,1.3650487583986832,1.149424559620676,1.1276716220694856
2020-01-15,1.3641387119219668,1.1509958773402387,1.1271067608540948
2020-01-16,1.379747090593879,1.1662201967494903,1.1397900792123348
2020-01-17,1.3881284042440487,1.1756720440324662,1.1500870661579872
2020-01-21,1.3886046272041357,1.1726863393449718,1.1484277887760381
2020-01-22,1.3876910269936564,1.174145286351847,1.1524713384164227
2020-01-23,1.3940846347030176,1.1781585672228247,1.154276496743738
2020-01-24,1.3831566787386342,1.1698433438574232,1.1465255642027403
2020-01-27,1.350145608475741,1.1435892648919246,1.121321451986336
2020-01-28,1.3770890696340659,1.168020878046158,1.1434095137383156
2020-01-29,1.385616180539537,1.1779289991516262,1.1447070388910259
2020-01-30,1.396952914671174,1.1922537639052553,1.1536549934360416
2020-01-31,1.3737607595426817,1.159622025542855,1.125813342960342
2020-02-03,1.3895738926216386,1.1729212519866123,1.1366083097205488
2020-02-04,1.4189659723857235,1.2042513390558722,1.162411219756383
2020-02-05,1.420278267670183,1.2062493099852176,1.1653380750110105
2020-02-06,1.4366142027248021,1.22127057576004,1.1812595672019333
2020-02-07,1.4304510263894414,1.2142489717550677,1.1742368612641343
2020-02-10,1.4567009302160825,1.2359464129479132,1.1927662625779567
2020-02-11,1.4556837873110076,1.2261377856404079,1.1858809060503825
2020-02-12,1.4717368101849921,1.2415491959666627,1.1998947038181524
2020-02-13,1.4653651278745412,1.2358243745455153,1.1947924673790813
2020-02-14,1.4795588250997398,1.2505310379018828,1.207156637122124
2020-02-18,1.4817425382062468,1.251405299050837,1.2057578236171125
2020-02-19,1.5029156543235553,1.2686754637426356,1.2224683113281474
2020-02-20,1.4891881021878806,1.255511180272834,1.2117384093753614
2020-02-21,1.45164019892411,1.2237590650125754,1.1828438659951532
2020-02-24,1.388352861994965,1.1695041178279522,1.1329660097111942
2020-02-25,1.3439658232419809,1.1337805178172924,1.1000231764433428
2020-02-26,1.3527518433427057,1.1440705998160186,1.1086517453051874
2020-02-27,1.281172249514707,1.0780042414871087,1.045462694586999
2020-02-28,1.2953527803016438,1.0923886015970234,1.05698664937668
2020-03-02,1.3640148003105612,1.1529662559863878,1.113625495883063
2020-03-03,1.3155937648531497,1.1128668279007998,1.074755873276523
2020-03-04,1.3710115870467419,1.1642396984437196,1.123022863248217
2020-03-05,1.324632859676619,1.1248878306277053,1.0856833082388133
2020-03-06,1.298565701853759,1.104654614606307,1.0659607162519045
2020-03-09,1.202820919436152,1.021166588221813,0.9860135959980811
2020-03-10,1.277007642987935,1.0842386795007686,1.0455688860393069
2020-03-11,1.2195790002238935,1.0361739946395996,0.9977316206315889
2020-03-12,1.1018814539451611,0.9355127910117248,0.9002579152749915
2020-03-13,1.2135914924309676,1.0344304201728456,0.9982148550655237
2020-03-16,1.0574802552858265,0.8889227770934344,0.8599896009002098
2020-03-17,1.1248862134095805,0.9502640135743537,0.9206936639685857
2020-03-18,1.0895974810902338,0.913213533975806,0.8865226372743725
2020-03-19,1.1162729330612984,0.934951754576176,0.9080221043876245
2020-03-20,1.0798531428751679,0.8967504012751568,0.8713127196324169
2020-03-23,1.07925927199514,0.892275221662426,0.8709189048771656
2020-03-24,1.182746134171708,0.9885908211968816,0.9590382576011167
2020-03-25,1.16791891238521,0.9800707229159528,0.9469241302942764
2020-03-26,1.2261884189852026,1.0294633609823802,0.9960312430830367
2020-03-27,1.178619043709519,0.9922687369795407,0.960511720883197
2020-03-30,1.2201301729124858,1.027608084097542,0.996448727097957
2020-03-31,1.20741665594467,1.0176653347038158,0.9888020205403409
2020-04-01,1.1485496279941874,0.9660659996051877,0.9415244349188231
2020-04-02,1.1692479773113376,0.9922649978194562,0.9651820511684195
2020-04-03,1.1498693308427885,0.967466020831208,0.943145826350891
2020-04-06,1.2429662369456749,1.0485669032384788,1.0144585105043507
2020-04-07,1.2326801785929076,1.0307415645690576,0.9971420570969324
2020-04-08,1.2618921544113921,1.0545692431374176,1.015402402584864
2020-04-09,1.2664689892076657,1.0543016676004657,1.0138527926730843
2020-04-13,1.285415901653891,1.0695400813819853,1.0463809291319444
2020-04-14,1.34234995914005,1.1148903268181605,1.0955203606456416
2020-04-15,1.3312882099972643,1.1014662909115158,1.094971799556636
2020-04-16,1.3546232084114045,1.1198576671608897,1.1257490430416894
2020-04-17,1.3608834088824142,1.125360817430425,1.1148396156374683
2020-04-20,1.3457801917412522,1.111363768602087,1.1095026289765888
2020-04-21,1.2919097111302078,1.0720254306969825,1.0715858470201114
2020-04-22,1.329970341931132,1.1046820788418243,1.0978085232228059
2020-04-23,1.3277766305487524,1.1015927783794066,1.0982003665360618
2020-04-24,1.3501943886584895,1.1187015564760971,1.1139860531205594
2020-04-27,1.3592595458129566,1.1307839102488786,1.1181592854364462
2020-04-28,1.3323640857247774,1.1120708071378924,1.0927521369598272
2020-04-29,1.3859377682296696,1.1548230283697454,1.1264917347801435
2020-04-30,1.3974245129363518,1.1549693189505172,1.1367601401531413
2020-05-01,1.3582343373426302,1.120055246895477,1.0984740300792437
2020-05-04,1.3805933128813248,1.1435930945161554,1.1247739688909355
2020-05-05,1.3941686674113558,1.1442161815874292,1.1272825746940633
2020-05-06,1.404579288567427,1.1527496613033281,1.1406886112248305
2020-05-07,1.430719566979361,1.1796679979568483,1.1654209471169805
2020-05-08,1.4569765968587685,1.1932818538993137,1.1776243787607223
2020-05-11,1.4797709841430724,1.195675691183159,1.1904351977653223
2020-05-12,1.449666497885501,1.1704918159396316,1.1658190014027436
2020-05-13,1.42978423617573,1.1637815743177056,1.1630684951927872
2020-05-14,1.4434892297150106,1.1860676524427418,1.1779842817752673
2020-05-15,1.4626645480211966,1.2029234076297322,1.1983427773658502
2020-05-18,1.4894695566110634,1.227340772042754,1.2145344406399476
2020-05-19,1.4901665377201343,1.224476834288535,1.2155065347427798
2020-05-20,1.518392537451306,1.2466096044930692,1.236183537805623
2020-05-21,1.5006401369395743,1.2241874928969858,1.214751462582087
2020-05-22,1.5120379188370667,1.2265445628762381,1.2187412638074095
2020-05-26,1.5006357751862214,1.2243173124909643,1.2033425701286502
2020-05-27,1.5011694239617341,1.2266871776075063,1.2018634110121564
2020-05-28,1.5012678765692782,1.2234156312050535,1.198518079344356
2020-05-29,1.513575999330695,1.2473761647115462,1.2258740312926455
2020-06-01,1.5256483389896058,1.2532364732894372,1.2379706532539763
2020-06-02,1.529615676451425,1.2627015612555197,1.242656312925875
2020-06-03,1.5365555316185868,1.2694055293365962,1.247879683688874
2020-06-04,1.5204864480535256,1.260705620193054,1.2371890123176006
2020-06-05,1.549654016058462,1.2806206935727216,1.251658468825701
2020-06-08,1.5616317460157683,1.289009210938349,1.2580073692264977
2020-06-09,1.583105138189194,1.3047745668441755,1.2778598640724297
2020-06-10,1.6190159379261038,1.3228842849096527,1.3035993092868954
2020-06-11,1.5400181249135698,1.260382065672646,1.2443618377578418
2020-06-12,1.552957149859603,1.2721799483585656,1.2522326174186895
2020-06-15,1.5757027879751475,1.291174779198738,1.2743502286084376
2020-06-16,1.6013172611845354,1.3078142583105916,1.2957739903454402
2020-06-17,1.607583322662096,1.3172835619741223,1.3062123036653894
2020-06-18,1.615472889704363,1.3252537833104887,1.3165216384175462
2020-06-19,1.6102179838778246,1.319177270230215,1.3137229467989509
2020-06-22,1.6461085059236527,1.344733326139649,1.3453990982555135
2020-06-23,1.6585109656602135,1.3586833511838503,1.3571517394108328
2020-06-24,1.626012211189213,1.3281611838404455,1.3290681313308144
2020-06-25,1.6478379374202754,1.3510161232966464,1.3492768858034816
2020-06-26,1.5957572629236263,1.3154708843306782,1.3092876271977434
2020-06-29,1.614841274557448,1.3199080349538066,1.3148056198955043
2020-06-30,1.644010786117815,1.3523053008720558,1.3474202831110202
2020-07-01,1.6648199583754144,1.3787689495877284,1.3769436702466946
2020-07-02,1.6740123448704913,1.3874050749562188,1.3872759565708002
2020-07-06,1.7196089730013815,1.4243159170637392,1.4218638769027656
2020-07-07,1.7075348340907959,1.4144001170028289,1.4145398939247456
2020-07-08,1.7472091115134936,1.4604872005470064,1.4656335134567495
2020-07-09,1.7658214838975106,1.4827258703728274,1.493164611881566
2020-07-10,1.7727672647606096,1.4764513631232121,1.4886279207412985
2020-07-13,1.7274056997461145,1.4268404849388938,1.425465514352295
2020-07-14,1.7471057699357853,1.4383231546724196,1.4340052186711956
2020-07-15,1.741765958765894,1.4302805354285324,1.4195075849092007
2020-07-16,1.7239097389920892,1.4153851808586053,1.4050371337495684
2020-07-17,1.7212409457759907,1.4174706860573967,1.4044610701748164
2020-07-20,1.7796449743793576,1.4750968615603643,1.4710478336845565
2020-07-21,1.7569841881052692,1.4589484556065155,1.4503605915546014
2020-07-22,1.7623880035116828,1.4582641873723612,1.4466609701977267
2020-07-23,1.7060880612823415,1.418916222594617,1.402852675244995
2020-07-24,1.703042389285151,1.4145478650794883,1.3994972000804082
2020-07-27,1.7328469259401058,1.4433108480985866,1.431503223139983
2020-07-28,1.7101241367974025,1.428381407707719,1.420506862504543
2020-07-29,1.7393483642044476,1.4665023069533814,1.4597367223884188
2020-07-30,1.7479733119204817,1.4810737604120028,1.4750660483679772
2020-07-31,1.80495773414986,1.5174752609144353,1.51691653879943
2020-08-03,1.8428843077123551,1.5288159893077984,1.531716641197057
2020-08-04,1.8474318153221696,1.5403270791827721,1.5435178330491295
2020-08-05,1.862742148296228,1.5642794998201521,1.5663879120383601
2020-08-06,1.8967843979337347,1.5699610033274434,1.5686374506949612
2020-08-07,1.861212870600777,1.538841384102864,1.5233873086391807
2020-08-10,1.8553325327819428,1.5192877150997919,1.4978389123355926
2020-08-11,1.8167200933264225,1.4940377261842759,1.47209389378614
2020-08-12,1.8622955690283185,1.5282762363042135,1.5090322615334375
2020-08-13,1.8759267335010488,1.5325435686317923,1.5150903917565584
2020-08-14,1.8732176434866692,1.5349531012622377,1.515918790790054
2020-08-17,1.8961936544715179,1.5671203659536006,1.5516865499597983
2020-08-18,1.9242614697576004,1.5832192442690094,1.5733224246675857
2020-08-19,1.9181044239548017,1.5712612579214138,1.560646869017349
2020-08-20,1.9508310730490057,1.5914560756888463,1.5840637973710407
2020-08-21,1.9824421355950206,1.5985744480872581,1.5937711061199846
2020-08-24,1.9968346380142603,1.6115433410360283,1.6028199669994827
2020-08-25,2.0094582126420315,1.6221859050198337,1.6152989555183572
2020-08-26,2.101790788732093,1.6471828268705928,1.6478839248738895
2020-08-27,2.095254966173571,1.6416929663255304,1.6364967300290942
2020-08-28,2.1062417429650973,1.655815245387909,1.6526079344593743
2020-08-31,2.131642799904939,1.6731420136407644,1.678746949274894
2020-09-01,2.1913683361702283,1.7221040057217685,1.7427202231717835
2020-09-02,2.201739947029326,1.7275299984040036,1.747536358799952
2020-09-03,2.0660078029827265,1.6391612992575668,1.6398488824669677
2020-09-04,2.0299157238386454,1.6075349435562751,1.6024034018631772
2020-09-08,1.9330550416404533,1.54331618265302,1.531559561396264
2020-09-09,2.0009043550887182,1.5978944957269816,1.5937318657811483
2020-09-10,1.9539347300194372,1.5641659944823672,1.556947436631584
2020-09-11,1.9327101134976112,1.540797273224522,1.530199290329539
2020-09-14,1.968005829127554,1.5675945265087705,1.5577028650120592
2020-09-15,1.990155474613158,1.582419661021371,1.5743691209645985
2020-09-16,1.949996429952214,1.5534494327297668,1.5377891365222347
2020-09-17,1.9192772769496715,1.5260309098510152,1.5105838737047435
2020-09-18,1.8833114298168214,1.5072651607833376,1.4881807728399357
2020-09-21,1.9062030511694963,1.5240627655337242,1.519912316628216
2020-09-22,1.9454354552316424,1.5674353574182938,1.5650446629640793
2020-09-23,1.8704065784377077,1.5084641175416242,1.5045875124164565
2020-09-24,1.8855069854175124,1.5161782907701662,1.511763252422663
2020-09-25,1.9357927807142972,1.552193947330571,1.554967869806235
2020-09-28,1.9700737532770785,1.5863653629803494,1.5888527564418171
2020-09-29,1.9656038405736593,1.5824231339917467,1.5855531824917501
2020-09-30,1.9875520030245624,1.5940402494667252,1.6006247531699187
2020-10-01,2.012878622592645,1.6083766318296413,1.6204820274671348
2020-10-02,1.9569960205394723,1.5751451820527058,1.5875596576467101
2020-10-05,2.006779743861817,1.610921456120844,1.623902811238784
2020-10-06,1.9699383828807888,1.588946662514276,1.6055341757190134
2020-10-07,2.0094621891633397,1.6191389748009724,1.6345056874967927
2020-10-08,2.0123241622244126,1.6277765667064052,1.644419885317703
2020-10-09,2.0456778499290493,1.6399880006748961,1.6598577184278325
2020-10-12,2.117484918300609,1.6790546788660614,1.6987370222014324
2020-10-13,2.1081097614824524,1.687814529926279,1.712357743416371
2020-10-14,2.088925939305241,1.6627911075068427,1.6907651092444327
2020-10-15,2.074670227669468,1.6553805890839441,1.6810265184368427
2020-10-16,2.0603408969056356,1.6534635753283207,1.6779451735188222
2020-10-19,2.0165692998806777,1.620921351625145,1.6483771195345513
2020-10-20,2.030834962179897,1.627647351535215,1.6533499983598936
2020-10-21,2.021405047369906,1.6308445120045725,1.651193562214752
2020-10-22,2.0132431313639354,1.6242823365998706,1.6432135249402784
2020-10-23,2.0203312266317304,1.6271715386592953,1.6457185499911933
2020-10-26,1.9849286684341183,1.5932478607052543,1.6147394257435912
2020-10-27,2.0136342607374,1.6028542962186143,1.624270367479081
2020-10-28,1.9229453173495967,1.54487813674265,1.5682972961280743
2020-10-29,1.964196747087982,1.5820827027207587,1.6111677844846164
2020-10-30,1.907644012866691,1.5383474858292945,1.561688419522365
2020-11-02,1.9092661679819716,1.5434075049843075,1.5686966546289967
2020-11-03,1.9458629300844037,1.5731397275677816,1.593876095141952
2020-11-04,2.039696512787089,1.6388571139393138,1.6629106019973579
2020-11-05,2.0978078780334783,1.6945700785061113,1.7219128185371442
2020-11-06,2.104658298156262,1.7031258521659454,1.730026393402164
2020-11-09,2.0703021606712144,1.6965941354608889,1.7018124609591416
2020-11-10,2.022114616814827,1.6643542531705726,1.6766166171854417
2020-11-11,2.074485725565098,1.7068963885277288,1.726335185112562
2020-11-12,2.065424885799373,1.6996843425092096,1.7196246125909376
2020-11-13,2.0722681924264728,1.7023457282625618,1.7180419718193056
2020-11-16,2.0900581010771866,1.7253469251202773,1.737476593635338
2020-11-17,2.0892587080113882,1.7324184659567148,1.7462989641351105
2020-11-18,2.071021711349257,1.7139723235826,1.7243977971092108
2020-11-19,2.088712117149821,1.729388932678248,1.742351565141303
2020-11-20,2.0638011120689,1.71679590729023,1.735649956198803
2020-11-23,2.050046086478547,1.7237166404725466,1.738527049528478
2020-11-24,2.072603880420074,1.7460069114044405,1.758988759766193
2020-11-25,2.0747150317351655,1.7451510837275697,1.7617730490879617
2020-11-27,2.084274515422961,1.749338471862381,1.7676753161570655
2020-11-30,2.0893880405511904,1.7540131252410092,1.7758956515523345
2020-12-01,2.116189954945819,1.7679365871677677,1.7902712786305126
2020-12-02,2.101987443865925,1.7556909002482786,1.7789538822972235
2020-12-03,2.102433691350971,1.7695222436949298,1.7926270807304983
2020-12-04,2.1112284520265994,1.8089989144907779,1.8347047501767333
2020-12-07,2.1217836812247097,1.8120244255256959,1.8369057543466103
2020-12-08,2.1261190698263217,1.829335185364793,1.8578639494373654
2020-12-09,2.076584767578088,1.7950171599900508,1.82683263210766
2020-12-10,2.0889937332648354,1.812771616591683,1.8474579215613287
2020-12-11,2.0956326656954656,1.7956655896619385,1.830020701071968
2020-12-14,2.0975155062318467,1.7902288801002502,1.8258032460852678
2020-12-15,2.1316787357484266,1.8213378748562472,1.863324514009271
2020-12-16,2.1469642501892996,1.8316747260885675,1.8748302268026251
2020-12-17,2.157687480729676,1.8515299562348222,1.9019733793725144
2020-12-18,2.1505171123965168,1.8733058828206726,1.930019458466113
2020-12-21,2.163410498822299,1.882177751127415,1.9408829314646545
2020-12-22,2.1885771285737334,1.9378197234636756,2.0109237074993196
2020-12-23,2.170953680024412,1.9433069939150343,2.017425072843017
2020-12-24,2.1762454416003347,1.9493932299679895,2.0245907152244884
2020-12-28,2.2123608440228266,1.9633327642290774,2.0369536467385263
2020-12-29,2.2007370476723276,1.9497028532013012,2.019862767690475
2020-12-30,2.1935890420743998,1.9638827796631726,2.0374724190601627
2020-12-31,2.191211691826311,1.9745448524442866,2.0496609111854034
2021-01-04,2.152767910007518,1.9493403155582987,2.023740558566484
2021-01-05,2.173833515459846,1.9914584881925486,2.066229308327999
2021-01-06,2.116761084081853,2.0083559017039763,2.086068689040615
2021-01-07,2.175252540184742,2.0681049491965338,2.1554777230400424
2021-01-08,2.19204200271562,2.0665470727926154,2.151813721108546
2021-01-11,2.1661147699078644,2.0628960432284833,2.139864677114043
2021-01-12,2.153482044582028,2.04613295538943,2.1252462713362346
2021-01-13,2.17301487953557,2.0473999039071438,2.124736927587571
2021-01-14,2.1426933146654363,2.03684068920526,2.113899049170597
2021-01-15,2.1198902467161402,2.0210256913072318,2.1025467271705085
2021-01-19,2.1466680487249907,2.039864825726931,2.1198155564224055
2021-01-20,2.2253566290141094,2.0709443537353827,2.151014614698954
2021-01-21,2.257223895736583,2.076016571494711,2.15466461485988
2021-01-22,2.2683667018282145,2.095099674535317,2.1786083241024983
2021-01-25,2.2840199116106947,2.0931502944451763,2.1781721805402334
2021-01-26,2.2834054886052013,2.07872636003375,2.161920101525578
2021-01-27,2.235240704154985,2.0266575840235115,2.104864986591954
2021-01-28,2.2430164223915208,2.064781200575612,2.14426001416329
2021-01-29,2.199224685473599,2.043443936574171,2.1179243189055867
2021-02-01,2.250500257977444,2.0907395357197687,2.168179839314782
2021-02-02,2.2840499219868735,2.10351185574271,2.1822248715740287
2021-02-03,2.2936159796838362,2.12148200641731,2.209222281333418
2021-02-04,2.3250341547833817,2.121523565046269,2.216546870663104
2021-02-05,2.3294187130363837,2.133424095981468,2.2311878791151605
2021-02-08,2.3475926139101624,2.2039315274111093,2.312296451125453
2021-02-09,2.337595989850228,2.205754865357649,2.318953955605638
2021-02-10,2.34605529165472,2.232166035255217,2.3393691764341518
2021-02-11,2.360516372670315,2.255161127075063,2.359195119593326
2021-02-12,2.360631700798986,2.2923740777113895,2.4032543547189578
2021-02-16,2.3652239327964897,2.285348342078015,2.3910389371533065
2021-02-17,2.348240054658807,2.293517507913127,2.3984512495407007
2021-02-18,2.3384155491182135,2.273188729840445,2.374626550509071
2021-02-19,2.3290742365939336,2.2941724657945817,2.399527369497794
2021-02-22,2.2754663843949112,2.301014081328086,2.40093928854818
2021-02-23,2.267083303845213,2.260738635864348,2.35308954662047
2021-02-24,2.279931139874066,2.2505845076222575,2.34111861025571
2021-02-25,2.1950160952423383,2.189741608608503,2.2789939124065017
2021-02-26,2.1950482803182485,2.2188938571182635,2.3082253764975973
2021-03-01,2.256032472150125,2.3232302291819353,2.419907545094598
2021-03-02,2.2190776588132253,2.3181630313648576,2.4104635987935077
2021-03-03,2.1569801704296108,2.298835982233291,2.391038560669233
2021-03-04,2.1297812247603556,2.2684276525086653,2.3571872526224893
2021-03-05,2.160308153599486,2.2996143124573054,2.3844906365509555
2021-03-08,2.0972959285917594,2.3026136391913687,2.390319025074423
2021-03-09,2.169492511035049,2.3303433656057138,2.423420534781738
2021-03-10,2.160391001104212,2.35368150154221,2.4533555690249345
2021-03-11,2.2104968635371693,2.4051383685024006,2.5050492902752333
2021-03-12,2.1871270100338855,2.424804536539546,2.5310654018155976
2021-03-15,2.208834995784785,2.45986932519132,2.5671411028048747
2021-03-16,2.225325351889707,2.457692346808147,2.5570917831552213
2021-03-17,2.226291710460066,2.4622263738323054,2.563384392135838
2021-03-18,2.1535741228480902,2.409731902990421,2.508979482548624
2021-03-19,2.158628586943889,2.4329111079357,2.5363688453545183
2021-03-22,2.19779086479539,2.4161608462853286,2.5184816218880237
2021-03-23,2.193361447409767,2.3827821292343847,2.4724845661113752
2021-03-24,2.153996206943264,2.26252216819156,2.349617795537307
2021-03-25,2.1434674271474212,2.218686638266601,2.309835006980895
2021-03-26,2.161750982977958,2.077386705919906,2.1654798699031033
2021-03-29,2.168281011952849,2.062952790851495,2.146438482111079
2021-03-30,2.1532734898645716,2.0917869475630417,2.177387556265531
2021-03-31,2.1873742779375838,2.1057209850600143,2.193284177316804
2021-04-01,2.2366224825089973,2.162240347959916,2.2477114995594065
2021-04-05,2.2813117206626945,2.190128143989994,2.2696419802899093
2021-04-06,2.2828043824869515,2.1984610212855293,2.281803382562779
2021-04-07,2.306046322660095,2.1975456527836235,2.2758361068269175
2021-04-08,2.3369301710428525,2.209356455459444,2.2793963626830385
2021-04-09,2.3721949316928854,2.212812130157007,2.278808379431052
2021-04-12,2.3732544878184747,2.1912538227490783,2.2507882966709434
2021-04-13,2.410872404729069,2.2038749497779775,2.2593189852882256
2021-04-14,2.3747354880938745,2.193068789139852,2.257412867230399
2021-04-15,2.42650311896385,2.209512924962038,2.2687585817935285
2021-04-16,2.4229268799236765,2.2154617387187345,2.273597891514399
2021-04-19,2.4109504902279983,2.2148658082427897,2.276535291459771
2021-04-20,2.383860249087524,2.1705809147902135,2.2186755328522514
2021-04-21,2.3956324251599677,2.1904764238181222,2.2462651573559143
2021-04-22,2.3695665481582164,2.183309415856757,2.2412746545040023
2021-04-23,2.40529568505978,2.2128494893546264,2.272547626752226
2021-04-26,2.4259668502509717,2.241400983591201,2.3030066824269277
2021-04-27,2.418199123015017,2.241313694224808,2.3035208026798335
2021-04-28,2.4205002096960135,2.238196967797547,2.3098089526340093
2021-04-29,2.421028496057508,2.2539801108029396,2.32986593798121
2021-04-30,2.3930618743088963,2.2352312619411228,2.3060641674210474
2021-05-03,2.377639529406361,2.223206290770294,2.292032957192314
2021-05-04,2.3189455993899624,2.2082066334854202,2.278451555278843
2021-05-05,2.312420081927279,2.201146721735379,2.2707712978439485
2021-05-06,2.33272812638881,2.204009017270143,2.26877543271019
2021-05-07,2.3471204524008207,2.216839086697873,2.279472629496932
2021-05-10,2.2917835645668263,2.1945601465055287,2.258100820799599
2021-05-11,2.2914266703557833,2.1853631927063892,2.246306646279094
2021-05-12,2.2302811368350457,2.1321807171754315,2.191459707533478
2021-05-13,2.2481061007508365,2.1398786461884933,2.198019772709248
2021-05-14,2.300054312526716,2.179489793837097,2.2370116368131754
2021-05-17,2.288767518924887,2.1565156354682107,2.2145772396515975
2021-05-18,2.2706542137351766,2.124478134703773,2.181152692657637
2021-05-19,2.279993098981411,2.1153507078159834,2.1700383962646383
2021-05-20,2.3210921609685156,2.1451744136730833,2.198120999371028
2021-05-21,2.3160611976458894,2.1594757293050635,2.212341221945203
2021-05-24,2.3620368384243187,2.1841005216969607,2.2348483947880458
2021-05-25,2.364546754047021,2.176152671905961,2.2254179153690252
2021-05-26,2.372289725937823,2.191231763894118,2.243606690155511
2021-05-27,2.35146814821072,2.194690683743305,2.2500624769816557
2021-05-28,2.373387370751018,2.188924513466001,2.2430034393593306
2021-06-01,2.3699366438776392,2.1913573278448113,2.246507735121908
2021-06-02,2.380803567378906,2.201996688284599,2.259235599387509
2021-06-03,2.359370856317813,2.1915215905106957,2.253545160597849
2021-06-04,2.4021530961191497,2.2112047915028357,2.270688354571828
2021-06-07,2.409129484277551,2.228172630137402,2.2867394065220688
2021-06-08,2.412261210292037,2.22468990749119,2.2835694982790784
2021-06-09,2.4138674609975532,2.2217789400769834,2.28206022321416
2021-06-10,2.4326468153726393,2.2468435036529595,2.3041174893340446
2021-06-11,2.448611639074374,2.2601374908709047,2.3176766104570765
2021-06-14,2.4842361787183913,2.2671402150265085,2.3223528122029276
2021-06-15,2.464685175752627,2.258481068458157,2.313849784354956
2021-06-16,2.4672614235376233,2.2549785038556918,2.312060286262507
2021-06-17,2.5073438243787614,2.267727887135127,2.320422809499365
2021-06-18,2.4905325580907687,2.2487538903811912,2.3003916506725632
2021-06-21,2.506134360608975,2.2792017995321694,2.330803149220408
2021-06-22,2.5344081264281266,2.30323963558373,2.3500437913921637
2021-06-23,2.5338666816150397,2.304695963677467,2.3545659654143396
2021-06-24,2.53871984195249,2.3195625095223105,2.3703209844832713
2021-06-25,2.5290508780567427,2.3245450850975224,2.3800265069737856
2021-06-28,2.562004964725192,2.324511066617873,2.3747984940313644
2021-06-29,2.5747793477611522,2.3320013909877515,2.3786218414707
2021-06-30,2.5720015768290865,2.328160745174043,2.3750150556671614
2021-07-01,2.5803431828640404,2.343587967155221,2.389997817100307
2021-07-02,2.6244936321110384,2.3787895503416077,2.424023577882106
2021-07-06,2.6629819280653577,2.389502355992154,2.435651079718008
2021-07-07,2.6741081094961427,2.3955494200776086,2.4421235812256117
2021-07-08,2.649758391894605,2.3617309648466165,2.4085901611513645
2021-07-09,2.6668061594514616,2.3857509540082456,2.4339191123006945
2021-07-12,2.67296761609592,2.402828486042993,2.450382670530235
2021-07-13,2.678074734180687,2.401101853450086,2.4457830874673254
2021-07-14,2.691353983001705,2.3957122865100584,2.438412466139477
2021-07-15,2.65898077620352,2.370503554177835,2.4135122696795843
2021-07-16,2.6277513111327293,2.3443572330255376,2.390596355719498
2021-07-19,2.5989846627805386,2.3127863457971727,2.3547548383169206
2021-07-20,2.633470374588331,2.3453088814242524,2.3920072591173387
2021-07-21,2.650136341350547,2.3841020162069824,2.42896488946069
2021-07-22,2.681018452273527,2.3963807950092217,2.4372034739198885
2021-07-23,2.710534243317956,2.428816189416329,2.4733132090281296
2021-07-26,2.712473620456126,2.423677825729688,2.4701464988865527
2021-07-27,2.679651468023267,2.408047258666931,2.45377863246849
2021-07-28,2.6853323103844384,2.418745144731777,2.470835051881801
2021-07-29,2.687353016115236,2.4272383411709573,2.4785964431222776
2021-07-30,2.6535872258325317,2.407504560675115,2.458076595416234
2021-08-02,2.65283748305924,2.403708230742757,2.448255647134233
2021-08-03,2.66840642083623,2.4101273684178914,2.4517263680320194
2021-08-04,2.678044465063257,2.415514404734216,2.453864392375276
2021-08-05,2.7037465477647236,2.4381338093551657,2.4781352311901172
2021-08-06,2.689093791053651,2.4409337113700103,2.4843040473420097
2021-08-09,2.688404705909684,2.4428352413351195,2.4861064378067717
2021-08-10,2.663450805819714,2.423362750055036,2.468001100192
2021-08-11,2.6515963407203826,2.4158196840415718,2.4600146543034693
2021-08-12,2.6841421170497872,2.418506207506352,2.4592416578780334
2021-08-13,2.697852814808058,2.4198851519252855,2.45908632167115
2021-08-16,2.702115171004424,2.4137749256706877,2.4504211644030907
2021-08-17,2.6734656736985274,2.3893585930860777,2.4266222883375486
2021-08-18,2.6427426015968045,2.362757135172201,2.4017120608910645
2021-08-19,2.6647154507724613,2.368472920594025,2.3987534717874373
2021-08-20,2.7073616366991513,2.4082994196166707,2.4343048249245145
2021-08-23,2.7555128027956006,2.447888218145482,2.4727512004183483
2021-08-24,2.7737153567777706,2.4584675026337086,2.4864521962303923
2021-08-25,2.777888295092345,2.4874584295538344,2.5138492802096932
2021-08-26,2.7785094842793296,2.4762651780652503,2.502794781492435
2021-08-27,2.806040767046876,2.5132661625325294,2.5416793227277794
2021-08-30,2.840476471199748,2.507609426340637,2.532063785207851
2021-08-31,2.833463749459315,2.5097125873662054,2.536776272793538
2021-09-01,2.843260867368936,2.5172636804008017,2.543067422138185
2021-09-02,2.8359229434785727,2.511011357762627,2.5373587257338945
2021-09-03,2.8527780784372676,2.5235338670063245,2.546693280371326
2021-09-07,2.8639081148609247,2.5130818211352213,2.5312052451960154
2021-09-08,2.84774998054974,2.5012622676360023,2.5223644487628154
2021-09-09,2.8300264782925115,2.4986816780119856,2.5198172950630378
2021-09-10,2.7926655683893467,2.4721299879567225,2.496585732326586
2021-09-13,2.7896862064279286,2.4706702572539747,2.499706687762035
2021-09-14,2.7836334082277197,2.455373216148484,2.48117558374685
2021-09-15,2.806440049095522,2.4818342917665,2.5086292691203442
2021-09-16,2.8113543407665165,2.4833393934824843,2.512867916249574
2021-09-17,2.7763356699530766,2.454831472383801,2.4853742774477627
2021-09-20,2.7179892345995826,2.4072601412599197,2.4397573863772406
2021-09-21,2.719530401336863,2.4111491928061417,2.44714287728741
2021-09-22,2.761189112640093,2.445389017126469,2.4803239630745613
2021-09-23,2.8102395031476153,2.480125586172979,2.51662910668845
2021-09-24,2.8194644422844104,2.4845317760462775,2.524491950596326
2021-09-27,2.786387776449942,2.456216973128604,2.497126459865985
2021-09-28,2.7039060373465955,2.3732133597689753,2.413449996833778
2021-09-29,2.699603996460583,2.3589362645093073,2.4009972550719962
2021-09-30,2.6903147255897992,2.348245863461805,2.3894922985532334
2021-10-01,2.7252248507663857,2.3940067838984516,2.434631825595819
2021-10-04,2.655608842009076,2.341937639063277,2.3781362902224403
2021-10-05,2.699045639031047,2.38640817289511,2.4233418543000513
2021-10-06,2.726958296870195,2.405052949907275,2.4445774258349755
2021-10-07,2.751884343873553,2.430199188843985,2.4694380836711964
2021-10-08,2.7410996923772033,2.4230638789220857,2.462187068882301
2021-10-11,2.7294933364211325,2.405897008632222,2.4492885772149315
2021-10-12,2.724130234007945,2.400660299474981,2.449320125302351
2021-10-13,2.74278851466587,2.3997707861888924,2.451897243281197
2021-10-14,2.7973406973096977,2.449965342114721,2.5010342968145465
2021-10-15,2.8229846187558945,2.469748519704061,2.521187684301162
2021-10-18,2.8504593822947255,2.491119273781886,2.543784135773527
2021-10-19,2.867177099176549,2.5044436575312,2.555945167665021
2021-10-20,2.8564955749076324,2.5017817849213766,2.553140362044708
2021-10-21,2.8733115824566497,2.5120727089766506,2.5650208525575455
2021-10-22,2.8554836958412104,2.526010702204344,2.580721392280021
2021-10-25,2.85961159806507,2.517992456762307,2.573361082529846
2021-10-26,2.8961468906742636,2.5441086485605444,2.596534538117671
2021-10-27,2.9125177604643313,2.5679866981060093,2.617994932650257
2021-10-28,2.9486336413987075,2.580455898558883,2.6342812181125135
2021-10-29,2.9516328535762812,2.6000703614923593,2.6563125872512883
2021-11-01,2.933202112566308,2.589613367896579,2.643391322723372
2021-11-02,2.951824632149931,2.594225527964441,2.6496454343491886
2021-11-03,2.9733370815759157,2.6058094757714496,2.66049430731682
2021-11-04,3.0320601777608354,2.6332923055737134,2.6934133038460746
2021-11-05,3.0401992279448686,2.6069373155522655,2.6662831588394016
2021-11-08,3.058175547674739,2.642979832492547,2.702327605513997
2021-11-09,3.0678350824906375,2.646997364827704,2.7077635510219067
2021-11-10,2.9995714506518287,2.600814946968906,2.656124878081762
2021-11-11,3.0098214003814707,2.621155455648706,2.6792397643343575
2021-11-12,3.047539094576183,2.6569542248316145,2.717155873861472
2021-11-15,3.035870831017061,2.64889918190438,2.705780387770057
2021-11-16,3.052086132382929,2.6560275108128115,2.7192460576249418
2021-11-17,3.054849605860913,2.6455573666440326,2.709821849083771
2021-11-18,3.118142850710047,2.6578253217207983,2.72862463157055
2021-11-19,3.1395612729611124,2.657404126460914,2.73399259476368
2021-11-22,3.096553811053401,2.6133818525366275,2.688649886331947
2021-11-23,3.0826728845027946,2.602140815005884,2.6734732911527685
2021-11-24,3.099581606013591,2.6215413210336003,2.693632722268865
2021-11-26,3.016917335296616,2.5462968657558966,2.620262083686873
2021-11-29,3.0919694199826147,2.600488981384282,2.679300623457358
2021-11-30,3.066631718759285,2.537971516775721,2.619193682929872
2021-12-01,2.9861968737086184,2.4712778188609517,2.5572799293318518
2021-12-02,3.01870543768027,2.5048277914416937,2.588131734275031
2021-12-03,2.966583735604425,2.451536695541387,2.533553339008429
2021-12-06,2.991791967192435,2.45688641995512,2.5387952261138484
2021-12-07,3.099452813707245,2.529258569954067,2.6249494856889477
2021-12-08,3.120533172214402,2.54039855704111,2.638378592459673
2021-12-09,3.08685433901415,2.5008617519651613,2.6006820016413275
2021-12-10,3.116827484386245,2.524958770350704,2.627414624833717
2021-12-13,3.0563807106624212,2.490846727653128,2.5898636307712937
2021-12-14,3.017079646989993,2.450303485636065,2.549817462506403
2021-12-15,3.102922751538465,2.5161418004586213,2.623570283196076
2021-12-16,3.005122983708785,2.4618123239175236,2.559162775170688
2021-12-17,2.9874700935201806,2.447372536135497,2.540753253360817
2021-12-20,2.9583315881949916,2.4297162736703295,2.5228745148938674
2021-12-21,3.027940965625503,2.4874945014597016,2.5834172946205194
2021-12-22,3.0640724332777984,2.521407200024538,2.6193339481468008
2021-12-23,3.0771210419858184,2.538024677106165,2.6350254989643176
2021-12-27,3.12769823328148,2.5803534566180306,2.683424137682814
2021-12-28,3.108672972960669,2.5647647620896854,2.666016337022505
2021-12-29,3.100856120672858,2.5572082868913757,2.659406966419831
2021-12-30,3.0878071120565096,2.5464004477413686,2.6452014956959204
2021-12-31,3.0664983677606887,2.5264147614957704,2.6263621449209666
2022-01-03,3.104677182817663,2.5210534438980448,2.617976382931579
2022-01-04,3.0557729399656983,2.495495496622422,2.5912749228840983
2022-01-05,2.936947555492253,2.3953564266095255,2.4921742896757637
2022-01-06,2.9339206671430724,2.4009081467701012,2.495522524819786
2022-01-07,2.917107789192434,2.3749628581029674,2.4671537737402525
2022-01-10,2.921225867341734,2.367130582881799,2.454951021077141
2022-01-11,2.963696215307134,2.3946641357627727,2.483348177027365
2022-01-12,2.9771292164418157,2.4176587020281803,2.5077470070397636
2022-01-13,2.8877154664856155,2.3364626033963267,2.415224702349197
2022-01-14,2.9077397038259845,2.340984485000413,2.4225731638376136
2022-01-18,2.84533227483208,2.297298297080506,2.3741529901958267
2022-01-19,2.8124519030236463,2.2893875791961853,2.3631564103282408
2022-01-20,2.769345564650995,2.2658745203828667,2.3378785212809676
2022-01-21,2.6812983702611133,2.1579679916057968,2.2287981677720254
2022-01-24,2.6902671614945706,2.1650598605352975,2.2369800707964638
2022-01-25,2.624782452972001,2.0923238344479915,2.1597068272158992
2022-01-26,2.6349275229286575,2.0866351394606046,2.159889578758694
2022-01-27,2.6325141762742454,2.0954691849640446,2.1658854632551985
2022-01-28,2.7525458956998308,2.170471965140647,2.2387919234652847
2022-01-31,2.84773247844783,2.258117317403565,2.3322243623082275
2022-02-01,2.863863143561624,2.263511725361937,2.3356234827248388
2022-02-02,2.8876629127571234,2.2827609256333443,2.3643009201070226
2022-02-03,2.778709514704247,2.2337719686656157,2.312138157538691
2022-02-04,2.846885934100837,2.2606108074247793,2.3448653820837126
2022-02-07,2.8305576662053893,2.2500980342852035,2.3324272169013627
2022-02-08,2.8652673466890506,2.2736361754836047,2.3579552453913415
2022-02-09,2.923468606140936,2.332694020047255,2.4153076678783023
2022-02-10,2.8642497395089497,2.2905162123510365,2.3715489688657385
2022-02-11,2.769792315787935,2.2242573899095492,2.3033740898613764
2022-02-14,2.781712855610807,2.2319523029020023,2.305198524721506
2022-02-15,2.8624400998027406,2.2953661000438093,2.3679570346749217
2022-02-16,2.8583377609874976,2.288095727976653,2.3638616232881975
2022-02-17,2.755482828996151,2.2144310210151477,2.2870424194852674
2022-02-18,2.7145573138613983,2.1841660567013452,2.2578294714051363
2022-02-22,2.6828127374989332,2.148211933422852,2.2243644299277783
2022-02-23,2.6111162923866966,2.1058096079197473,2.177711958997386
2022-02-24,2.7244993637267374,2.1907976602362305,2.2619551495585744
2022-02-25,2.764438579426726,2.2475461922566895,2.322318919254902
2022-02-28,2.7817457352729074,2.262820742599538,2.3338106654097763
2022-03-01,2.7348682429835973,2.179733547931555,2.2422848934252464
2022-03-02,2.7734478779593403,2.211557207806997,2.2814075055881813
2022-03-03,2.7338673856652376,2.187179572198548,2.2525172750040285
2022-03-04,2.6771942793750543,2.1263019103532197,2.1881904395518266
2022-03-07,2.566325121904889,2.0234530429942827,2.0815374963779885
2022-03-08,2.5437146342098913,2.0136794919481877,2.0815388242638084
2022-03-09,2.6583885354962034,2.1092264396946536,2.1793553807769612
2022-03-10,2.6453455325809365,2.087286969801407,2.157034863177059
2022-03-11,2.5963300669178544,2.0540801349399125,2.1235136313144043
2022-03-14,2.5347763562521393,2.0161681781740532,2.087300424107947
2022-03-15,2.6234433089784712,2.0697509389777853,2.1391389721864082
2022-03-16,2.7183139377248575,2.132348545205023,2.210258960279495
2022-03-17,2.7570240016193566,2.1711042743569275,2.247357997092079
2022-03-18,2.8347896407480233,2.2201554229871903,2.3001832602495944
2022-03-21,2.831463641364728,2.217669734952933,2.2957406371582993
2022-03-22,2.8839487867277898,2.262337540686323,2.3400959754716264
2022-03-23,2.8525769464230972,2.241894743899518,2.3098484414776514
2022-03-24,2.9257416000616043,2.293981021951872,2.3651254168458604
2022-03-25,2.920534365299181,2.2977999960287754,2.3678397224801095
2022-03-28,2.9553734688441256,2.3035070587433606,2.372939582871718
2022-03-29,3.0013975437583973,2.322058526971183,2.3950525028973786
2022-03-30,2.9611412532246897,2.298184786706973,2.3687268930535605
2022-03-31,2.9135006736430107,2.2816793950496903,2.347291802030842
2022-04-01,2.9107499483868664,2.2743624438761234,2.3368013756716257
2022-04-04,2.9785117413430995,2.322285689619252,2.3869783875788686
2022-04-05,2.9045281536701384,2.277464711799015,2.3394618391266273
2022-04-06,2.8122287764706497,2.215901114600763,2.2787561200715256
2022-04-07,2.80857353886391,2.2191819016494345,2.282950870049375
2022-04-08,2.7615809587512454,2.200732799196989,2.2627162543462416
2022-04-11,2.6888214641242665,2.162091796126829,2.2194934831497855
2022-04-12,2.683362336631142,2.1581604558904917,2.2175829343953186
2022-04-13,2.7386613103248587,2.212918277742564,2.2746792766566237
2022-04-14,2.664468240017628,2.171253646578583,2.2296796413667814
2022-04-18,2.667196927604989,2.1633543715431647,2.223439837559908
2022-04-19,2.720399482284772,2.199194856962174,2.25997808276993
2022-04-20,2.6623539490380925,2.18419837305054,2.245601814817682
2022-04-21,2.5887018598241074,2.11319335059936,2.174885753933863
2022-04-22,2.5114878953940654,2.0469019337727357,2.1072946597838245
2022-04-25,2.5524816911719297,2.0976127490620846,2.157151101908217
2022-04-26,2.4514073122278144,2.0137766915432977,2.0733220816581968
2022-04-27,2.4526162220021774,2.0209295427432665,2.0723577502078805
2022-04-28,2.5606749254893466,2.0791346843071485,2.136341679082474
2022-04-29,2.4218176351818324,1.984705723442034,2.041213732993115
2022-05-02,2.4590861750252815,2.0010476700941515,2.0577325128803237
2022-05-03,2.4634234220444124,1.9863611451472194,2.046978961327367
2022-05-04,2.543958363470909,2.028941317176275,2.0944159821286914
2022-05-05,2.393579633973116,1.934011634438787,2.004245448264884
2022-05-06,2.368252617562309,1.8967848593969774,1.9708229718051442
2022-05-09,2.258773384697775,1.7958737387170778,1.8698067694367946
2022-05-10,2.301113406453978,1.8336086140677978,1.9043626187198717
2022-05-11,2.213691285812786,1.7842953784647682,1.8571420603474784
2022-05-12,2.1890970855658027,1.778400243574846,1.8495084429007898
2022-05-13,2.286171339739094,1.8339117031816825,1.9036588286741296
2022-05-16,2.251741007437524,1.798137914399961,1.873501233902209
2022-05-17,2.308533020466058,1.8439200747750228,1.9200935377809065
2022-05-18,2.186834417257699,1.748388118304324,1.8259203984990167
2022-05-19,2.1700852442285017,1.7332340209759471,1.8090322593566275
2022-05-20,2.1753818011969575,1.783069764901452,1.8563193653943624
2022-05-23,2.226074839191531,1.8426461306545954,1.9166302216633757
2022-05-24,2.163284952438347,1.7900213706074968,1.87118958583617
2022-05-25,2.200250268968702,1.834998911203296,1.9149663039282678
2022-05-26,2.2582608732227762,1.867608556490997,1.9465019263940924
2022-05-27,2.339250137713396,1.91392382021756,1.9924968026100667
2022-05-31,2.3373023822344297,1.9136815920013994,1.9914748349140285
2022-06-01,2.3579233066675886,1.9085382834211833,1.9832255039884994
2022-06-02,2.439453629622637,1.953418223468543,2.026078219133246
2022-06-03,2.3675993145840497,1.9360497514054664,1.99897313690564
2022-06-06,2.3800166357545587,1.9400910622151328,2.005803482068179
2022-06-07,2.406468797338584,1.9784393189827898,2.041976833305786
2022-06-08,2.396198484833083,1.96310201688197,2.027209678577909
2022-06-09,2.326161630659896,1.9303367504232987,1.992657686066338
2022-06-10,2.224890717962606,1.8682214108291786,1.9299991973788766
2022-06-13,2.1107704283037565,1.7718088938537069,1.8311379576317184
2022-06-14,2.1153030377695816,1.7710785528067916,1.8280790306294197
2022-06-15,2.178953917064903,1.798117150444688,1.8537795723569137
2022-06-16,2.0897146009758982,1.7177217928467396,1.77759345965108
2022-06-17,2.124082128381242,1.7602980898174536,1.8200020620969273
2022-06-21,2.1835209548569687,1.8069959493764336,1.867352680611515
2022-06-22,2.1814668063931983,1.8080769726893868,1.8705237494330105
2022-06-23,2.221713653406847,1.8388240353593122,1.9008692830205514
2022-06-24,2.313060611599065,1.8920941472312651,1.9543939870182256
2022-06-27,2.2835891539571533,1.8786245597960287,1.9404216485268582
2022-06-28,2.1974727787510293,1.830179415625364,1.8907555353010967
2022-06-29,2.203388555699241,1.8332362427369482,1.8946436676437934
2022-06-30,2.157599560651785,1.8147668182926813,1.8782056279442165
2022-07-01,2.1808248227887814,1.8624988444466226,1.9277714957691288
2022-07-05,2.2348768886641115,1.883865256879586,1.9461376152562686
2022-07-06,2.2494679953415413,1.8771386189445152,1.9391837269670122
2022-07-07,2.304134958109374,1.9087712073783205,1.9695706996152362
2022-07-08,2.303673560825989,1.9091119816853046,1.9694865272238993
2022-07-11,2.2541266908172872,1.8898401925716257,1.9505857458465758
2022-07-12,2.218986709655915,1.8532137843904222,1.914008331529774
2022-07-13,2.2106752899182656,1.851853129599232,1.911161931388181
2022-07-14,2.2197637136765076,1.837937237251821,1.8960790094770046
2022-07-15,2.269712640685809,1.880725102166576,1.937265281086011
2022-07-18,2.2538149271661805,1.8726073640440621,1.9296431463180732
2022-07-19,2.3313991280406574,1.9219109795279954,1.9770669786666077
2022-07-20,2.3859093728800906,1.9242752979536724,1.972356568417489
2022-07-21,2.4183656894675356,1.9104214198556677,1.9422894745381567
2022-07-22,2.36888187443961,1.876848071886576,1.906413864766911
2022-07-25,2.345735954651066,1.8805039512904111,1.9114276024729697
2022-07-26,2.281942068727456,1.8257157104872215,1.8557037598448753
2022-07-27,2.39966018676671,1.8589170817566496,1.8869432933401087
2022-07-28,2.4232279301409276,1.8829520747099215,1.9164911938776157
2022-07-29,2.491725071952388,1.8984129690521814,1.9321565743027471
2022-08-01,2.485647255822931,1.891496505660659,1.9283029009789674
2022-08-02,2.4745865779335445,1.8978321452473597,1.9394604232477681
2022-08-03,2.553195281042895,1.9515182458535472,1.984049930934652
2022-08-04,2.5650229610657735,1.9529485253694119,1.9716298494305182
2022-08-05,2.552397274000304,1.9722827945877104,2.0154898756775754
2022-08-08,2.527587394007109,1.976995517426221,2.020361110182496
2022-08-09,2.499277389683972,1.9667322524966466,1.9999049101889554
2022-08-10,2.583755851618173,2.026086851417061,2.061999470605428
2022-08-11,2.568219846993271,2.03018096440209,2.065846222412132
2022-08-12,2.6262981295157397,2.064222972655152,2.0938326994610534
2022-08-15,2.642600104292783,2.0638385835026716,2.092860539852225
2022-08-16,2.6375171089184204,2.0517017187302606,2.077296574601732
2022-08-17,2.6146902251437742,2.02773164948319,2.04748654172603
2022-08-18,2.6216668641914476,2.0294792408248066,2.0575653404357723
2022-08-19,2.56269230771419,1.9850293706928201,2.009697589949954
2022-08-22,2.4845374266384606,1.9407057265001109,1.967703159426351
2022-08-23,2.489160287195018,1.945433911882275,1.9926806859241957
2022-08-24,2.4996641864109814,1.9545530686797707,1.9997383158192639
2022-08-25,2.5374494087136146,1.9847615376776933,2.0284958810321316
2022-08-26,2.4165226323198192,1.9106019776702854,1.9523803857048287
2022-08-29,2.3817661930853147,1.8902900724732543,1.9343497473618436
2022-08-30,2.3576472735748903,1.8712279678660695,1.9116545370257705
2022-08-31,2.3269402594484294,1.8493329002904446,1.8834853664449813
2022-09-01,2.3085608459890845,1.8404346870852477,1.8638188536001048
2022-09-02,2.280935100693167,1.8199330862851648,1.8449257460478155
2022-09-06,2.2572856404425745,1.825878961931506,1.8424632704483999
2022-09-07,2.2961403825241375,1.8573460741225296,1.8721069232075198
2022-09-08,2.3032506458978106,1.8685272997774462,1.8898529471798151
2022-09-09,2.3623615548504513,1.9159357384225415,1.9458243586809696
2022-09-12,2.4091953862590647,1.9609024615598252,1.9871449408159096
2022-09-13,2.2638275746072383,1.873093246649494,1.8965164594996982
2022-09-14,2.281094941443867,1.8872461241958312,1.9050231320544861
2022-09-15,2.237528340518621,1.8582204114636403,1.87630186021573
2022-09-16,2.2178758190328893,1.825802569259127,1.8413116512010852
2022-09-19,2.245141480773732,1.8485806523327633,1.8583428469369458
2022-09-20,2.231092293861079,1.8334868868403307,1.8403651831176897
2022-09-21,2.1917557448377605,1.8067440324850736,1.8101488702792925
2022-09-22,2.1728844697136744,1.7692137030553803,1.7717595663545256
2022-09-23,2.1366991474832866,1.745492979796638,1.744959474425325
2022-09-26,2.1287140671979428,1.7312121933824896,1.730642220537329
2022-09-27,2.1356742658075953,1.745577113176145,1.7475927373082543
2022-09-28,2.166412435060747,1.7742941325782797,1.779020325469548
2022-09-29,2.0998026989302905,1.7277673917984788,1.7354302792867167
2022-09-30,2.057825507498723,1.7032113988645523,1.7157768053727718
2022-10-03,2.119002409913148,1.73850940541915,1.7430645648964422
2022-10-04,2.1953298071030978,1.8071867222210478,1.8178997196839168
2022-10-05,2.197697683326705,1.816907571313619,1.8267362514467456
2022-10-06,2.1865943514051573,1.8347724838070014,1.8529836272478717
2022-10-07,2.093893323474172,1.7659222033735473,1.7869048351000918
2022-10-10,2.0650479294489585,1.7332934223178793,1.7577515135130821
2022-10-11,2.0352227633673987,1.6908275800269268,1.7182575696183544
2022-10-12,2.033262382496057,1.6983062369057846,1.731619378512985
2022-10-13,2.0873762816233516,1.7457452321582796,1.7714357817586164
2022-10-14,2.017796841193533,1.6993576432678925,1.7204680761361941
2022-10-17,2.098740001093716,1.7560405537032449,1.7836907081833606
2022-10-18,2.129586357762772,1.7817523972209166,1.8204297396063946
2022-10-19,2.1276178523269604,1.8190003153049972,1.8591546416495637
2022-10-20,2.1343117731886214,1.816180458483092,1.8595462019712496
2022-10-21,2.1850614474297743,1.8596038669114707,1.8947992710089845
2022-10-24,2.2068705359443195,1.864962582653265,1.8935946264603294
2022-10-25,2.2590910690389743,1.920338748001077,1.959994600336351
2022-10-26,2.181668301124251,1.8871206477582605,1.93873057167951
2022-10-27,2.147934394601836,1.8788049200700099,1.9445321766624604
2022-10-28,2.2181563078202724,1.9230866780432518,1.9730651428391304
2022-10-31,2.1881667821775563,1.9008103596851234,1.9521626511004742
2022-11-01,2.1435558155290155,1.8858595558716698,1.9391941074971781
2022-11-02,2.056882252699282,1.831709690064709,1.8913150653101527
2022-11-03,1.996911538838011,1.7999973154406053,1.8722197799367464
2022-11-04,2.0125904974512308,1.7851502518749405,1.8507164132259375
2022-11-07,2.0368862670136374,1.7880941573616185,1.8507336894076736
2022-11-08,2.0551459113089083,1.8022000719122804,1.8617353608043357
2022-11-09,1.981386990967831,1.7300073294951706,1.7833156899515368
2022-11-10,2.169322720544787,1.8326090924377645,1.8748101820684986
2022-11-11,2.2227898451830175,1.854087744332605,1.887363098714494
2022-11-14,2.204144818903737,1.8503132434502334,1.8886711094063915
2022-11-15,2.2372880251287177,1.8876502007396934,1.934926886595032
2022-11-16,2.201195960198288,1.8516709526549724,1.8959084916603453
2022-11-17,2.183600738986686,1.839302119311046,1.876615074226295
2022-11-18,2.1771366327654875,1.8345921133510474,1.8630608524278296
2022-11-21,2.1498377907574295,1.815601095048945,1.846257109378928
2022-11-22,2.188012554488159,1.8400789360057788,1.8747299544744485
2022-11-23,2.2177690331483477,1.8578956976527357,1.8934653843088896
2022-11-25,2.198087850063489,1.8364674797982787,1.8737315156778598
2022-11-28,2.1628299446453734,1.816630438265779,1.8572437079243145
2022-11-29,2.1353232950272103,1.8116793136931824,1.8587900771661885
2022-11-30,2.2408596820365596,1.885083774444813,1.9359567187965772
2022-12-01,2.2289540317463574,1.907494458439391,1.951966499410733
2022-12-02,2.213020246104088,1.8993869814592588,1.947402474227043
2022-12-05,2.161907675673017,1.8571646527345413,1.9017635381972309
2022-12-06,2.110092147333582,1.83089227262824,1.8836991185270164
2022-12-07,2.093027909417633,1.8138233337607603,1.86007898128301
2022-12-08,2.120048720656415,1.8286749068276753,1.8700348312777277
2022-12-09,2.1113877175755102,1.8285090234180132,1.87035402132223
2022-12-12,2.1495559571620926,1.848502150094246,1.8773022597472928
2022-12-13,2.1821138661723407,1.853249618996514,1.8736087341303755
2022-12-14,2.1594920390776626,1.8479323422430087,1.8687258787100491
2022-12-15,2.0713737905153256,1.7606874786708417,1.7819741046284623
2022-12-16,2.0428158974272654,1.7499375731354097,1.7758759529508252
2022-12-19,2.0086678505643816,1.7249158891695093,1.7539906984933413
2022-12-20,2.0101079889076647,1.731078367042488,1.7633131515687819
2022-12-21,2.0420965421677093,1.762202100857764,1.7975996861883268
2022-12-22,1.9873992967952687,1.7324606668683964,1.7723959789164048
2022-12-23,1.9923443722823322,1.7362916567907065,1.7823817913956643
2022-12-27,1.9544710381323496,1.709839531793398,1.750694366122324
2022-12-28,1.9190978328652453,1.682744916716602,1.7262818744995068
2022-12-29,1.977526958835033,1.7249912399091076,1.7664180704447212
2022-12-30,1.9778021290180463,1.730153582471392,1.7695518390597456
2023-01-03,1.9630769765477487,1.7276018592747056,1.7652066855097117
2023-01-04,1.9766900325977967,1.7471776113524282,1.8035339099930388
2023-01-05,1.9351165729457454,1.718615168752464,1.7803011800145654
2023-01-06,1.98868151006404,1.7538901330411094,1.8202886980990705
2023-01-09,2.0224242716651775,1.7674564378254285,1.8333728397609237
2023-01-10,2.0420100007943405,1.7907260169575143,1.8643685274783108
2023-01-11,2.0828040765580997,1.8113543255480453,1.8743088708021776
2023-01-12,2.103316368814159,1.826312018394789,1.8888405326895428
2023-01-13,2.127277345061104,1.8380899766513978,1.907153583094005
2023-01-17,2.1389371940640856,1.8374965622850934,1.898856430774077
2023-01-18,2.1156083150822864,1.822647390905329,1.8986344208119776
2023-01-19,2.1015938218817123,1.7962507822699028,1.8616030288084469
2023-01-20,2.179099339793371,1.8547036621006414,1.9218262500825536
2023-01-23,2.2343326071492546,1.889065572989457,1.9654241495243798
2023-01-24,2.2316501978121357,1.8905083039734742,1.9653418046978595
2023-01-25,2.2268549788146843,1.8923835443852974,1.971649682416115
2023-01-26,2.2802758886815884,1.9132128844593128,1.978976719303688
2023-01-27,2.3148809122616862,1.9415119822163212,2.007531318158845
2023-01-30,2.264899582582204,1.908025789562987,1.9795959961717176
2023-01-31,2.3024733043633483,1.9337446731819374,2.007860107162802
2023-02-01,2.3515480816838163,1.9742827558743685,2.040929476095012
2023-02-02,2.4482654556435057,1.9947897400130181,2.0476176592833206
2023-02-03,2.41193948557633,1.995218097459288,2.0633020862587266
2023-02-06,2.3810041126036783,1.9761933957875484,2.0475707012433686
2023-02-07,2.4408858330795367,2.0142109895473053,2.07330417583115
2023-02-08,2.400683024136358,2.022007466933819,2.083536172497887
2023-02-09,2.3815603827231264,2.0180185634433783,2.077545471819391
2023-02-10,2.3503027149979356,1.9882213170393965,2.0505945779095316
2023-02-13,2.393944816793235,2.0149909309978242,2.077493714874415
2023-02-14,2.4089293595779995,2.035822490910836,2.0901188742826937
2023-02-15,2.4332079741133983,2.0475393343635413,2.1016954075325365
2023-02-16,2.383370249183554,2.0106471704727755,2.073367160913664
2023-02-17,2.3518092543377924,1.9700478574163711,2.04972870122819
2023-02-21,2.2918920131024763,1.9394732929909515,2.0197035724937282
2023-02-22,2.3079825542338477,1.9663807139936547,2.035286619391272
2023-02-23,2.347754278185586,1.9981103106266718,2.04841120725696
2023-02-24,2.3067868912577865,1.9764134140101313,2.0322640159942447
2023-02-27,2.322892338989506,1.9856523529980077,2.0378268846969876
2023-02-28,2.3186627967298623,1.9801063471138063,2.0330343207923454
2023-03-01,2.2990623113405415,1.9614951698189373,2.0184776912442435
2023-03-02,2.3509289480453224,1.989700492033632,2.0452867607552183
2023-03-03,2.4039079401710017,2.0211243342570975,2.0743533577514923
2023-03-06,2.4106612383492863,2.008564854879639,2.0570025806567895
2023-03-07,2.384740850715754,1.9883776878620436,2.039763708113962
2023-03-08,2.4041432934082456,2.009559621758382,2.0599612840014947
2023-03-09,2.3568596343739534,1.95887791079244,2.001726265900594
2023-03-10,2.314112367503789,1.9153637718779835,1.9486260564680342
2023-03-13,2.3351970037189917,1.896131085232942,1.9165027197487676
2023-03-14,2.3974589133218545,1.9418642469021254,1.9671322975849777
2023-03-15,2.4154320728566594,1.928086708406877,1.9430719320455316
2023-03-16,2.4900686877844684,1.9835217798986797,1.9933709817323013
2023-03-17,2.4840135048900285,1.9737814927879425,1.9713406476649968
2023-03-20,2.487995633609889,1.9878534350977861,1.9966400996184634
2023-03-21,2.5338228507914504,2.0367426808140126,2.04796084436914
2023-03-22,2.5078189508987982,2.0045385703033496,2.0093149845772
2023-03-23,2.5412327989506602,2.0399691828183935,2.043142610304618
2023-03-24,2.5447898375339983,2.0183794487738083,2.0202320404348697
2023-03-27,2.525069201701296,2.02989038446425,2.043072328736612
2023-03-28,2.5103143204478537,2.020690942207493,2.034599412615936
2023-03-29,2.5587997434974823,2.053391484363667,2.07070169940593
2023-03-30,2.5802200914255473,2.06522035264994,2.0824619732688743
2023-03-31,2.6263674537037183,2.10380213892754,2.1192774511186525
2023-04-03,2.626948503592144,2.1114039987053075,2.1253538441253084
2023-04-04,2.6245832937218454,2.1027652755108974,2.1188055985155034
2023-04-05,2.5897767527547644,2.0891690482614336,2.1071017367112623
2023-04-06,2.6103731208180787,2.090693420856726,2.104156202270942
2023-04-10,2.5975031355195672,2.1024185293396638,2.116850392167416
2023-04-11,2.568719402322593,2.0962883850902645,2.1112994952933546
2023-04-12,2.552238950186822,2.0794887040081775,2.0957841715988255
2023-04-13,2.6183225754884223,2.1088173796697562,2.123357326172052
2023-04-14,2.6209166459676747,2.114459204410483,2.1270152753849683
2023-04-17,2.6226593045557336,2.1173289603274306,2.1293703694553727
2023-04-18,2.6320736976391044,2.127085389294596,2.142869206713652
2023-04-19,2.639283206071358,2.1173550785154007,2.135149566496655
2023-04-20,2.6200899439196133,2.0796093037465897,2.0771344873689874
2023-04-21,2.6269771270026427,2.083319889158533,2.087174409218743
2023-04-24,2.613559901891757,2.0649683454914762,2.059378610182936
2023-04-25,2.5564298095039035,2.0201439287585528,2.0187105470620708
2023-04-26,2.59139868050671,2.0274450752310145,2.021551776042581
2023-04-27,2.6617428856593697,2.0797528734289337,2.07532174697917
2023-04-28,2.6682576008811645,2.103493347108352,2.1003138693053467
2023-05-01,2.6655466229465876,2.1177355881060342,2.117483004588981
2023-05-02,2.6365821935434193,2.0712790114936444,2.0785121421941883
2023-05-03,2.6250607546908693,2.0611608298032222,2.0663399175041754
2023-05-04,2.611848716093491,2.0469315161159245,2.0524151860774373
2023-05-05,2.6894575233028406,2.098359514827634,2.0998411279581513
2023-05-08,2.7108224388943043,2.128365252109161,2.1207909724027325
2023-05-09,2.7005480733197302,2.1162084586207555,2.1044530397876917
2023-05-10,2.746276247722428,2.129586680827113,2.121869459280118
2023-05-11,2.753409924197161,2.1303739609977486,2.122260968903611
2023-05-12,2.7385911159136103,2.12828453512326,2.1161966410337416
2023-05-15,2.7479095399794504,2.134225775700992,2.124766743000148
2023-05-16,2.763967205288273,2.1249893180657615,2.1213611246826494
2023-05-17,2.8034963190548674,2.1578019270007225,2.1574632850172035
2023-05-18,2.8623736509259583,2.2061459783327164,2.2105517498519585
2023-05-19,2.8461814480565177,2.1927548633487577,2.1969935287657543
2023-05-22,2.8492495105470486,2.1968825062588277,2.201794069342325
2023-05-23,2.8054061142280973,2.1514423305607866,2.1585868716871834
2023-05-24,2.8146972818703326,2.1593574969915785,2.1604777178421135
2023-05-25,2.911968586405841,2.2690633413004413,2.282642363816797
2023-05-26,2.9759987701921045,2.3112700532014716,2.327512460351224
2023-05-30,3.0043524038063243,2.31821425900368,2.3385448934922146
2023-05-31,2.985750297849943,2.289509699136513,2.3108761550347574
2023-06-01,3.018847997150258,2.3184740549291565,2.3365365652904346
2023-06-02,3.0309164680793894,2.3300144589423923,2.340643520960875
2023-06-05,3.0294954919363994,2.326423209982684,2.34350136943692
2023-06-06,3.034502381733478,2.3332844729063216,2.3429709114701005
2023-06-07,2.962823656442172,2.3232268242347236,2.301958178746262
2023-06-08,3.004204438151518,2.376547994526187,2.343778596707275
2023-06-09,3.0171671953433,2.3893034345052127,2.3584180759108495
2023-06-12,3.0586222591251357,2.419239888420694,2.3900649021122944
2023-06-13,3.0706068780375015,2.435345725760343,2.4078276104630714
2023-06-14,3.0944808135387674,2.4596838814623627,2.435257130725518
2023-06-15,3.1297678045487998,2.465114958881524,2.456968422731403
2023-06-16,3.105665389328139,2.441997735750119,2.4400888486027146
2023-06-20,3.113467513383128,2.4441642234288232,2.447447647520936
2023-06-21,3.0674775395041562,2.416537610277165,2.4107997484920163
2023-06-22,3.1202105672761817,2.4339298272869363,2.440893030841726
2023-06-23,3.0942489397981534,2.410365493066768,2.415720394456401
2023-06-26,3.0435533583754535,2.3813878129947144,2.3813242632706952
2023-06-27,3.0864572660103273,2.4264806485992385,2.423592975258364
2023-06-28,3.101086703341433,2.4411202075525344,2.435547785794499
2023-06-29,3.092566379878353,2.4333399361988337,2.4265369900123526
2023-06-30,3.1474734757996736,2.4805342390448777,2.4717458428531183
2023-07-03,3.141760627255838,2.4819645900331904,2.4731958999468837
2023-07-05,3.146373483600988,2.4838532304892538,2.477427720634274
2023-07-06,3.1272083298649007,2.4627070860227267,2.4562035462714418
2023-07-07,3.120382344835178,2.4526289356894946,2.4460917125280037
2023-07-10,3.0968344659141374,2.4512660598319953,2.4442038736770577
2023-07-11,3.122165221150744,2.4742357570240148,2.4676526419686597
2023-07-12,3.1624741833793997,2.4787035916795497,2.47029886889
2023-07-13,3.2263829570201077,2.5156800906963355,2.510144778891517
2023-07-14,3.22343328538904,2.5030913241201542,2.499224499823153
2023-07-17,3.2446981267905275,2.5360755226242544,2.531402665570194
2023-07-18,3.2659540167845416,2.5548552154855995,2.549100274793304
2023-07-19,3.280214420962651,2.5727655304529358,2.5634382455396922
2023-07-20,3.203203454226551,2.5203092106680813,2.509631535330173
2023-07-21,3.185113274410859,2.499370258067715,2.491220538157336
2023-07-24,3.188535513366929,2.495985303486171,2.4892525392266713
2023-07-25,3.209096311787589,2.5045035364789983,2.4975818167380472
2023-07-26,3.217226974791001,2.5086311886600416,2.5005398680523836
2023-07-27,3.2028809052038905,2.503996419267395,2.4973349061460794
2023-07-28,3.2576978635026075,2.5411100070461003,2.5336420284403824
2023-07-31,3.2716687417474444,2.557295202847652,2.5489718931309224
2023-08-01,3.260374941088373,2.557123658768141,2.5513823836339022
2023-08-02,3.177419259922446,2.5000022890926314,2.4843072161813047
2023-08-03,3.1663838974894882,2.4945080893542877,2.4815331934709675
2023-08-04,3.1446427299232447,2.4227729648645333,2.415499249719491
2023-08-07,3.159740251465667,2.4156896873772475,2.41466507594194
2023-08-08,3.136299851962706,2.401216034620702,2.3953511474753886
2023-08-09,3.0836721864803702,2.3757193275448034,2.3686625347130192
2023-08-10,3.093631695215722,2.3819675335165504,2.378388874043817
2023-08-11,3.0778928139280417,2.3820557100292987,2.3769352791831646
2023-08-14,3.1347989506195977,2.4204239859419046,2.4206295028718174
2023-08-15,3.099068703175068,2.399546453555952,2.3999348101398894
2023-08-16,3.07373548806608,2.3810222819217484,2.381037664054059
2023-08-17,3.0433821751673458,2.350209442869219,2.3506250490274385
2023-08-18,3.0402602124130413,2.3556047864538647,2.354558865647579
2023-08-21,3.109592249768046,2.426053054548835,2.439709753001783
2023-08-22,3.1022536132917007,2.4124198019176806,2.422740571389024
2023-08-23,3.157948908013077,2.4488072795815685,2.4579704122492823
2023-08-24,3.0902729837490233,2.400478274660284,2.409021683531467
2023-08-25,3.1136794742682095,2.422021380455642,2.429554479747727
2023-08-28,3.1353607391490246,2.442588942024526,2.447407670921653
2023-08-29,3.194621829870873,2.481919250229427,2.487505129034894
2023-08-30,3.228609118645952,2.5139692239736027,2.517777677077529
2023-08-31,3.255401886233338,2.5361909963057427,2.5458289071048794
2023-09-01,3.2565873767302276,2.528313526778014,2.5386620230087225
2023-09-05,3.259720187068555,2.5089494828961945,2.521712612583214
2023-09-06,3.2107310597373413,2.4941655398081637,2.5053098013896653
2023-09-07,3.1840920465049263,2.491086026568115,2.5024322530882563
2023-09-08,3.197271731633075,2.4969638988905096,2.508692791395295
2023-09-11,3.2237241570280326,2.5131417548535793,2.5243191588323746
2023-09-12,3.1807751354266296,2.488612863342859,2.498039249955237
2023-09-13,3.18350615046907,2.489951241314748,2.499265212672004
2023-09-14,3.1978896860990216,2.4919168387188932,2.5038895867941617
2023-09-15,3.149262224149174,2.456493890965614,2.467845237505366
2023-09-18,3.163882324570383,2.468519825524007,2.478939006374685
2023-09-19,3.1551791613330527,2.462893510540997,2.4736725708121314
2023-09-20,3.093044328996881,2.4317583411855757,2.43982277463412
2023-09-21,3.0360612946845453,2.395223139693936,2.40313674299571
2023-09-22,3.0346321246345447,2.3903138146857694,2.399645714366862
2023-09-25,3.0531274302003166,2.397172400857657,2.408570563019686
2023-09-26,2.9939234919206936,2.353017157240436,2.36471421058385
2023-09-27,2.9988096686269663,2.3598896240400795,2.3732490110694777
2023-09-28,3.0143508061938284,2.3723677541443764,2.3870335620440724
2023-09-29,3.02187576540163,2.367789430651725,2.381820134316426
2023-10-02,3.070123030666734,2.383871971825914,2.4001715877038676
2023-10-03,3.010453108635169,2.3338868633852075,2.351756128274473
2023-10-04,3.0477736927284154,2.356831253814509,2.37721601828123
2023-10-05,3.0585469966082885,2.3483667614758716,2.3693995880673624
2023-10-06,3.122520591232743,2.3997404312714314,2.4203055245041294
2023-10-09,3.137572855110414,2.422068155839504,2.4408125460708536
2023-10-10,3.14106406135142,2.4345206052283186,2.4529996542513404
2023-10-11,3.173819805328582,2.448832393552623,2.4688163016733102
2023-10-12,3.171319848720629,2.4293253756098405,2.448867595226798
2023-10-13,3.131615782011586,2.4043910147576684,2.4217809891067867
2023-10-16,3.165744096533202,2.435687778013219,2.4553351066703044
2023-10-17,3.142276517088844,2.429529245863679,2.4471157263220915
2023-10-18,3.091127550110755,2.4011508969467403,2.4153020056057253
2023-10-19,3.1002622655439662,2.3834076010826872,2.398274796023043
2023-10-20,3.0446191637666344,2.3447014296062467,2.3621086119471273
2023-10-23,3.0671076120453074,2.3549770383788142,2.373143963964514
2023-10-24,3.0971587392061894,2.3915566370347054,2.4100021165584566
2023-10-25,3.007769257375005,2.308121247368751,2.3185490188825484
2023-10-26,2.939506963400845,2.259836972114085,2.2764295206986223
2023-10-27,2.969946070934279,2.2632101014776396,2.283636360112912
2023-10-30,3.024224104318012,2.3064000749815263,2.3292461210883415
2023-10-31,3.0326244273367546,2.328718163968816,2.348360709723002
2023-11-01,3.094827377655047,2.3531455522537845,2.376660459430342
2023-11-02,3.1488348386428933,2.3879713950917436,2.4089905960376607
2023-11-03,3.170477120228343,2.400809296114522,2.4228871966617658
2023-11-06,3.195550358510505,2.390765015497695,2.416416098783473
2023-11-07,3.2362888823081635,2.4024033716526496,2.43114414505299
2023-11-08,3.250507822224734,2.4071418674294947,2.4385612362045705
2023-11-09,3.2403706685624685,2.396999801930793,2.4283651902061636
2023-11-10,3.310730810518853,2.4487754127767825,2.4827632926952954
2023-11-13,3.3034466044632507,2.4589763062663184,2.4937166628400425
2023-11-14,3.360098105579068,2.4982650692337502,2.535775809911084
2023-11-15,3.354590576209629,2.5033794139843377,2.5344550287427405
2023-11-16,3.3793422652741345,2.479379252119536,2.5123454485935897
2023-11-17,3.377285274402972,2.5033889838294083,2.535814298205892
2023-11-20,3.4219348258164106,2.5374381824654333,2.5717583495009313
2023-11-21,3.405249573272182,2.548093623814528,2.582922441404514
2023-11-22,3.4177482280748093,2.5574622572094743,2.5930581578901504
2023-11-24,3.402262135109142,2.56822347021627,2.6007985458478267
2023-11-27,3.408368648454731,2.569994442293619,2.6061701236976456
2023-11-28,3.4140811619398317,2.563405618394099,2.601897564452009
2023-11-29,3.4207401147316787,2.5997445235026495,2.640012693351792
2023-11-30,3.4460959661571207,2.6117957656930537,2.6471395957779236
2023-12-01,3.4617989491797796,2.6254100983123667,2.657510412692238
2023-12-04,3.4046882146380555,2.6105465648306923,2.639386479569232
2023-12-05,3.4474489166034434,2.609604487422941,2.6428132098238977
2023-12-06,3.4133242540849884,2.5804695341931367,2.6131011567783555
2023-12-07,3.4654075461650806,2.593743216275609,2.6264141599524398
2023-12-08,3.4860897858306408,2.5939933839590306,2.6291737771422086
2023-12-11,3.4591458603174217,2.6157772145349547,2.6470188130461754
2023-12-12,3.49157806172588,2.6413766878192697,2.6717120370959413
2023-12-13,3.5279553089424516,2.6776489108541566,2.7068857490675082
2023-12-14,3.513950243406369,2.6777325457194094,2.699687512141541
2023-12-15,3.5405784841351324,2.6917880120570277,2.714245322710907
2023-12-18,3.5708205278783645,2.702952179820358,2.727001558043259
2023-12-19,3.580694654297498,2.7191697226922997,2.7409469446488943
2023-12-20,3.538535359277839,2.6825706183467335,2.705036633362515
2023-12-21,3.5740193566610396,2.7060294406141945,2.727146041944074
2023-12-22,3.5668431410476247,2.7124261687117666,2.7327130104405115
2023-12-26,3.570609631217926,2.728792292724042,2.748071767494159
2023-12-27,3.5678810944094232,2.723813275464235,2.742754256085404
2023-12-28,3.5699652017449934,2.721196823701049,2.740343758027988
2023-12-29,3.5542315592714124,2.7092716547674005,2.729279603534809
2024-01-02,3.4740678740353994,2.6668428942331714,2.679136856420478
2024-01-03,3.451167548881685,2.643289803553361,2.652595634385675
2024-01-04,3.421572657272241,2.64065000304025,2.6513024913261827
2024-01-05,3.4281105990036784,2.650843144189917,2.6605696754621655
2024-01-08,3.527930246242284,2.7055710388838876,2.7231431065670364
2024-01-09,3.5497121202704083,2.7214859125205484,2.7385562484646053
2024-01-10,3.591346061455001,2.737781491560384,2.7565462837521775
2024-01-11,3.6130771178740417,2.732643237874372,2.7541492983418454
2024-01-12,3.618586213240385,2.736873243129923,2.760219215469823
2024-01-16,3.6140178214378205,2.7443862600726665,2.7680134849473497
2024-01-17,3.596605596788134,2.720440195253213,2.7444841950756937
2024-01-18,3.6633410800478905,2.755926294415837,2.780071526659492
2024-01-19,3.7313111559214196,2.8086667307685684,2.8311489180317686
2024-01-22,3.7477887672126418,2.8353207085916723,2.859296050210452
2024-01-23,3.759852167045912,2.842523999591772,2.8636071735867374
2024-01-24,3.786339647459188,2.8482125982098085,2.8699720333255367
2024-01-25,3.8071804348675813,2.8545855379492027,2.8722845452526156
2024-01-26,3.804866489961456,2.8508351818071977,2.8606969457358336
2024-01-29,3.84737562090994,2.88477950711271,2.900154435480057
2024-01-30,3.8157049677972164,2.892905104209479,2.9101091756596484
2024-01-31,3.713939934051129,2.849976278155336,2.868229898317648
2024-02-01,3.7695452241230765,2.8805318872590533,2.9057730575753404
2024-02-02,3.8361566792499224,2.8965297242505184,2.9201969844557496
2024-02-05,3.8626902145508293,2.8881992544140647,2.911884572731448
2024-02-06,3.8608737884218813,2.8851886805641063,2.908416153690887
2024-02-07,3.9086429876786246,2.9265393944026,2.948651796625267
2024-02-08,3.9134196629565827,2.9253467614006508,2.9520977486139577
2024-02-09,3.96585730076281,2.953625095167486,2.9780487732890117
2024-02-12,3.931614293400766,2.942198491927952,2.965708602452825
2024-02-13,3.880384590934166,2.916683897804697,2.941497898849103
2024-02-14,3.921081890908104,2.9561469554558646,2.981787058110998
2024-02-15,3.904575187672697,2.97045534238065,2.996691204524783
2024-02-16,3.874285215662457,2.917733788741712,2.940877302673657
2024-02-20,3.833641497985335,2.892294057985023,2.9117410361295955
2024-02-21,3.794212761748598,2.84674965144997,2.856285811736002
2024-02-22,3.934746818132191,2.8990252857349668,2.911210550682797
2024-02-23,3.928686026746919,2.9235731889895615,2.9430654122937554
2024-02-26,3.920933103189699,2.9342601556106462,2.954150964962753
2024-02-27,3.935013463785634,2.9486632355073956,2.971061116986733
2024-02-28,3.915061578681676,2.955002800903,2.97986073131341
2024-02-29,3.955679095393605,2.966508287216207,2.990912946278545
2024-03-01,3.9785516528413214,2.971717518005946,3.0063495534950837
2024-03-04,3.946199287676475,2.9720849225881785,3.008987737114639
2024-03-05,3.8602283156597936,2.9243413704461876,2.9646357529402496
2024-03-06,3.873449094400195,2.9928197870525626,3.021895122181714
2024-03-07,3.921527002294349,3.0230636623638927,3.0502978078764333
2024-03-08,3.9056800258814492,3.0033222755384426,3.030479593634567
2024-03-11,3.908322100208453,2.9947339261862727,3.024830338652838
2024-03-12,3.9740809505332386,3.036976904508531,3.0648601818966617
2024-03-13,3.9633162660898007,3.033785392559898,3.0593374528162394
2024-03-14,3.983776846268143,3.0259366688984524,3.0499846961912582
2024-03-15,3.9323003263423852,2.985016085187841,3.0098981403511136
2024-03-18,3.980338386426634,3.0141441036665184,3.033983970118194
2024-03-19,4.008261228357557,3.013723773295996,3.037182085998757
2024-03-20,4.060573151353407,3.057539924610702,3.0799951187043173
2024-03-21,4.02665236127164,3.0755200387929627,3.096481219420938
2024-03-22,4.051883644887502,3.0484651221249557,3.0726006600005373
2024-03-25,4.037773285750219,3.042012761306231,3.0691085051642912
2024-03-26,4.017512166547928,3.048877621576758,3.0751221624289244
2024-03-27,4.0246168629530015,3.059213906591108,3.085625759761695
2024-03-28,4.01425906220232,3.0596958739712634,3.08752469206312
2024-04-01,4.022934065231161,3.057215140400582,3.088269661389652
2024-04-02,4.003921690501409,3.0548075740435565,3.0859338508151177
2024-04-03,4.010416806299053,3.05408741617165,3.0860774787946976
2024-04-04,3.940115978819609,3.005031976886858,3.032230574873079
2024-04-05,4.003644766368824,3.0379465570793625,3.0714709689015556
2024-04-08,3.996520616404004,3.037310805798994,3.071519249004651
2024-04-09,4.00392521033557,3.026745540235063,3.0555991129027826
2024-04-10,3.9911210691192034,3.002025967780146,3.0384856622925827
2024-04-11,4.083584804920756,3.0104536513972366,3.050205224174898
2024-04-12,4.046480677358706,2.9725867764154126,3.010741583913049
2024-04-15,3.943131987688644,2.938871030790261,2.969259426518103
2024-04-16,3.937991841560009,2.936141133340897,2.9688906314481653
2024-04-17,3.903177600104295,2.919006622888135,2.9503579128062096
2024-04-18,3.8816837203089385,2.909370651524426,2.9415921048716442
2024-04-19,3.793495836283712,2.9137376452627657,2.9328858261875816
2024-04-22,3.842148239922965,2.9273879689073947,2.9528809921635446
2024-04-23,3.902789319111644,2.9761188874526523,3.0033376239840632
2024-04-24,3.894816926826521,2.98634816173512,3.0062302754388917
2024-04-25,3.8821089905320827,2.96073547284415,2.986629013559785
2024-04-26,3.9768044436626293,2.978277940239612,3.0058838604951483
2024-04-29,3.991571949580104,2.992236262994828,3.0168158401265814
2024-04-30,3.904050389667362,2.9437230895979014,2.965945272169375
2024-05-01,3.8979138314026525,2.9337894333980277,2.9546100196862035
2024-05-02,3.9771218691360164,2.9921862418974072,3.015715653914131
2024-05-03,4.082745516537473,2.997412749696436,3.024244003496888
2024-05-06,4.121341363033732,3.0403942420103562,3.071487974496011
2024-05-07,4.118593378278516,3.0209441993847506,3.043565559035078
2024-05-08,4.117670326412208,3.020193657766698,3.0428510541848
2024-05-09,4.1203055790189556,3.036943724427117,3.0555307416136492
2024-05-10,4.118782291510672,3.0460762834137363,3.069225020612331
2024-05-13,4.141948665663833,3.0455158926762214,3.0676495006161435
2024-05-14,4.163891854652115,3.0676620523717575,3.0941006561996303
2024-05-15,4.230995672435112,3.083010319001114,3.1119875324226327
2024-05-16,4.221666514032468,3.078628067454764,3.1074500378928684
2024-05-17,4.22555919484069,3.0969451083445128,3.125306931585699
2024-05-20,4.257243956588472,3.1124885116051044,3.144915644063168
2024-05-21,4.265715831772774,3.113966162347674,3.1497958069790726
2024-05-22,4.246628843346555,3.1044884189399053,3.137560354967432
2024-05-23,4.234150001501309,3.071905479726104,3.116910965861875
2024-05-24,4.272226297766954,3.11105036908658,3.163604185983846
2024-05-28,4.303270299565337,3.1086337151645824,3.1709311424077993
2024-05-29,4.307082753908859,3.0824332479463816,3.146972925992742
2024-05-30,4.153775824313121,3.087061141708244,3.143831590892504
2024-05-31,4.188945496734489,3.1153334400155486,3.167962582133539
2024-06-03,4.226713052441341,3.1198841489249847,3.174550346120922
2024-06-04,4.236876189707303,3.1198669535777657,3.173115433519404
2024-06-05,4.307182785659788,3.1570180475958622,3.2116511130868672
2024-06-06,4.319359766867599,3.130346763526989,3.182418702382095
2024-06-07,4.326979926807607,3.120086594642668,3.1740351720814886
2024-06-10,4.330663253317956,3.135123536345784,3.190846648117643
2024-06-11,4.422835635883854,3.104177790399137,3.1556792397064206
2024-06-12,4.478187624248923,3.1117061932718193,3.1620145596994176
2024-06-13,4.469887813168991,3.114182593645566,3.1664317054239106
2024-06-14,4.482973257152422,3.1205678056564903,3.1720395112466657
2024-06-17,4.516708853119079,3.1526361585310414,3.2040270640762403
2024-06-18,4.5126737609138,3.1746387429612546,3.2270878250674975
2024-06-20,4.499335548042193,3.1510177103551658,3.2029185857086175
2024-06-21,4.504176076748792,3.152820104463891,3.2019351004018244
2024-06-24,4.446618718430927,3.1233576457942696,3.170073209380706
2024-06-25,4.512767805432391,3.157271168246025,3.2049908486169163
2024-06-26,4.563044813674327,3.155698003946495,3.203838921005958
2024-06-27,4.599767471010227,3.144071954367193,3.190222081252619
2024-06-28,4.552256065091536,3.158246751489534,3.2031666082048633
2024-07-01,4.617393949501742,3.1831793309975676,3.2354010800352024
2024-07-02,4.6505015517516135,3.187193432448637,3.2427984901797466
2024-07-03,4.6912571901295355,3.1838384968848894,3.241946753301912
2024-07-05,4.744261111799005,3.1954732735338918,3.2522729170082956
2024-07-08,4.739008614857533,3.195096143422766,3.251552284108881
2024-07-09,4.739031197764259,3.2107162761577874,3.267790026913665
2024-07-10,4.789229436338546,3.2329719300846835,3.2890032908437083
2024-07-11,4.675383999032532,3.1841535554172276,3.2285395617657078
2024-07-12,4.706457431139953,3.188649234222673,3.234688969504664
2024-07-15,4.731563064996157,3.2052637941726716,3.2571498432042993
2024-07-16,4.723135842727163,3.216265656892276,3.2637343343002447
2024-07-17,4.60784880996859,3.196697029009818,3.2291244874577867
2024-07-18,4.5519591911790585,3.1674000114045917,3.1973392197879664
2024-07-19,4.518240043235365,3.1440835260928957,3.171355708537933
2024-07-22,4.560245482434052,3.1345171864055814,3.176629151961542
2024-07-23,4.577027137278755,3.1138211812857066,3.1617588215468713
2024-07-24,4.414581507347377,3.0963205350223544,3.1173520908606362
2024-07-25,4.380033233306368,3.080341071765273,3.096656357421298
2024-07-26,4.421698859550946,3.083397492910322,3.107679858059114
2024-07-29,4.423820212452118,3.087598235485891,3.113471521871644
2024-07-30,4.37832836733228,3.0734482038474544,3.090353707197232
2024-07-31,4.478070073751899,3.1266708299330324,3.1500460197831397
2024-08-01,4.3893729943718975,3.0886565465097395,3.1147174443182717
2024-08-02,4.286276181744771,3.007729484362291,3.0242359855965693
2024-08-05,4.115404525234141,2.9003585779622485,2.9173693698936662
2024-08-06,4.139662111736465,2.938127191958879,2.9571270349205703
2024-08-07,4.13098686175142,2.9315708515789556,2.9539038006040492
2024-08-08,4.234628644736883,2.993391714164696,3.016003668881025
2024-08-09,4.27605625335737,3.0185757500210006,3.0419239320364566
2024-08-12,4.296257196423252,3.030515748411132,3.0547470410511557
2024-08-13,4.387663615873247,3.0739447952472343,3.0947619517132003
2024-08-14,4.402191327007379,3.0960653356248504,3.1177895014721555
2024-08-15,4.495742324080712,3.124744130833602,3.147829811402156
2024-08-16,4.513008517886004,3.1550231840349667,3.176760838474803
2024-08-19,4.567861891316584,3.1893348466123084,3.2093365276908483
2024-08-20,4.568897667937147,3.1755823130642375,3.1955486765831367
2024-08-21,4.570360180971972,3.1692068384189698,3.1925617835098272
2024-08-22,4.50042669366847,3.154120230573235,3.1794879308252293
2024-08-23,4.561300753020414,3.193268984115355,3.2148498566220876
2024-08-26,4.547343511916585,3.1959779605863785,3.2183721334082005
2024-08-27,4.5506923628462355,3.2093655338895686,3.2332228037082165
2024-08-28,4.498808349035183,3.2026300663993874,3.2276197487138356
2024-08-29,4.495151361654814,3.1981489263642553,3.226780451101295
2024-08-30,4.5251058685997565,3.216351132739603,3.248316511050155
2024-09-03,4.384346624165796,3.164108016988025,3.2013344514371704
2024-09-04,4.34787761593832,3.1535251574913907,3.190663752171641
2024-09-05,4.370816223924187,3.160400084877522,3.199188199882853
2024-09-06,4.278240134368631,3.096157474777608,3.14265538679002
2024-09-09,4.318574890432803,3.1411597187727627,3.1884271551168104
2024-09-10,4.342896529695769,3.1357523407284256,3.182328548098808
2024-09-11,4.440667239633948,3.1834966025931015,3.2231892750164075
2024-09-12,4.48774947363221,3.211062274636275,3.2498750261944367
2024-09-13,4.507928099850534,3.2376153337237765,3.2784553728463504
2024-09-16,4.473239499045192,3.253627390361375,3.2977141375224948
2024-09-17,4.48407981114654,3.2648143381142267,3.302642127105687
2024-09-18,4.480870046335624,3.2585337803725176,3.2949476118897056
2024-09-19,4.610486361612196,3.332163845178736,3.355312970275915
2024-09-20,4.615413659515538,3.3283964839539677,3.358010866754254
2024-09-23,4.60046773537069,3.332345201334735,3.3598677910723715
2024-09-24,4.631098519217761,3.3527494193192684,3.3817342980399463
2024-09-25,4.637572353944683,3.349993615964964,3.3770912794269243
2024-09-26,4.648307960306683,3.3759566631341906,3.3988776669310417
2024-09-27,4.63521915512374,3.37104066308236,3.4028298739825122
2024-09-30,4.664761634345459,3.395220761370442,3.4288168402267862
2024-10-01,4.581028004598174,3.3591290721418376,3.3948187503756917
2024-10-02,4.604646317529051,3.3881199875966717,3.4225299056892053
2024-10-03,4.609746619924762,3.392682536251135,3.421760779305733
2024-10-04,4.666677733331842,3.4250800968859254,3.4538528910358663
2024-10-07,4.593951827791436,3.411541399134306,3.4311820336990144
2024-10-08,4.678027009360849,3.43646735332157,3.4548387392098316
2024-10-09,4.7040207439676935,3.463483001567324,3.48390508605558
2024-10-10,4.723149641450965,3.4295694982047484,3.4531100836733946
2024-10-11,4.727688277187833,3.459576192063538,3.4809810171310676
2024-10-14,4.772720851131728,3.4728403666804697,3.48981107991288
2024-10-15,4.753377641279815,3.48290612168039,3.5047996363962337
2024-10-16,4.764560690229831,3.484590146267704,3.505343921800942
2024-10-17,4.769355037623958,3.49910162220835,3.5161032726037296
2024-10-18,4.810102197794031,3.5047507483888345,3.5315825049911727
2024-10-21,4.837775019695077,3.5040167734291794,3.5286700227851955
2024-10-22,4.843606074207608,3.4960271391845508,3.518498297904657
2024-10-23,4.753407851419551,3.5137343293396155,3.535171161421122
2024-10-24,4.767595028229399,3.504837928038997,3.5266593767337175
2024-10-25,4.797983519201345,3.4876813276745287,3.508347827907958
2024-10-28,4.818947189081065,3.5340608587333615,3.5525789838549717
2024-10-29,4.860947308789741,3.5343835000695627,3.5571248023534574
2024-10-30,4.84942010155197,3.5154456531207314,3.5398178879364646
2024-10-31,4.7281777713685935,3.5084676173952825,3.548293871076935
2024-11-01,4.769401926238857,3.4954295297995532,3.530082391349607
2024-11-04,4.75449756567196,3.484425454219082,3.5175255701072974
2024-11-05,4.803777034143814,3.517614922741371,3.5521091473204924
2024-11-06,4.924543134567633,3.6504582053068573,3.680365264276692
2024-11-07,5.003689952235045,3.6440250761892172,3.6654077468965167
2024-11-08,5.003211590841142,3.6698372149831693,3.6939896735187623
2024-11-11,5.024229371131924,3.7159273038854197,3.7370445450578287
2024-11-12,5.051649896898342,3.720145876477602,3.7372928326802994
2024-11-13,5.06416081467955,3.7271217766772047,3.742126350158803
2024-11-14,5.057222995446477,3.7250106024616096,3.74053672779581
2024-11-15,4.956401023283208,3.7135441807866156,3.737078835917736
2024-11-18,4.9742253835202614,3.741514492158234,3.769598925999494
2024-11-19,5.030887809854027,3.763454495177283,3.7872592592377625
2024-11-20,5.024135803182246,3.786257637040831,3.810674738511816
2024-11-21,5.009586134983067,3.819634637795051,3.8462156036487856
2024-11-22,5.008181864166906,3.8332602763499084,3.862627761077233
2024-11-25,5.020600781201833,3.817173746804046,3.8479656130481175
2024-11-26,5.082415576109358,3.8334535070286764,3.862131751815755
2024-11-27,5.0353762594853935,3.825454890917526,3.8616687695756604
2024-11-29,5.069904959043671,3.841089629992277,3.875536006398224
2024-12-02,5.115451919111486,3.8267490352604536,3.8663251332360424
2024-12-03,5.149108910058389,3.881581388149926,3.918449469788276
2024-12-04,5.276177107122699,3.936097593078999,3.975743892121235
2024-12-05,5.273918401975895,3.958291141366808,3.999872567457017
2024-12-06,5.295133504466279,3.9631817923137467,4.013161168450872
2024-12-09,5.268633280498328,3.898672478986191,3.9439777151940847
2024-12-10,5.282299120307238,3.889552599404427,3.9390912658766277
2024-12-11,5.372095999778625,3.9345077282113006,3.9887800331921697
2024-12-12,5.36478211032424,3.95200487603045,3.9966913658497725
2024-12-13,5.328732162010486,3.945033249013704,3.9898080652430963
2024-12-16,5.393643089621345,3.926337086435319,3.9796801868876064
2024-12-17,5.3816854730468116,3.912891955953415,3.9657786328471474
2024-12-18,5.212255853818149,3.8048050504682993,3.847506358970445
2024-12-19,5.2429460938577765,3.824201056066121,3.8691747211635157
2024-12-20,5.323345469484898,3.8807370850027647,3.919291289156201
2024-12-23,5.3572526812570205,3.8944453630279634,3.9279720449581608
2024-12-24,5.411141265697975,3.9316798020551817,3.966704460281384
2024-12-26,5.399787550437327,3.9339912449061223,3.9666856434660493
2024-12-27,5.321880764206226,3.8946566850230013,3.928026358675925
2024-12-30,5.2711970839240285,3.861127134053527,3.89194803494019
2024-12-31,5.223910365980705,3.8447176730470147,3.877798750109127
2025-01-02,5.195344431476788,3.8399679073784134,3.8776839848153646
2025-01-03,5.255597943181376,3.8646832211150453,3.900397719561879
2025-01-06,5.3121096195829685,3.8930843031070865,3.9283007247563657
2025-01-07,5.215196390752784,3.842584270724826,3.8826855666728335
2025-01-08,5.216735493906685,3.8445367313797014,3.8839056521554127
2025-01-10,5.108562366382914,3.757033877120406,3.7913795847214544
2025-01-13,5.072744575995574,3.7463649864734987,3.7855353500083635
2025-01-14,5.065448201380784,3.763141480473999,3.8094665070191303
2025-01-15,5.1739565090561515,3.8308922121514506,3.8750122658977255
2025-01-16,5.084567432946877,3.8016423979779317,3.855684181850742
2025-01-17,5.153013739197072,3.8448617295074747,3.8991698350096846
2025-01-21,5.156489514222882,3.860877296476659,3.9170325167205813
2025-01-22,5.2564757935851665,3.933311489067086,3.9973849582197083
2025-01-23,5.26948086521107,3.960296329216958,4.026221404430218
2025-01-24,5.24529199919602,3.9718494441549788,4.043990677396502
2025-01-27,5.180996200351686,3.9916737377348355,4.0764817140149665
2025-01-28,5.354142842291986,4.064995065823854,4.134930152784974
2025-01-29,5.311351677501363,4.0643184687424085,4.139575138732326
2025-01-30,5.263497214189023,4.078481962790567,4.156491012835841
2025-01-31,5.2430350344178684,4.049664569960413,4.127789207330918
2025-02-03,5.158621138656741,4.078048585544446,4.161290031428085
2025-02-04,5.238685876197815,4.0983109969201434,4.170101180856354
2025-02-05,5.227042900401959,4.157631101073689,4.234312820752411
2025-02-06,5.232881468603937,4.103312022758497,4.17844072377017
2025-02-07,5.143847474714831,4.08629694388988,4.166569002465708
2025-02-10,5.183453042113992,4.0998459971111965,4.17803692196463
2025-02-11,5.198788155496869,4.092466492192496,4.168311431767133
2025-02-12,5.205827467384331,4.123666109021532,4.201903789732242
2025-02-13,5.287878428312734,4.186175264774046,4.267105664024029
2025-02-14,5.3083725247650015,4.195427078611953,4.283753951009725
2025-02-18,5.311603616448475,4.208009594470626,4.29396346492456
2025-02-19,5.314749724271046,4.188666524828641,4.275975591910543
2025-02-20,5.288487480364145,4.127641812027346,4.2137599781717645
2025-02-21,5.177664938812059,4.0445941380931245,4.1277344793898765
2025-02-24,5.144433618218799,4.019794616693141,4.103000243679195
2025-02-25,5.0934214461835285,3.9628868158699446,4.041990275782891
2025-02-26,5.08474106734057,3.9820999620755715,4.064888323358138
2025-02-27,4.94682141678723,3.9558194689067254,4.038983437801626
2025-02-28,5.038053837133223,4.025892576796523,4.1131059077643854
2025-03-03,4.9037364011630356,3.9716905996953296,4.074055605603893
2025-03-04,4.889734881653639,3.8861899258973915,3.9795358729084125
2025-03-05,4.936911292951846,3.89957938533616,3.989053671107477
2025-03-06,4.833455289582747,3.803150210165087,3.886614660462597
2025-03-07,4.851220388640759,3.8190888069729336,3.8985307866268326
2025-03-10,4.653785716647678,3.6800780506442576,3.773131656460796
2025-03-11,4.635433095494876,3.628476300619095,3.7160459949787965
2025-03-12,4.69213756565716,3.6544122169370072,3.742074871086782
2025-03-13,4.572978084254285,3.5751022888612463,3.6693947492232577
2025-03-14,4.693125146685574,3.659222755283882,3.754682688705238
2025-03-17,4.691315095098218,3.6943407774843022,3.8011324107271705
2025-03-18,4.630101488624699,3.6670545987674017,3.7732974194707762
2025-03-19,4.696648563066977,3.7311358236914027,3.842238649729074
2025-03-20,4.680638421871729,3.7090911383688363,3.8173744313293763
2025-03-21,4.717356760337772,3.7159552726144987,3.828111561707395
2025-03-24,4.805762006598552,3.788817214338816,3.8916331325950746
2025-03-25,4.8570224707143925,3.81979759539969,3.9304277873722073
2025-03-26,4.747804199545388,3.7753433295090915,3.8929328120004056
2025-03-27,4.729677010362877,3.780736075327036,3.9059551308901512
2025-03-28,4.588210922297518,3.694438460463651,3.820606779941106
2025-03-31,4.595937726485349,3.716853614193491,3.84482223363718
2025-04-01,4.639358394876743,3.7255407645432306,3.8535546536741183
2025-04-02,4.664911822278682,3.7391389041527012,3.865031283210623
2025-04-03,4.350078049788424,3.6149260405962425,3.7584763754939967
2025-04-04,4.0969529621134,3.3401053288868465,3.475469543024092
2025-04-07,4.090679416078499,3.3491312844134726,3.486264611667919
2025-04-08,3.9993052363796417,3.3051045673499093,3.4431162843747707
2025-04-09,4.5107165518082715,3.59300884988162,3.719909234825816
2025-04-10,4.325054739232764,3.50138376535792,3.634967580147073
2025-04-11,4.4295283699905195,3.575775795189599,3.70072816737595
2025-04-14,4.458200803419739,3.598536672434207,3.72787832364174
2025-04-15,4.458081636479397,3.6366848596755905,3.781432403963507
2025-04-16,4.306663553937671,3.549302043420944,3.7009730885134866
2025-04-17,4.289189872012215,3.5510706342072487,3.7088203526766197
2025-04-21,4.170229020213133,3.45562291624981,3.6224332618516764
2025-04-22,4.292674500284042,3.55450387469563,3.73214870023717
2025-04-23,4.412301642852224,3.6191092316513496,3.793366715141681
2025-04-24,4.551132775091095,3.695695556562305,3.875446140121723
2025-04-25,4.61105589672321,3.6880868770341033,3.8629883272564243
2025-04-28,4.594936262090549,3.7126751114267544,3.89243074212628
2025-04-29,4.618853326412398,3.744164454512491,3.925396020501593
2025-04-30,4.618425481831456,3.7698552366492972,3.9545663654052454
2025-05-01,4.701917811349612,3.786272512201816,3.9615406012953183
2025-05-02,4.712851418419534,3.852890108999529,4.031610351749348
2025-05-05,4.653952835032991,3.8353386864561516,4.002244458183393
2025-05-06,4.640290135708362,3.8397639921509983,4.0171424862017
2025-05-07,4.632777927024788,3.836934297965632,4.02085578964594
2025-05-08,4.678205173544367,3.8537362905065153,4.016022938075538
2025-05-09,4.668066447719085,3.849591019140232,4.0208322931493194
2025-05-12,4.898159506622296,3.8914767766514298,4.024122440212069
2025-05-13,4.962850624562338,3.9264436946361543,4.06375537577265
2025-05-14,5.008032732074758,3.9366661727172203,4.081198692665195
2025-05-15,4.987852451527772,3.9813770618857522,4.146549714443878
2025-05-16,5.005593972592776,4.015662352065386,4.184882018666374
2025-05-19,4.993374449333,4.035948844110169,4.203002173947402
2025-05-20,4.959359639775624,4.030263767624008,4.196684817716252
2025-05-21,4.88706514450774,3.967766055574443,4.145771919841247
2025-05-22,4.909871128491324,3.979319589852609,4.1489873497643535
2025-05-23,4.821504588891048,3.9772696235418605,4.154072261038749
2025-05-27,4.937910793069285,4.064416559875977,4.233756062853842
2025-05-28,4.922830786836728,4.070489251844702,4.239370162464923
2025-05-29,4.917955287735174,4.057827888251574,4.215819432287991
2025-05-30,4.915661672223592,4.10764147047134,4.277115868822344
2025-06-02,4.925706860511709,4.139896158971986,4.32274702400329
2025-06-03,4.952921962359088,4.158216033497314,4.332568379102821
2025-06-04,4.955077499587107,4.13013843402856,4.316375846323741
2025-06-05,4.950149565519254,4.150152546567802,4.362764658133269
2025-06-06,5.039960893447296,4.198431344331321,4.4069527311460615
2025-06-09,5.037023176771794,4.180820519058856,4.359566125973823
2025-06-10,5.05309175021171,4.22431014501346,4.388498700207259
2025-06-11,5.007108439260975,4.264266683412902,4.433630754195772
2025-06-12,5.023624146329825,4.2593619298257535,4.421688625153556
2025-06-13,4.950697293104522,4.187630467361759,4.380576762166863
2025-06-16,5.017792988843752,4.235870744945718,4.430206325942155
2025-06-17,4.989069063256484,4.247839580075125,4.43665202906003
2025-06-18,4.975691581256817,4.183951263287612,4.399015173703367
2025-06-20,4.96966961672886,4.153745709420712,4.3818370565784255
2025-06-23,4.993091750976171,4.218533585861898,4.451260345882568
2025-06-24,5.046379128044412,4.266690968160707,4.502879203860192
2025-06-25,5.087694774290886,4.2464788329573215,4.467944404416263
2025-06-26,5.130503010700022,4.298153238286293,4.52632887617818
2025-06-27,5.181779860639373,4.312639634921074,4.548702097030207
2025-06-30,5.206577655355369,4.364419551480151,4.608884275814167
2025-07-01,5.190344389985118,4.308836769672438,4.526963884717323
2025-07-02,5.239375620075771,4.310725298786164,4.522327112390832
2025-07-03,5.29557268662928,4.3633187655061425,4.571895371144011
2025-07-07,5.243847458525258,4.362293116756614,4.588186344360372
2025-07-08,5.235156473085847,4.328378571334146,4.547059046072588
2025-07-09,5.27607587062063,4.356810757008954,4.575934145367228
2025-07-10,5.259856902826558,4.312660743867667,4.518739717633249
2025-07-11,5.24509151346406,4.281563439347331,4.478927859346403
2025-07-14,5.2410412855642825,4.31793240353259,4.5437608279686135
2025-07-15,5.262574185508116,4.310932244984483,4.538552213736847
2025-07-16,5.2695483407623005,4.335211598126769,4.581261743349079
2025-07-17,5.2985899544434805,4.371052252330081,4.631626931270243
2025-07-18,5.312044432177365,4.381401618944012,4.621092588463784
2025-07-21,5.346541281712384,4.415157578467452,4.655775606838835
2025-07-22,5.333723106748391,4.366459854647512,4.590011870093285
2025-07-23,5.356542219360152,4.372811125326964,4.591753686145672
2025-07-24,5.388114082945922,4.386966210923063,4.603997992984338
2025-07-25,5.399257176113207,4.403125018675578,4.622652090342157
2025-07-28,5.4144360906999625,4.407584524351016,4.61991852043207
2025-07-29,5.375669177932601,4.375715797457728,4.578183517373103
2025-07-30,5.359755182402418,4.401856678396606,4.635254176734802
2025-07-31,5.335702666380847,4.4506793282324235,4.709002058347945
2025-08-01,5.184967934510051,4.351928608933506,4.5905513085471386
2025-08-04,5.2480792419277735,4.427404804202542,4.681098011449168
2025-08-05,5.212022183704666,4.372358018027353,4.620950037154975
2025-08-06,5.325576865190213,4.382519986945994,4.656754546377511
2025-08-07,5.339758620668506,4.327681680207887,4.607715423153314
2025-08-08,5.4290801927985575,4.329270909853257,4.603766216113223
2025-08-11,5.389955287351654,4.331715585491145,4.613759969728958
2025-08-12,5.4385650295869405,4.3942567646147905,4.663830410507745
2025-08-13,5.471869554670444,4.379719817265847,4.63046323131715
2025-08-14,5.481715311335595,4.3847489938478335,4.635716928641703
2025-08-15,5.4942310695235665,4.351381204623916,4.584507354624474
2025-08-18,5.496489072207427,4.358453806368611,4.603170315351744
2025-08-19,5.451641717228972,4.308399440304286,4.540432337721924
2025-08-20,5.402540303573152,4.301217444213952,4.541158401960952
2025-08-21,5.38302632140478,4.286024757838574,4.51778089216457
2025-08-22,5.47496090590061,4.335382411022335,4.552774713455335
2025-08-25,5.474854028147037,4.347665680146897,4.595988727475607
2025-08-26,5.4838830895727675,4.345742427701881,4.589387983168269
2025-08-27,5.5199082068468766,4.362234580756595,4.605265530525717
2025-08-28,5.572824998913463,4.390909785451291,4.639211919098573
2025-08-29,5.541918324415482,4.361675845350524,4.591407962005098
2025-09-02,5.4857185957585495,4.351042386488703,4.5876262572277655
2025-09-03,5.610178991071711,4.38181797626279,4.65699725280696
2025-09-04,5.634696322055386,4.422463885338544,4.686218438534964
2025-09-05,5.61168147261376,4.391608853526644,4.640427391232766
2025-09-08,5.626121720617205,4.391271698802849,4.636071298675219
2025-09-09,5.633212283069566,4.437381441993889,4.706810982376776
2025-09-10,5.556234163595255,4.44248606622319,4.722966847194069
2025-09-11,5.596346177916823,4.487223617263189,4.738627815303877
2025-09-12,5.618322434834702,4.490067029798198,4.745484040855244
2025-09-15,5.686489997318054,4.554945972004478,4.819993477272172
2025-09-16,5.6752098228013335,4.554212242059288,4.807663074736669
2025-09-17,5.67471400880103,4.573330886424768,4.808573748990785
2025-09-18,5.710526021332915,4.587441164202765,4.81438277171829
2025-09-19,5.7937432023001065,4.591030534501466,4.825923539787689
2025-09-22,5.872671398618492,4.608286226335493,4.846442394328351
2025-09-23,5.791741002781187,4.567643538150839,4.789969895732814
2025-09-24,5.760406973305906,4.571879098978794,4.778673960217147
2025-09-25,5.76350464831583,4.5483697073338165,4.758919902790443
2025-09-26,5.781513499438503,4.587695073582468,4.808304999675169
2025-09-29,5.803723354020503,4.584512999580141,4.825678666917104
2025-09-30,5.788923545325579,4.546628690557074,4.804230657618405
2025-10-01,5.80216921352008,4.515114718005206,4.762753887983562
2025-10-02,5.8292247273047275,4.517592389362286,4.760513128880703
2025-10-03,5.823669624218534,4.4739853520779445,4.701156950541388
2025-10-06,5.862055304789811,4.504353483890997,4.729148992264883
2025-10-07,5.825946545920547,4.467473416958964,4.696196589644139
2025-10-08,5.87300786730305,4.481676704772775,4.71427813798631
2025-10-09,5.865364379594325,4.464404955969481,4.706756149076007
2025-10-10,5.6862017032413315,4.3700945087716665,4.611443197644239
2025-10-13,5.785043990349793,4.463590878023125,4.707873940542156
2025-10-14,5.724663020323121,4.509329861252568,4.751453604736323
2025-10-15,5.73472914668996,4.5545247685730725,4.811135793975132
2025-10-16,5.734607057910974,4.498668383459815,4.75462767077612
2025-10-17,5.783686326731729,4.542899651578095,4.770676112786214
2025-10-20,5.915246106141802,4.602555131698132,4.833504968279066
2025-10-21,5.948533723758775,4.621381089564758,4.837236692443553
2025-10-22,5.873522846327611,4.554908127168447,4.748947632498293
2025-10-23,5.905803953483262,4.5867957482699,4.784313658829643
2025-10-24,5.972948195938807,4.635247546112103,4.836425611436433
2025-10-27,6.080012853683275,4.691549141286009,4.888684711787716
2025-10-28,6.133409209106712,4.703766141325565,4.919297268644583
2025-10-29,6.160716244247066,4.694840049293537,4.933458453510593
2025-10-30,6.144005844462177,4.61199710826964,4.808822882912237
2025-10-31,6.209046827312716,4.64606692929676,4.845362303037109
2025-11-03,6.247665614182352,4.6457658518773455,4.856278193244491
2025-11-04,6.165703157311505,4.580899160463755,4.784452443516049
2025-11-05,6.162071680453562,4.552243224091224,4.764765109027472
2025-11-06,6.058746502532708,4.503604635461067,4.706390242332201
2025-11-07,6.048885519480045,4.5279198625770185,4.725615675773246
2025-11-10,6.162173578576826,4.601020634656112,4.812236738746956
2025-11-11,6.205255113796993,4.620601425156127,4.823643965000433
2025-11-12,6.1782863776833,4.599901348083954,4.811361145717154
2025-11-13,6.059515593574001,4.4655594626157225,4.669787856572997
2025-11-14,6.061424818363394,4.461155600896952,4.671823326665648
2025-11-17,5.996491616975665,4.424582669382362,4.6280189474986
2025-11-18,5.915499970888253,4.416963561121698,4.613410452495922
2025-11-19,5.9324697726139375,4.40899632010999,4.621767981258489
2025-11-20,5.828830366367758,4.308308280202657,4.52586498271268
2025-11-21,5.8880667494554775,4.347002687038511,4.566901396579594
2025-11-24,5.99555727404627,4.388267062113831,4.626154483074398
2025-11-25,6.038380870463394,4.424416234906478,4.655597080130051
2025-11-26,6.036899185748859,4.449809385884185,4.689555340054532
2025-11-28,6.072166648895385,4.48882743063634,4.718966157742335
2025-12-01,6.096928783845802,4.452484379448857,4.6930981790977855
2025-12-02,6.138714400897304,4.4804669621840425,4.72565813632059
2025-12-03,6.118468588552274,4.515100178217434,4.754093177511898
2025-12-04,6.1256677139964655,4.518926177047806,4.750014724480577
2025-12-05,6.158431748342377,4.543231529834246,4.776580057520791
2025-12-08,6.140421083578017,4.50612527738534,4.744302546386291
2025-12-09,6.150188669207172,4.535192419217054,4.77854703713904
2025-12-10,6.162960440152189,4.5858495033294115,4.838540438114456
2025-12-11,6.14346094833064,4.592619011023111,4.8303051993929635
2025-12-12,6.09372548538436,4.5862606710334655,4.813693592311055
2025-12-15,6.022268324924576,4.548052535716088,4.77920899213163
2025-12-16,6.035135759591983,4.531474702365329,4.759651392635797
2025-12-17,5.964152656033115,4.4686085299671525,4.681169562319175
2025-12-18,6.023584118726757,4.479977709537091,4.69645308533668
2025-12-19,6.083092508963301,4.507316614503062,4.733005132680702
2025-12-22,6.1015328342135895,4.545249451528523,4.768144856145956
2025-12-23,6.1517922994983,4.568563654502891,4.803065494191103
2025-12-24,6.1679916933540895,4.580443170763432,4.816710413905265
2025-12-26,6.17464186711409,4.563378682307128,4.798455866698418
2025-12-29,6.161895333120428,4.541876480654775,4.780607392150633
2025-12-30,6.155558488574205,4.5328858561700995,4.772233076367028
