,disclosed,mean_variance,black_litterman
2018-02-01,-0.008184730937545725,-0.0031163258329512437,-0.0031163258329512437
2018-02-02,-0.025808053152234816,-0.022328399683681253,-0.022328399683681253
2018-02-05,-0.03797292852717266,-0.03248310779452549,-0.03248310779452549
2018-02-06,0.03412415851853286,0.022806401914636364,0.022806401914636364
2018-02-07,-0.011636094019985627,-0.004124240186283187,-0.004124240186283187
2018-02-08,-0.04123217880280165,-0.035406164470801596,-0.035406164470801596
2018-02-09,0.02404398249966956,0.017706842418210918,0.017706842418210918
2018-02-12,0.019399102472038774,0.012337060881208131,0.012337060881208131
2018-02-13,0.007767458003890281,0.004657374087673815,0.004657374087673815
2018-02-14,0.019674807426248647,0.016223430993464693,0.016223430993464693
2018-02-15,0.02331491470588625,0.013760502541712037,0.013760502541712037
2018-02-16,-0.003476381136207706,-0.0030027481661956787,-0.0030027481661956787
2018-02-20,0.006236842597710257,0.0011123456782223917,0.0011123456782223917
2018-02-21,-0.004035771056903383,-0.0046535600149111645,-0.0046535600149111645
2018-02-22,0.0007653770029543177,-0.001204967015679792,-0.001204967015679792
2018-02-23,0.017011758133264703,0.013463810341141339,0.013463810341141339
2018-02-26,0.015086227838540266,0.014784829068016214,0.014784829068016214
2018-02-27,-0.007954722079428342,-0.008585872045429878,-0.008585872045429878
2018-02-28,-0.005349559469559194,-0.009542709534361872,-0.009542709534361872
2018-03-01,-0.01357363059189206,-0.01080869067214054,-0.01080869067214054
2018-03-02,0.010101670389449717,0.00948540812975999,0.00948540812975999
2018-03-05,0.006865743822334451,0.010436383393789909,0.010436383393789909
2018-03-06,0.00720649284232762,0.004302999385279955,0.004302999385279955
2018-03-07,0.0003578242995481607,-0.0006099119675240138,-0.0006099119675240138
2018-03-08,0.006744907411745145,0.0019805124174598495,0.0019805124174598495
2018-03-09,0.01781781660192049,0.017217869061655885,0.017217869061655885
2018-03-12,0.005511712684341068,-1.4886273796058157e-05,-1.4886273796058157e-05
2018-03-13,-0.011353548279053962,-0.009222934770256446,-0.009222934770256446
2018-03-14,-0.0002456759864081037,-0.0007252222832158345,-0.0007252222832158345
2018-03-15,-0.00014569422072296893,-0.0008658446172081124,-0.0008658446172081124
2018-03-16,-0.003428238175118286,0.0016327928231145254,0.0016327928231145254
2018-03-19,-0.01823288852870587,-0.01603435068496991,-0.01603435068496991
2018-03-20,0.007667079486908916,0.006449445559969043,0.006449445559969043
2018-03-21,-0.011512986999991965,-0.0017000226277391868,-0.0017000226277391868
2018-03-22,-0.02377423607770755,-0.02437451106954711,-0.02437451106954711
2018-03-23,-0.026076680235334243,-0.019538715812231416,-0.019538715812231416
2018-03-26,0.043884066908583506,0.03446299186210481,0.03446299186210481
2018-03-27,-0.03915552709746309,-0.028682742998050046,-0.028682742998050046
2018-03-28,-0.012776550736556248,-0.0057836387759170015,-0.0057836387759170015
2018-03-29,0.020840959755796997,0.01746278852594468,0.01746278852594468
2018-04-02,-0.022732705474258298,-0.021726645266933388,-0.021726645266933388
2018-04-03,0.011933708689173584,0.01265963083000259,0.01265963083000259
2018-04-04,0.016564955832598205,0.012445239293569535,0.012445239293569535
2018-04-05,0.005013275036934868,0.010438401629186736,0.010438401629186736
2018-04-06,-0.0248983809174383,-0.020773131568812515,-0.020773131568812515
2018-04-09,0.005857308085565967,0.0013481273147411491,0.0013481273147411491
2018-04-10,0.022588150824131258,0.016860134683915343,0.016860134683915343
2018-04-11,-0.005803774993459625,0.0003117611164719849,0.0003117611164719849
2018-04-12,0.015718526494935117,0.012025470523443467,0.012025470523443467
2018-04-13,-0.005550071139528672,-0.010019481463643424,-0.010019481463643424
2018-04-16,0.005752154077766949,0.0059952723861997305,0.0059952723861997305
2018-04-17,0.02473168472284817,0.018373424479254764,0.018373424479254764
2018-04-18,0.0018231855015007619,0.0010204632087224958,0.0010204632087224958
2018-04-19,-0.0072783492676573155,-0.0029593358516451515,-0.0029593358516451515
2018-04-20,-0.018374778495740627,-0.010097790121015398,-0.010097790121015398
2018-04-23,-0.005171181438743522,-0.0015624915484508954,-0.0015624915484508954
2018-04-24,-0.023196780168864665,-0.014367201191352591,-0.014367201191352591
2018-04-25,-0.0026216184308438554,-0.0012186480779343598,-0.0012186480779343598
2018-04-26,0.020059753783620387,0.014828304489668452,0.014828304489668452
2018-04-27,0.00026710440694877665,-0.004436465778694019,-0.004436465778694019
2018-04-30,0.0007919869361884766,-3.14925634345179e-05,-3.14925634345179e-05
2018-05-01,0.015480105856843947,0.008052848327845865,0.008052848327845865
2018-05-02,0.006978622358474386,-0.0011793015878946887,-0.0011793015878946887
2018-05-03,0.005389046089771556,-0.0023754725274718336,-0.0023754725274718336
2018-05-04,0.02126164200576405,0.013374849058767048,0.013374849058767048
2018-05-07,0.013324705163932443,0.013188312904200748,0.013188312904200748
2018-05-08,0.003073859467815132,0.0010771620425534406,0.0010771620425534406
2018-05-09,0.011853908629488886,0.008672376319675497,0.008672376319675497
2018-05-10,0.010462296730665418,0.018810557263724423,0.018810557263724423
2018-05-11,-0.004712366409944064,-0.005409017947996526,-0.005409017947996526
2018-05-14,-0.002472764898879009,-0.0008607542742645799,-0.0008607542742645799
2018-05-15,-0.011346946014032456,-0.007178395042455554,-0.007178395042455554
2018-05-16,0.004908666933612145,0.010450779937630302,0.010450779937630302
2018-05-17,-0.005498763289442425,-0.002564768850453965,-0.002564768850453965
2018-05-18,-0.0024865955878477304,0.0031164944818502217,0.0031164944818502217
2018-05-21,0.0059609346812015684,0.0075381760551968295,0.0075381760551968295
2018-05-22,-0.003665865250382717,0.0018675639820745539,0.0018675639820745539
2018-05-23,0.011245024360363605,0.003935694599350736,0.003935694599350736
2018-05-24,0.0003984187025097549,0.004566780141483807,0.004566780141483807
2018-05-25,0.0008966891950567569,-0.0027234392501540128,-0.0027234392501540128
2018-05-29,-0.006176783066883655,-0.0056850179216988385,-0.0056850179216988385
2018-05-30,0.007566032660549198,0.010357365194487187,0.010357365194487187
2018-05-31,0.000572443244286241,-0.002730953646981005,-0.002730953646981005
2018-06-01,0.01581550614053283,0.002384621010850968,0.002384621010850968
2018-06-04,0.012652945161310573,0.007306259969814038,0.007306259969814038
2018-06-05,0.005856436208376888,0.006514747252005758,0.006514747252005758
2018-06-06,0.0037064308916180113,0.00886515291229393,0.00886515291229393
2018-06-07,-0.008491815618126586,-0.0029705712283410964,-0.0029705712283410964
2018-06-08,-0.0014854584013552865,0.0004893965809732951,0.0004893965809732951
2018-06-11,-0.0005005033337654721,0.0023525941142541525,0.0023525941142541525
2018-06-12,0.007384301094770163,0.007826972857456085,0.007826972857456085
2018-06-13,-0.0009069959016580674,0.00057716218909909,0.00057716218909909
2018-06-14,0.009340252406444899,0.016490671714375935,0.016490671714375935
2018-06-15,-0.005725250924011694,0.005833749573760972,0.005833749573760972
2018-06-18,0.0038922287157408773,0.0011182537312953965,0.0011182537312953965
2018-06-19,-0.006691078124486682,-0.0007742523475446095,-0.0007742523475446095
2018-06-20,0.005557665371137319,0.002959889597868597,0.002959889597868597
2018-06-21,-0.009135347312892374,-0.009011796913452991,-0.009011796913452991
2018-06-22,-0.008080623638590691,-0.0013641094013208785,-0.0013641094013208785
2018-06-25,-0.02281909379133782,-0.01756783501882296,-0.01756783501882296
2018-06-26,0.00993082452131868,0.00876769718513408,0.00876769718513408
2018-06-27,-0.01227573829745329,-0.013979624428487892,-0.013979624428487892
2018-06-28,0.012645088404808144,0.011196121973652782,0.011196121973652782
2018-06-29,-0.0012790986963221195,-0.002240774255716025,-0.002240774255716025
2018-07-02,0.01417153769024746,0.008587403751954012,0.008587403751954012
2018-07-03,-0.015683009158336016,-0.008942380438728685,-0.008942380438728685
2018-07-05,0.011406407727665213,-0.0005749368774621386,-0.0005749368774621386
2018-07-06,0.012164590477212873,0.008448188355890375,0.008448188355890375
2018-07-09,0.01022658940479912,0.004047558783892865,0.004047558783892865
2018-07-10,0.002736208103310631,0.0014671248884431031,0.0014671248884431031
2018-07-11,-0.0018636468465200757,-0.0023013080959479286,-0.0023013080959479286
2018-07-12,0.01780136427278957,0.013345811144402196,0.013345811144402196
2018-07-13,0.0008148076224802733,-0.004302476978986755,-0.004302476978986755
2018-07-16,-0.0021844847492082627,0.0005512568799689767,0.0005512568799689767
2018-07-17,0.006676263472955788,0.0007859692867156634,0.0007859692867156634
2018-07-18,-0.0024150298492590515,0.0006752843456309766,0.0006752843456309766
2018-07-19,-0.0033416898966490746,-0.0032146369939015087,-0.0032146369939015087
2018-07-20,0.00019970408049725772,-0.0025751220089663927,-0.0025751220089663927
2018-07-23,0.00243190866796675,0.004907037655703747,0.004907037655703747
2018-07-24,0.005489360588570575,-0.0028334529149467427,-0.0028334529149467427
2018-07-25,0.0150357079144515,0.008520836209069446,0.008520836209069446
2018-07-26,-0.0037616699552034034,0.0013756817257703196,0.0013756817257703196
2018-07-27,-0.014548943727086627,-0.011104633224606579,-0.011104633224606579
2018-07-30,-0.020759936774740757,-0.01866558660707812,-0.01866558660707812
2018-07-31,0.0008999176069473367,0.0019014980440812148,0.0019014980440812148
2018-08-01,0.02022170574094508,0.005616961388713078,0.005616961388713078
2018-08-02,0.019023632548696868,0.011950311513705408,0.011950311513705408
2018-08-03,0.0014306241399222532,0.003051468347158738,0.003051468347158738
2018-08-06,0.006646646383912859,0.005372587491423139,0.005372587491423139
2018-08-07,0.00416731183067633,0.0044330091957228744,0.0044330091957228744
2018-08-08,0.003409933469292616,-0.004036871074279498,-0.004036871074279498
2018-08-09,0.0036091848951186533,0.011904640804181393,0.011904640804181393
2018-08-10,-0.005590826348316469,-0.009812136214091095,-0.009812136214091095
2018-08-13,0.0003095858793003985,-0.0042776331940724025,-0.0042776331940724025
2018-08-14,0.009014986407968845,0.005780319792056732,0.005780319792056732
2018-08-15,-0.009420714954844799,-0.010142070316209171,-0.010142070316209171
2018-08-16,0.0042333541004364855,0.006545938217113526,0.006545938217113526
2018-08-17,-0.0014548087396654937,-0.0010273581553323465,-0.0010273581553323465
2018-08-20,-0.0005443328770894461,0.0061259017069495185,0.0061259017069495185
2018-08-21,0.0017707098619859404,0.005524987077305158,0.005524987077305158
2018-08-22,0.008814860934332184,0.004809714138264955,0.004809714138264955
2018-08-23,0.0035487560625814224,-0.0003481187462029259,-0.0003481187462029259
2018-08-24,0.011768303751412516,0.009756305713868535,0.009756305713868535
2018-08-27,0.00884555221768994,0.005973735631173754,0.005973735631173754
2018-08-28,0.0032415264629163413,0.002136462398581416,0.002136462398581416
2018-08-29,0.014947467538696087,0.00511566559414259,0.00511566559414259
2018-08-30,-0.0006361962982096527,-0.003367257252338299,-0.003367257252338299
2018-08-31,0.0037876905628210053,0.002130413627686673,0.002130413627686673
2018-09-04,0.001138153864593359,9.861375063495327e-05,9.861375063495327e-05
2018-09-05,-0.017682501968634308,-0.014472097154211043,-0.014472097154211043
2018-09-06,-0.009787127864460444,-0.0061650600353641595,-0.0061650600353641595
2018-09-07,-0.00180523003719971,0.0034458736840165785,0.0034458736840165785
2018-09-10,-0.0005670913530075027,0.004250707446427637,0.004250707446427637
2018-09-11,0.014124548145761823,0.006528136966775763,0.006528136966775763
2018-09-12,-0.0036118245855947207,0.0017427449260988873,0.0017427449260988873
2018-09-13,0.01300231034422895,0.009603379347763851,0.009603379347763851
2018-09-14,-0.003021423114670516,0.0005800064372490062,0.0005800064372490062
2018-09-17,-0.018527613465045778,-0.01436492671795315,-0.01436492671795315
2018-09-18,0.005633490241643689,0.007146913111723552,0.007146913111723552
2018-09-19,-0.0038944005149803562,-0.005113123905606985,-0.005113123905606985
2018-09-20,0.007370811295157692,0.010044423572915363,0.010044423572915363
2018-09-21,-0.007578310133466316,-0.005182956627773481,-0.005182956627773481
2018-09-24,0.010022143000919671,0.002553363152964591,0.002553363152964591
2018-09-25,0.006604170891739866,0.0009540227888020329,0.0009540227888020329
2018-09-26,-0.0037404441749796114,-0.005113380734612285,-0.005113380734612285
2018-09-27,0.011588652240641172,0.0026348885578690202,0.0026348885578690202
2018-09-28,0.004531359182929813,0.0004084443786044385,0.0004084443786044385
2018-10-01,0.007844367158963464,0.003401024598092909,0.003401024598092909
2018-10-02,-0.003086787007227646,-0.0026655231842741393,-0.0026655231842741393
2018-10-03,0.00377013474559742,0.0014236840152633827,0.0014236840152633827
2018-10-04,-0.020779773946819437,-0.016110695915788002,-0.016110695915788002
2018-10-05,-0.012915468288586331,-0.012047397971866972,-0.012047397971866972
2018-10-08,-0.011940678165508358,-0.00968892631940419,-0.00968892631940419
2018-10-09,0.0049856834822913955,4.4417645501862355e-05,4.4417645501862355e-05
2018-10-10,-0.05379444840750201,-0.04038645767350575,-0.04038645767350575
2018-10-11,-0.010469906052999692,-0.013116999835515593,-0.013116999835515593
2018-10-12,0.037530581100645576,0.027754957294364665,0.027754957294364665
2018-10-15,-0.021352671620284855,-0.00704483747419917,-0.00704483747419917
2018-10-16,0.028654587051225155,0.02475167076592914,0.02475167076592914
2018-10-17,-0.0012759025457627004,0.0014110600634428866,0.0014110600634428866
2018-10-18,-0.023300999371225158,-0.01869038307035331,-0.01869038307035331
2018-10-19,-0.0021346057112324687,0.001089409864502173,0.001089409864502173
2018-10-22,0.007277440741347509,0.0005377135622673998,0.0005377135622673998
2018-10-23,-0.00635791735462103,-0.004446956171496379,-0.004446956171496379
2018-10-24,-0.051793094752152595,-0.048642536779834815,-0.048642536779834815
2018-10-25,0.04099671716634065,0.03542484082971442,0.03542484082971442
2018-10-26,-0.02918162217854848,-0.023892841383548344,-0.023892841383548344
2018-10-29,-0.03431590948833259,-0.019082746682475255,-0.019082746682475255
2018-10-30,0.014497858148955184,0.015813301724665975,0.015813301724665975
2018-10-31,0.03204897489718028,0.022295660690343236,0.022295660690343236
2018-11-01,0.016525823583732044,0.015077166225537446,0.015077166225537446
2018-11-02,-0.025255231767337558,-0.006268309202577801,-0.006268309202577801
2018-11-05,-0.012767124129100953,0.00018056713804363785,0.00018056713804363785
2018-11-06,0.004351205180931951,0.003518984313028146,0.003518984313028146
2018-11-07,0.036311397500735795,0.02475279079069435,0.02475279079069435
2018-11-08,-0.00739207127037817,-0.0037591523814617077,-0.0037591523814617077
2018-11-09,-0.017824310087796887,-0.015251370310230567,-0.015251370310230567
2018-11-12,-0.041940103497803145,-0.026630542983833768,-0.026630542983833768
2018-11-13,0.004096930543144335,-0.002174328601018183,-0.002174328601018183
2018-11-14,-0.015224551382414901,-0.004353907559532623,-0.004353907559532623
2018-11-15,0.01908023860498006,0.011754024829668298,0.011754024829668298
2018-11-16,-0.02030266387472901,-0.013677113317989204,-0.013677113317989204
2018-11-19,-0.05212544402110755,-0.035860680495274765,-0.035860680495274765
2018-11-20,-0.01628080857363821,-0.016209108916004234,-0.016209108916004234
2018-11-21,0.004182192259026027,0.008956125506256149,0.008956125506256149
2018-11-23,-0.011879713082641675,-0.0062846926511189736,-0.0062846926511189736
2018-11-26,0.029182543639743607,0.022548197467743086,0.022548197467743086
2018-11-27,0.0016032076450030444,0.0020743159644328203,0.0020743159644328203
2018-11-28,0.04749732740653142,0.03795101185221169,0.03795101185221169
2018-11-29,-0.005739566235491578,7.977340739062133e-05,7.977340739062133e-05
2018-11-30,0.008406204617261262,-4.7181473500478946e-05,-4.7181473500478946e-05
2018-12-03,0.0247572788082073,0.011080075662407611,0.011080075662407611
2018-12-04,-0.04492441691778355,-0.03379262184741123,-0.03379262184741123
2018-12-06,0.006446614381273667,0.008100983933902394,0.008100983933902394
2018-12-07,-0.03884824374543534,-0.028303283888773435,-0.028303283888773435
2018-12-10,0.011523598150198587,0.006472152525172738,0.006472152525172738
2018-12-11,-0.0025577780424549273,-0.0004900795949021345,-0.0004900795949021345
2018-12-12,0.009438865019331015,0.0099039462080034,0.0099039462080034
2018-12-13,0.0039322467485598004,-0.00017842402493277833,-0.00017842402493277833
2018-12-14,-0.02669200618494644,-0.017783157102605515,-0.017783157102605515
2018-12-17,-0.02438046558752397,-0.02085021509586655,-0.02085021509586655
2018-12-18,0.013652604766896606,0.004272182803515575,0.004272182803515575
2018-12-19,-0.02252398619964939,-0.010889392307230846,-0.010889392307230846
2018-12-20,-0.021502695956663157,-0.021366320589163615,-0.021366320589163615
2018-12-21,-0.03839347596212818,-0.031772724474852056,-0.031772724474852056
2018-12-24,-0.022616229152118094,-0.018793314053306392,-0.018793314053306392
2018-12-26,0.06764292346792863,0.053676363466203816,0.053676363466203816
2018-12-27,0.0017876045563328298,0.0013815849119557192,0.0013815849119557192
2018-12-28,0.0017345487488120994,0.0022290092576733866,0.0022290092576733866
2018-12-31,0.009905208039720283,0.0076685029262750235,0.0076685029262750235
2019-01-02,0.004370354338519393,0.007054862325197389,0.007054862325197389
2019-01-03,-0.05130690106456002,-0.02247276798517006,-0.02247276798517006
2019-01-04,0.04848322271387547,0.03935544953822512,0.03935544953822512
2019-01-07,0.014941399576426767,0.012317260038055278,0.012317260038055278
2019-01-08,0.01031715934904006,0.009257778102423987,0.009257778102423987
2019-01-09,0.009527454975730331,0.005900258025507951,0.005900258025507951
2019-01-10,0.0032233965974193183,0.002651368271807967,0.002651368271807967
2019-01-11,-0.00224162828841603,0.0008995504041545194,0.0008995504041545194
2019-01-14,-0.008684176728138749,-0.006868141543548869,-0.006868141543548869
2019-01-15,0.02078827863126046,0.011457481925097223,0.011457481925097223
2019-01-16,0.0036256480660991656,0.0008980148741325821,0.0008980148741325821
2019-01-17,0.007700938169678277,0.006319984174709471,0.006319984174709471
2019-01-18,0.010200560580782454,0.008657582862476768,0.008657582862476768
2019-01-22,-0.02581125656212905,-0.021517146201275855,-0.021517146201275855
2019-01-23,0.004771844884824782,0.004276286495228239,0.004276286495228239
2019-01-24,0.0032724027377402263,0.0034130258084908134,0.0034130258084908134
2019-01-25,0.018385702085366554,0.010655293461525751,0.010655293461525751
2019-01-28,-0.027693701820476185,-0.016177506559492964,-0.016177506559492964
2019-01-29,-0.01665752456420046,-0.008958421769108256,-0.008958421769108256
2019-01-30,0.04142054484452452,0.014706870385364501,0.014706870385364501
2019-01-31,0.013707368530192323,0.01107410843426186,0.01107410843426186
2019-02-01,-0.003341046428741789,0.00035819483022416,0.00035819483022416
2019-02-04,0.02006653444024357,0.008380631585676744,0.008380631585676744
2019-02-05,0.011514675776728345,0.009544547995497915,0.009544547995497915
2019-02-06,-0.0038297677304922435,-0.0024918714171788922,-0.0024918714171788922
2019-02-07,-0.017068477986897035,-0.012122386413645141,-0.012122386413645141
2019-02-08,0.0014416824272888617,0.0046221810090196465,0.0046221810090196465
2019-02-11,-0.0012731387964088057,0.0006371469171589073,0.0006371469171589073
2019-02-12,0.01736103707746816,0.012592976033999307,0.012592976033999307
2019-02-13,-0.0015153372626739968,0.0009910016717545624,0.0009910016717545624
2019-02-14,0.0012721546636157315,0.0032071329126160046,0.0032071329126160046
2019-02-15,0.001512700761537512,0.004855927940631339,0.004855927940631339
2019-02-19,0.004092580906337412,0.006289015518945679,0.006289015518945679
2019-02-20,-0.00013658827975142226,0.004507852712122695,0.004507852712122695
2019-02-21,-0.0022915735720180517,0.0012587001579558517,0.0012587001579558517
2019-02-22,0.011772220697678385,0.0057238421480486695,0.0057238421480486695
2019-02-25,0.0026585455383020744,0.0003706982110093896,0.0003706982110093896
2019-02-26,0.00205175702135629,0.0005374307958649548,0.0005374307958649548
2019-02-27,0.0016482931979250055,0.004501331070790149,0.004501331070790149
2019-02-28,-0.0038486487679026404,-0.0012243678164964454,-0.0012243678164964454
2019-03-01,0.010664299346877796,0.004326243363142139,0.004326243363142139
2019-03-04,-0.0016608691188446975,-0.007239562228971965,-0.007239562228971965
2019-03-05,-0.001830597489252661,-0.0034455110342508067,-0.0034455110342508067
2019-03-06,-0.006486121949697994,-0.003719662516193132,-0.003719662516193132
2019-03-07,-0.012866513560149444,-0.009894158289304284,-0.009894158289304284
2019-03-08,0.0006971885205067855,-0.0023808521555675733,-0.0023808521555675733
2019-03-11,0.030719187429252913,0.021759152350319142,0.021759152350319142
2019-03-12,0.00746850249388545,0.005545585875818539,0.005545585875818539
2019-03-13,0.009669285952950123,0.01579330738488002,0.01579330738488002
2019-03-14,0.001079827094662051,-0.002234043195759947,-0.002234043195759947
2019-03-15,0.010546495593322998,0.006877739744034726,0.006877739744034726
2019-03-18,0.005809928504086165,0.006273968647125039,0.006273968647125039
2019-03-19,0.005306460613260346,0.0008752509881847403,0.0008752509881847403
2019-03-20,0.006409377435699023,0.0017592812344142368,0.0017592812344142368
2019-03-21,0.024657214059295635,0.015528335159739615,0.015528335159739615
2019-03-22,-0.025373179210588858,-0.02067606300465574,-0.02067606300465574
2019-03-25,-0.005888540282032305,-0.001885197184528044,-0.001885197184528044
2019-03-26,-0.0008110618075421087,0.007733715914523089,0.007733715914523089
2019-03-27,-0.005161292519211888,-0.0074731956747470275,-0.0074731956747470275
2019-03-28,0.0013106017038103878,0.002541216529686625,0.002541216529686625
2019-03-29,0.008381307395970417,0.004832159940717658,0.004832159940717658
2019-04-01,0.012597195798974448,0.014147151752935756,0.014147151752935756
2019-04-02,0.004653323078715252,0.0006749757079799293,0.0006749757079799293
2019-04-03,0.008913424358663363,0.0025268419488508886,0.0025268419488508886
2019-04-04,-0.0027115537137087924,-0.00032055231926317107,-0.00032055231926317107
2019-04-05,0.004724489155255371,0.005806800649284037,0.005806800649284037
2019-04-08,0.005172005167212018,0.0006222838487956815,0.0006222838487956815
2019-04-09,-0.004840157090281694,-0.0028060089297498995,-0.0028060089297498995
2019-04-10,0.008003307571997534,0.008589891336035044,0.008589891336035044
2019-04-11,-0.0018636495779312623,0.00015689115971293226,0.00015689115971293226
2019-04-12,0.0028560179773947617,0.007197136651688989,0.007197136651688989
2019-04-15,-0.0019078857661522165,0.0008505825330146766,0.0008505825330146766
2019-04-16,0.0029072342985955258,0.013010034022745066,0.013010034022745066
2019-04-17,0.003888008303442185,0.003911423065819951,0.003911423065819951
2019-04-18,0.0027689476159942473,0.0012837097739976458,0.0012837097739976458
2019-04-22,0.008498734177694787,0.008922005553706114,0.008922005553706114
2019-04-23,0.013721291016838815,0.01507197870390612,0.01507197870390612
2019-04-24,-0.0039273930145509355,-0.0029364170331534836,-0.0029364170331534836
2019-04-25,0.0025255611678875246,0.001704140320065197,0.001704140320065197
2019-04-26,0.0013761350336522434,0.008170973227458208,0.008170973227458208
2019-04-29,0.0018732682167170525,0.003779447108657065,0.003779447108657065
2019-04-30,-0.013174317635554232,-0.0075940372014899685,-0.0075940372014899685
2019-05-01,0.00549673629245877,-0.003524785229812346,-0.003524785229812346
2019-05-02,-0.003747095424665895,-0.005371639400283709,-0.005371639400283709
2019-05-03,0.014251737491190535,0.01374464967186267,0.01374464967186267
2019-05-06,-0.008322616384476298,-0.004005929976956273,-0.004005929976956273
2019-05-07,-0.023500652545755504,-0.01801600027293625,-0.01801600027293625
2019-05-08,-0.000662964900784024,-0.003224578211336602,-0.003224578211336602
2019-05-09,-0.007808809210881127,-0.006413087748790846,-0.006413087748790846
2019-05-10,-0.0011278268711990367,0.0023929836407218645,0.0023929836407218645
2019-05-13,-0.042356116094687514,-0.031185527877459762,-0.031185527877459762
2019-05-14,0.013296541065669189,0.012452948946368942,0.012452948946368942
2019-05-15,0.008282547829596401,0.004636129056171749,0.004636129056171749
2019-05-16,0.009785280728677521,0.010541358971422669,0.010541358971422669
2019-05-17,-0.01205881777335082,-0.008282480344018947,-0.008282480344018947
2019-05-20,-0.016665162669090707,-0.010721752750766051,-0.010721752750766051
2019-05-21,0.010326467109415614,0.007801710164335885,0.007801710164335885
2019-05-22,-0.005242003621140248,-0.002052517336522791,-0.002052517336522791
2019-05-23,-0.019007597954005487,-0.015519658538796353,-0.015519658538796353
2019-05-24,-0.001723681988167183,-0.0025587916593642346,-0.0025587916593642346
2019-05-28,-0.001547750246772079,-0.0015384340394907971,-0.0015384340394907971
2019-05-29,-0.01033618937555234,-0.007002737282329176,-0.007002737282329176
2019-05-30,0.0023849897534973592,-0.001410068155986473,-0.001410068155986473
2019-05-31,-0.018856988018656488,-0.013544225067906842,-0.013544225067906842
2019-06-03,-0.02582262680881864,-0.01472541592805047,-0.01472541592805047
2019-06-04,0.03307623320789052,0.024045564434663578,0.024045564434663578
2019-06-05,0.011800641850630688,0.006407720210229971,0.006407720210229971
2019-06-06,0.010570446828815288,0.006481268888267581,0.006481268888267581
2019-06-07,0.01984907704569295,0.0117470612172229,0.0117470612172229
2019-06-10,0.006024130936258298,0.0017421076873442396,0.0017421076873442396
2019-06-11,0.002468064713047045,0.00040989345190077384,0.00040989345190077384
2019-06-12,-0.0046602584126358496,-0.0027411625437548785,-0.0027411625437548785
2019-06-13,0.009178497018626653,0.017349909137957847,0.017349909137957847
2019-06-14,-0.007724238695826926,-0.006265576324103003,-0.006265576324103003
2019-06-17,0.0070729715830701026,0.00738155273175746,0.00738155273175746
2019-06-18,0.019686730533381252,0.014734239940551069,0.014734239940551069
2019-06-19,0.00457877999309576,0.006506983116651401,0.006506983116651401
2019-06-20,0.007614774526265782,0.005882970152725935,0.005882970152725935
2019-06-21,-0.00333639524724459,-0.004319502600385211,-0.004319502600385211
2019-06-24,-0.004892875317104653,-0.007976391992701844,-0.007976391992701844
2019-06-25,-0.01952295820776467,-0.017613909368110484,-0.017613909368110484
2019-06-26,0.0132305060235289,0.006512263398244188,0.006512263398244188
2019-06-27,0.005454281964454364,0.007299728818055982,0.007299728818055982
2019-06-28,0.0007134993668499978,0.01012091717208379,0.01012091717208379
2019-07-01,0.012807198334369309,0.0031514049562989224,0.0031514049562989224
2019-07-02,0.0025991263278839854,0.0010481096652314654,0.0010481096652314654
2019-07-03,0.008256749230670261,0.008001646282440423,0.008001646282440423
2019-07-05,-0.001872473597763434,0.0017829326382877962,0.0017829326382877962
2019-07-08,-0.011248090243786505,-0.00739608181167131,-0.00739608181167131
2019-07-09,0.0070256470625929155,0.009973169622891853,0.009973169622891853
2019-07-10,0.01366324722768322,0.01117475190863147,0.01117475190863147
2019-07-11,0.0036575368644223417,0.0023725475532103643,0.0023725475532103643
2019-07-12,0.004285349732842548,0.00557906592856705,0.00557906592856705
2019-07-15,0.004093421327708925,0.0010280435583753145,0.0010280435583753145
2019-07-16,-0.0058065757816848675,-0.005783673641490001,-0.005783673641490001
2019-07-17,-0.0013841255096380576,-0.005247955616672779,-0.005247955616672779
2019-07-18,0.0011691200976911436,-0.0022642936723675485,-0.0022642936723675485
2019-07-19,-0.00703173778932797,-0.0014498985203447307,-0.0014498985203447307
2019-07-22,0.01368682940697707,0.003982553694951656,0.003982553694951656
2019-07-23,0.006465351224335805,0.0020978885754242304,0.0020978885754242304
2019-07-24,0.006440639469964576,0.01085387375091389,0.01085387375091389
2019-07-25,-0.006685238845245662,-0.0032199093031665227,-0.0032199093031665227
2019-07-26,0.014173644281037014,0.010426372776016669,0.010426372776016669
2019-07-29,-0.004178029446394826,-0.009341364660952992,-0.009341364660952992
2019-07-30,-0.0019634034890062425,0.0016004611846983203,0.0016004611846983203
2019-07-31,-0.009201790489623187,-0.014168502798129097,-0.014168502798129097
2019-08-01,-0.011007294836641712,-0.004661014369875054,-0.004661014369875054
2019-08-02,-0.018341715613485132,-0.013098060985619534,-0.013098060985619534
2019-08-05,-0.04050214145139897,-0.03179334557037565,-0.03179334557037565
2019-08-06,0.013197574551781738,0.008918068757786012,0.008918068757786012
2019-08-07,0.0028442863258862933,-0.002250253102997227,-0.002250253102997227
2019-08-08,0.024405819425169128,0.02212337564885271,0.02212337564885271
2019-08-09,-0.009632401207371634,-0.014800673099058876,-0.014800673099058876
2019-08-12,-0.010854230651574407,-0.016460958868997698,-0.016460958868997698
2019-08-13,0.028430009244004,0.021139639876313322,0.021139639876313322
2019-08-14,-0.03143628166931316,-0.032559281104398555,-0.032559281104398555
2019-08-15,0.0005253041588221374,7.807802721130032e-05,7.807802721130032e-05
2019-08-16,0.021052322120721088,0.015788505505085117,0.015788505505085117
2019-08-19,0.019959418473539253,0.01529803535773643,0.01529803535773643
2019-08-20,-0.005206957412002704,-0.005152055407712241,-0.005152055407712241
2019-08-21,0.010539513243385416,0.007261660754785888,0.007261660754785888
2019-08-22,-0.002391776105016604,-0.004602359099550954,-0.004602359099550954
2019-08-23,-0.03144365359476703,-0.027440634922768322,-0.027440634922768322
2019-08-26,0.01650505947464181,0.010060760013188166,0.010060760013188166
2019-08-27,-0.008747543642863924,-0.006072627442217744,-0.006072627442217744
2019-08-28,0.0017456566211358857,0.004413215465427053,0.004413215465427053
2019-08-29,0.018202432939135194,0.01389253267293849,0.01389253267293849
2019-08-30,-0.0017501016133617394,0.0004266072492412014,0.0004266072492412014
2019-09-03,-0.012493037033951607,-0.009971066062361856,-0.009971066062361856
2019-09-04,0.012751478377974107,0.012293224543520992,0.012293224543520992
2019-09-05,0.024239434513340586,0.019817247196907233,0.019817247196907233
2019-09-06,-0.0069016151534532074,-0.0063326895658257,-0.0063326895658257
2019-09-09,-0.003783584756602726,-0.006220169211705448,-0.006220169211705448
2019-09-10,0.002285107120115973,0.003118792474461562,0.003118792474461562
2019-09-11,0.014723587379510638,0.008839317242326169,0.008839317242326169
2019-09-12,0.004212247351796342,0.0009221359516533228,0.0009221359516533228
2019-09-13,-0.009366919788905788,-0.005472709103830836,-0.005472709103830836
2019-09-16,-0.0020521972772674954,0.0032046235853384515,0.0032046235853384515
2019-09-17,0.004710092015304438,0.005346052492253072,0.005346052492253072
2019-09-18,0.0017629727555973083,-0.004383224923066687,-0.004383224923066687
2019-09-19,-0.0024701401924334667,-0.004630709661713391,-0.004630709661713391
2019-09-20,-0.01207355556826475,-0.010089735781478164,-0.010089735781478164
2019-09-23,0.0019189653271450779,-8.069083204846989e-05,-8.069083204846989e-05
2019-09-24,-0.013553786383174532,-0.017226552538533838,-0.017226552538533838
2019-09-25,0.016329335096573697,0.01087632705684728,0.01087632705684728
2019-09-26,-0.006632726471407249,-0.00663187856216637,-0.00663187856216637
2019-09-27,-0.014913797109468963,-0.011254968142648779,-0.011254968142648779
2019-09-30,0.0120614623003376,0.008453677982859883,0.008453677982859883
2019-10-01,-0.003253114395959414,-0.00952941038501294,-0.00952941038501294
2019-10-02,-0.018688644518440267,-0.015979126709978517,-0.015979126709978517
2019-10-03,0.015974583674448227,0.013536342420679989,0.013536342420679989
2019-10-04,0.016240367231091193,0.01288373207735512,0.01288373207735512
2019-10-07,0.0025274360831369007,0.004327326844234329,0.004327326844234329
2019-10-08,-0.017693366850662,-0.017341448294457867,-0.017341448294457867
2019-10-09,0.010701261626137801,0.004271120374946501,0.004271120374946501
2019-10-10,0.006885946538433402,0.00790966220145572,0.00790966220145572
2019-10-11,0.014246608296385363,0.011105596201402557,0.011105596201402557
2019-10-14,-0.0013857360741921967,-0.0045768670690929224,-0.0045768670690929224
2019-10-15,0.014415699431469257,0.011115368609980796,0.011115368609980796
2019-10-16,-0.008072586342221024,-0.003908879054115951,-0.003908879054115951
2019-10-17,0.0021635156334135004,0.0038142295608918453,0.0038142295608918453
2019-10-18,-0.011185535866925654,-0.016055965693018825,-0.016055965693018825
2019-10-21,0.012103980902954161,0.00772945227114449,0.00772945227114449
2019-10-22,-0.007687560650048119,-0.006534134698652767,-0.006534134698652767
2019-10-23,0.008616071731087844,0.0021209390229153403,0.0021209390229153403
2019-10-24,0.010099862795960195,0.007182682068467809,0.007182682068467809
2019-10-25,0.010467223832568482,0.009121871180473239,0.009121871180473239
2019-10-28,0.013464946283457489,0.011606305891384812,0.011606305891384812
2019-10-29,-0.01395091408584708,-0.0069437622460305284,-0.0069437622460305284
2019-10-30,0.008012451236058302,0.008874632978769172,0.008874632978769172
2019-10-31,0.0015129947554090592,-0.0033729855683809038,-0.0033729855683809038
2019-11-01,0.014713494574784294,0.010053540152395932,0.010053540152395932
2019-11-04,0.008526993016403835,0.005447750807157346,0.005447750807157346
2019-11-05,-0.002123322991468209,-0.0009955500441100255,-0.0009955500441100255
2019-11-06,-0.0014425854875383542,-0.0029485243925032245,-0.0029485243925032245
2019-11-07,0.005144257533934351,0.009228413594798889,0.009228413594798889
2019-11-08,0.005088742964725963,0.002961878772430038,0.002961878772430038
2019-11-11,0.0004848398328403583,-0.004437426525795465,-0.004437426525795465
2019-11-12,0.0033662519079186537,0.0007537332062038158,0.0007537332062038158
2019-11-13,0.003937524371834703,0.004919211873359731,0.004919211873359731
2019-11-14,0.0018099215595564692,0.00197618861616526,0.00197618861616526
2019-11-15,0.006134482347211447,0.0075542052524910685,0.0075542052524910685
2019-11-18,0.0054145222816378066,0.0008283329794582396,0.0008283329794582396
2019-11-19,-0.002644778641783459,-0.0008099654755737605,-0.0008099654755737605
2019-11-20,-0.003874397458312978,-0.0045901633966855745,-0.0045901633966855745
2019-11-21,-0.004160886775413334,-0.004066715820303148,-0.004066715820303148
2019-11-22,0.0008087870620139816,0.0029958158703019696,0.0029958158703019696
2019-11-25,0.015811080745134164,0.008962477075673436,0.008962477075673436
2019-11-26,-0.0037097662841366493,-0.005115798378950755,-0.005115798378950755
2019-11-27,0.006480759376119372,0.006037485465376181,0.006037485465376181
2019-11-29,-0.001951158409675431,-0.0009417538031938243,-0.0009417538031938243
2019-12-02,-0.015329797019886683,-0.01499981973510992,-0.01499981973510992
2019-12-03,-0.005467687026832229,-0.004588426692554019,-0.004588426692554019
2019-12-04,0.0006680512531840089,0.00017742816762906648,0.00017742816762906648
2019-12-05,0.0040408824974879015,0.0010278965607392711,0.0010278965607392711
2019-12-06,0.010036215969038958,0.004049801420272422,0.004049801420272422
2019-12-09,-0.005998441969250191,-0.006014076227339868,-0.006014076227339868
2019-12-10,-0.0006518325151192653,-0.004229037477240971,-0.004229037477240971
2019-12-11,0.00605258180653008,0.003598945726679666,0.003598945726679666
2019-12-12,0.008362634282134853,0.00664518556972692,0.00664518556972692
2019-12-13,0.008097794251602777,0.0038058399867486915,0.0038058399867486915
2019-12-16,0.009514704993530038,0.008053902324766493,0.008053902324766493
2019-12-17,0.0026249565254483397,0.009852125169811623,0.009852125169811623
2019-12-18,-0.0004512344488630447,0.0007738698945053918,0.0007738698945053918
2019-12-19,0.007423530024025517,0.007769141539648973,0.007769141539648973
2019-12-20,0.003468718366217424,0.0024666264092099662,0.0024666264092099662
2019-12-23,0.0025188407058283307,-0.0022349822227252392,-0.0022349822227252392
2019-12-24,-0.0006998038062304021,0.0009216593659659182,0.0009216593659659182
2019-12-26,0.015863360615702187,0.008056805585196739,0.008056805585196739
2019-12-27,-0.002040122115513629,-0.004535055750723151,-0.004535055750723151
2019-12-30,-0.006638189275501207,-0.004016367339103442,-0.004016367339103442
2019-12-31,0.0039001943940652852,0.0029182599037080666,0.0029182599037080666
2020-01-02,0.021344947689652363,0.013485688225066468,0.013485688225066468
2020-01-03,-0.008761905302670677,-0.0025684741144643094,-0.0025684741144643094
2020-01-06,0.015392438917427765,0.015448280887208786,0.015448280887208786
2020-01-07,0.00016887540387591117,0.00016487471488841772,0.00016487471488841772
2020-01-08,0.008865979928959211,0.005077082238276828,0.005077082238276828
2020-01-09,0.01234585678135419,0.007704704922795318,0.007704704922795318
2020-01-10,0.0004279083848798919,-0.0025849999817627737,-0.0025849999817627737
2020-01-13,0.016696108132846964,0.011483083713346822,0.011483083713346822
2020-01-14,-0.009428608247143236,-0.003351376501659585,-0.003351376501659585
2020-01-15,-0.0006666769015519179,0.0020616278411886243,0.0020616278411886243
2020-01-16,0.01144192928145944,0.009245302318391388,0.009245302318391388
2020-01-17,0.0060745289533912505,0.004512194836095243,0.004512194836095243
2020-01-21,0.00034306837799074653,-0.002908360713848615,-0.002908360713848615
2020-01-22,-0.0006579268083808129,-0.003632588545506309,-0.003632588545506309
2020-01-23,0.0046073712267294875,-0.0012346352754283659,-0.0012346352754283659
2020-01-24,-0.00783880382320645,-0.008669309174466643,-0.008669309174466643
2020-01-27,-0.023866472085431075,-0.019094544685425967,-0.019094544685425967
2020-01-28,0.019955966963254308,0.013481031936191818,0.013481031936191818
2020-01-29,0.0061921273601693175,-0.003008487718184188,-0.003008487718184188
2020-01-30,0.008181727588676682,0.008826711394828981,0.008826711394828981
2020-01-31,-0.016601959081743018,-0.01565186428994533,-0.01565186428994533
2020-02-03,0.01151083474259446,0.013123067345345664,0.013123067345345664
2020-02-04,0.021151865273341182,0.020235888655737385,0.020235888655737385
2020-02-05,0.0009248250557081118,0.0017691301979683009,0.0017691301979683009
2020-02-06,0.01150192566236793,0.006275043077724868,0.006275043077724868
2020-02-07,-0.004290070586571572,-0.005157791172802155,-0.005157791172802155
2020-02-10,0.018350788207616982,0.013508589394050755,0.013508589394050755
2020-02-11,-0.0006982510163731045,0.00352355803193093,0.00352355803193093
2020-02-12,0.011027822810088522,0.010577689358656472,0.010577689358656472
2020-02-13,-0.004329362605023168,0.0017173293406432203,0.0017173293406432203
2020-02-14,0.009686116419179531,0.005787580926887768,0.005787580926887768
2020-02-18,0.001475921787942356,0.0017870635563839114,0.0017870635563839114
2020-02-19,0.014289335408390221,0.01142447729793891,0.01142447729793891
2020-02-20,-0.009133947135478725,-0.005359437608917408,-0.005359437608917408
2020-02-21,-0.02521367395334832,-0.010974332421927519,-0.010974332421927519
2020-02-24,-0.04359712343048271,-0.03337566466814416,-0.03337566466814416
2020-02-25,-0.031971006772156585,-0.038777349189845926,-0.038777349189845926
2020-02-26,0.0065373835768611135,-0.004654538449375214,-0.004654538449375214
2020-02-27,-0.052914061200702175,-0.04165204785948079,-0.04165204785948079
2020-02-28,0.011068403013184173,0.006705280247196976,0.006705280247196976
2020-03-02,0.053006425008736514,0.03375437884117127,0.03375437884117127
2020-03-03,-0.03549890767049374,-0.02989345020980911,-0.02989345020980911
2020-03-04,0.042123810308403245,0.03211406232011709,0.03211406232011709
2020-03-05,-0.03382810751441264,-0.03221640429666614,-0.03221640429666614
2020-03-06,-0.019678779393426556,-0.015997594417152497,-0.015997594417152497
2020-03-09,-0.07373118070262227,-0.07727320696314632,-0.07727320696314632
2020-03-10,0.06167728075976534,0.053847323418410135,0.053847323418410135
2020-03-11,-0.04497126002290032,-0.06283270969941543,-0.06283270969941543
2020-03-12,-0.09650670129374568,-0.09088171457672169,-0.09088171457672169
2020-03-13,0.1013811767916062,0.11120245442001384,0.11120245442001384
2020-03-16,-0.12863573790586813,-0.11463091274836483,-0.11463091274836483
2020-03-17,0.06374204888159805,0.05724008300495987,0.05724008300495987
2020-03-18,-0.03137093503207321,-0.05005319813805284,-0.05005319813805284
2020-03-19,0.024481932487925337,0.04129899198362729,0.04129899198362729
2020-03-20,-0.03262624140339225,-0.033165620808424584,-0.033165620808424584
2020-03-23,-0.0005499552267326643,-0.005530489035067476,-0.005530489035067476
2020-03-24,0.0958869336237068,0.09274102581136935,0.09274102581136935
2020-03-25,-0.012536267384954633,0.0010758771277153717,0.0010758771277153717
2020-03-26,0.04989173989912564,0.04490269112003188,0.04490269112003188
2020-03-27,-0.038794507058753924,-0.04029142036050605,-0.04029142036050605
2020-03-30,0.03522014125303548,0.026340081232959934,0.026340081232959934
2020-03-31,-0.010419803763616682,-0.012599544326042825,-0.012599544326042825
2020-04-01,-0.04875452699832587,-0.034731735762527124,-0.034731735762527124
2020-04-02,0.018021292953006716,0.016998039987270525,0.016998039987270525
2020-04-03,-0.016573598453520397,-0.02027183568024357,-0.02027183568024357
2020-04-06,0.08096303084686285,0.06672084340092056,0.06672084340092056
2020-04-07,-0.008275412514858969,0.001731462380494451,0.001731462380494451
2020-04-08,0.02369793586835299,0.024692242017418722,0.024692242017418722
2020-04-09,0.0036269619240230718,0.007692232879852499,0.007692232879852499
2020-04-13,0.014960423514261507,0.0036147028541196743,0.0036147028541196743
2020-04-14,0.04429232391858895,0.02906214889015353,0.02906214889015353
2020-04-15,-0.008240585152527789,-0.013417411051124095,-0.013417411051124095
2020-04-16,0.01752813420783477,0.00744190484886516,0.00744190484886516
2020-04-17,0.004621359232691109,0.019315750168150292,0.019315750168150292
2020-04-20,-0.011098097781620445,-0.006718499319417633,-0.006718499319417633
2020-04-21,-0.040029182285216534,-0.030524816018750976,-0.030524816018750976
2020-04-22,0.02946075137683364,0.015199466092515707,0.015199466092515707
2020-04-23,-0.0016494438358634759,0.0011066974332456158,0.0011066974332456158
2020-04-24,0.016883681783487998,0.016080215754296977,0.016080215754296977
2020-04-27,0.006713964471052084,0.017251910262862838,0.017251910262862838
2020-04-28,-0.01978684657468671,-0.008073287397375551,-0.008073287397375551
2020-04-29,0.040209491593845674,0.040896683256137115,0.040896683256137115
2020-04-30,0.008288066729976604,-0.008527289838904334,-0.008527289838904334
2020-05-01,-0.02804457430861348,-0.026388332678607667,-0.026388332678607667
2020-05-04,0.016461795232212802,0.009521436269997434,0.009521436269997434
2020-05-05,0.009832985864388218,0.002624879920972303,0.002624879920972303
2020-05-06,0.007467260884152107,-0.00048556919723241073,-0.00048556919723241073
2020-05-07,0.018610753144875983,0.02503190878685429,0.02503190878685429
2020-05-08,0.018352324582268053,0.015195928058573118,0.015195928058573118
2020-05-11,0.015644992056460215,0.002179905367778366,0.002179905367778366
2020-05-12,-0.020344017135195288,-0.020635754341259242,-0.020635754341259242
2020-05-13,-0.013715059111024093,-0.015604936959416518,-0.015604936959416518
2020-05-14,0.009585357841080827,0.015431871172130223,0.015431871172130223
2020-05-15,0.013284005111677743,0.008255913382814345,0.008255913382814345
2020-05-18,0.018326149099689784,0.02514284390146713,0.02514284390146713
2020-05-19,0.00046793914382291024,-0.005636341013972566,-0.005636341013972566
2020-05-20,0.01894150688308683,0.0212211535610213,0.0212211535610213
2020-05-21,-0.011691575184853103,-0.012037309050844528,-0.012037309050844528
2020-05-22,0.00759527991883332,0.0028975330056505077,0.0028975330056505077
2020-05-26,-0.007540911182713579,0.006677061655580775,0.006677061655580775
2020-05-27,0.00035561512282781307,0.012920926127521897,0.012920926127521897
2020-05-28,6.558394140769904e-05,-0.005452139925232625,-0.005452139925232625
2020-05-29,0.00819848539591984,0.011077742948933877,0.011077742948933877
2020-06-01,0.007976037981739617,0.009415622979429565,0.009415622979429565
2020-06-02,0.002600427215387456,0.005931411822414129,0.005931411822414129
2020-06-03,0.00453699270607737,0.010978983458819704,0.010978983458819704
2020-06-04,-0.010457860607311954,-0.00457355178659822,-0.00457355178659822
2020-06-05,0.019183050294381596,0.017271896457111875,0.017271896457111875
2020-06-08,0.00772929301197913,0.014989607672755176,0.014989607672755176
2020-06-09,0.01375061196611266,-0.007661856870169207,-0.007661856870169207
2020-06-10,0.022683774356253735,0.0016523828496208504,0.0016523828496208504
2020-06-11,-0.048793721644103796,-0.04775442128184993,-0.04775442128184993
2020-06-12,0.008401865365551688,0.0084311614274919,0.0084311614274919
2020-06-15,0.0146466617688717,0.016177155977171617,0.016177155977171617
2020-06-16,0.01625590397177857,0.014494436380275288,0.014494436380275288
2020-06-17,0.003913066841561031,-5.28238755335489e-05,-5.28238755335489e-05
2020-06-18,0.004907718891486246,0.005628241525492028,0.005628241525492028
2020-06-19,-0.0032528591844708916,-0.006895024303097283,-0.006895024303097283
2020-06-22,0.02228923189604079,0.010855820257547631,0.010855820257547631
2020-06-23,0.007534412034157842,0.004629105584044598,0.004629105584044598
2020-06-24,-0.01959513994413865,-0.022464500168070698,-0.022464500168070698
2020-06-25,0.013422855056604979,0.009093642460208587,0.009093642460208587
2020-06-26,-0.03160545907699069,-0.028213702518928924,-0.028213702518928924
2020-06-29,0.01195921966155281,0.012984994889867447,0.012984994889867447
2020-06-30,0.018063392371712225,0.014562446733590783,0.014562446733590783
2020-07-01,0.012657564313637033,0.01154182565388095,0.01154182565388095
2020-07-02,0.005521549912248191,0.0029777003918168192,0.0029777003918168192
2020-07-06,0.027237928245037974,0.023902877633275546,0.023902877633275546
2020-07-07,-0.007021444467989476,-0.008044781954923827,-0.008044781954923827
2020-07-08,0.023234827559944292,0.031226434018733675,0.031226434018733675
2020-07-09,0.010652630106704506,0.003215395971311108,0.003215395971311108
2020-07-10,0.003933455859744456,0.0050485619528407326,0.0050485619528407326
2020-07-13,-0.02558799788116618,-0.02918732380219087,-0.02918732380219087
2020-07-14,0.011404425834976823,0.014282683980264508,0.014282683980264508
2020-07-15,-0.0030563754420475523,0.004652439250366767,0.004652439250366767
2020-07-16,-0.010251790537034431,-0.007807206780086233,-0.007807206780086233
2020-07-17,-0.0015481049591719305,-0.001184260609332052,-0.001184260609332052
2020-07-20,0.03393134978963483,0.018109990432834504,0.018109990432834504
2020-07-21,-0.012733318499096364,-0.002432957195760603,-0.002432957195760603
2020-07-22,0.0030756198279968403,0.0015960355262271235,0.0015960355262271235
2020-07-23,-0.03194525956665598,-0.015060826945742543,-0.015060826945742543
2020-07-24,-0.0017851786588914276,-0.005738206184157616,-0.005738206184157616
2020-07-27,0.01750076031135401,0.012127618235563183,0.012127618235563183
2020-07-28,-0.013112981188673599,-0.005550105958536793,-0.005550105958536793
2020-07-29,0.01708895090023939,0.01499935939137292,0.01499935939137292
2020-07-30,0.00495872356195816,0.009754322774430644,0.009754322774430644
2020-07-31,0.03260028161801294,0.0044104249985029405,0.0044104249985029405
2020-08-03,0.021012444139230074,0.013386925825328905,0.013386925825328905
2020-08-04,0.002467603414269517,0.005545071376105367,0.005545071376105367
2020-08-05,0.008287360240891268,0.012876846516922488,0.012876846516922488
2020-08-06,0.018275341903141916,0.007542369628640007,0.007542369628640007
2020-08-07,-0.01875359549124704,-0.016930088028278268,-0.016930088028278268
2020-08-10,-0.0031594117533348316,-0.008884981543094892,-0.008884981543094892
2020-08-11,-0.02081160049386052,-0.00709066365964469,-0.00709066365964469
2020-08-12,0.025086680039106714,0.013067801624644375,0.013067801624644375
2020-08-13,0.007319549431051128,-4.0376970781090254e-05,-4.0376970781090254e-05
2020-08-14,-0.0014441342329630502,0.0013961702431169707,0.0013961702431169707
2020-08-17,0.012265532019057291,0.008735044600679058,0.008735044600679058
2020-08-18,0.014802188173077348,0.006466875670343339,0.006466875670343339
2020-08-19,-0.003199692920928392,-0.00043966124217860594,-0.00043966124217860594
2020-08-20,0.017061974669099235,0.009507257638705056,0.009507257638705056
2020-08-21,0.016203895346309477,5.452184461148641e-05,5.452184461148641e-05
2020-08-24,0.007259986135696185,0.007968723895355951,0.007968723895355951
2020-08-25,0.006321792695025072,0.003467173308636294,0.003467173308636294
2020-08-26,0.045948990384160567,0.026873065216725816,0.026873065216725816
2020-08-27,-0.0031096446865981984,-0.0008035565010514408,-0.0008035565010514408
2020-08-28,0.005243646701189235,0.006659961849953237,0.006659961849953237
2020-08-31,0.012059896270065738,0.0007090654029427634,0.0007090654029427634
2020-09-01,0.02801854807379209,0.020780487835555073,0.020780487835555073
2020-09-02,0.004732938177441908,0.006379093089692277,0.006379093089692277
2020-09-03,-0.06164767289149422,-0.0386847041908374,-0.0386847041908374
2020-09-04,-0.017469478620542718,-0.015085578245911316,-0.015085578245911316
2020-09-08,-0.047716602743992274,-0.024453365872074747,-0.024453365872074747
2020-09-09,0.03509952483850941,0.020315285756504913,0.020315285756504913
2020-09-10,-0.02347419802941972,-0.015178238013913636,-0.015178238013913636
2020-09-11,-0.010862500264589115,-0.004970769082864635,-0.004970769082864635
2020-09-14,0.018262291578775982,0.015915862948537144,0.015915862948537144
2020-09-15,0.011254867824971426,0.008966897661906241,0.008966897661906241
2020-09-16,-0.02017884792078875,-0.008204816923047368,-0.008204816923047368
2020-09-17,-0.01575344063747597,-0.014676078218805446,-0.014676078218805446
2020-09-18,-0.01873926585011782,-0.006059063520662944,-0.006059063520662944
2020-09-21,0.012154984560838961,-0.0019035362199441926,-0.0019035362199441926
2020-09-22,0.020581440176625568,0.013998044391431342,0.013998044391431342
2020-09-23,-0.03856662352491198,-0.03133266771051142,-0.03133266771051142
2020-09-24,0.008073328630194094,0.002990478506753133,0.002990478506753133
2020-09-25,0.026669641473457534,0.014645652627852829,0.014645652627852829
2020-09-28,0.017709009406539734,0.017014115884949166,0.017014115884949166
2020-09-29,-0.0022689062762161804,-2.005656533176681e-05,-2.005656533176681e-05
2020-09-30,0.011166116995628889,0.004685150507187543,0.004685150507187543
2020-10-01,0.012742619830596708,0.011400309600450353,0.011400309600450353
2020-10-02,-0.027762529457039237,-0.016245600953111165,-0.016245600953111165
2020-10-05,0.02543884749884198,0.020080372711465747,0.020080372711465747
2020-10-06,-0.0183584477039473,-0.012219035609379363,-0.012219035609379363
2020-10-07,0.020063473368518266,0.018698742039979177,0.018698742039979177
2020-10-08,0.0014242482772290378,0.006576575704722946,0.006576575704722946
2020-10-09,0.016574709150124076,0.009508704785874207,0.009508704785874207
2020-10-12,0.03510184576425369,0.013424449307381129,0.013424449307381129
2020-10-13,-0.004427496383625201,0.004032534205820998,0.004032534205820998
2020-10-14,-0.009100011075192514,-0.011442340647517184,-0.011442340647517184
2020-10-15,-0.006824421760263213,-0.0034347163189770457,-0.0034347163189770457
2020-10-16,-0.00690679924583914,-0.0021612654286991507,-0.0021612654286991507
2020-10-19,-0.021244832391909944,-0.017120151874940204,-0.017120151874940204
2020-10-20,0.007074223682798142,0.0023507568305692695,0.0023507568305692695
2020-10-21,-0.004643368361094694,-0.0028944884237329513,-0.0028944884237329513
2020-10-22,-0.004037743952697762,0.0035649436774863575,0.0035649436774863575
2020-10-23,0.003520734856794466,-0.0017516908965646949,-0.0017516908965646949
2020-10-26,-0.017523145576794727,-0.021495237666930775,-0.021495237666930775
2020-10-27,0.01446177525660248,0.0011379440768523046,0.0011379440768523046
2020-10-28,-0.04503744555607262,-0.03194400154723441,-0.03194400154723441
2020-10-29,0.02145221154558986,0.018981822276288064,0.018981822276288064
2020-10-30,-0.028791786925181174,-0.018358498732984545,-0.018358498732984545
2020-11-02,0.0008503447731020125,0.004963617168687681,0.004963617168687681
2020-11-03,0.019167972866304787,0.014926455394169784,0.014926455394169784
2020-11-04,0.04822209275481447,0.02783863280103458,0.02783863280103458
2020-11-05,0.028490201793297476,0.032688601080488405,0.032688601080488405
2020-11-06,0.0032655135842112153,-0.0035530255849709883,-0.0035530255849709883
2020-11-09,-0.016323855285746217,0.00882606603355813,0.00882606603355813
2020-11-10,-0.02327560912208328,-0.006453778783085442,-0.006453778783085442
2020-11-11,0.025899179163624594,0.01681478442856916,0.01681478442856916
2020-11-12,-0.004367752283885392,0.001744189401285444,0.001744189401285444
2020-11-13,0.0033132682162156286,0.007672018053963852,0.007672018053963852
2020-11-16,0.008584752068159285,0.013091346039448564,0.013091346039448564
2020-11-17,-0.0003824740878669096,0.004392534084883377,0.004392534084883377
2020-11-18,-0.008728931746078356,-0.011947056014820772,-0.011947056014820772
2020-11-19,0.00854187365763499,0.008746508976025172,0.008746508976025172
2020-11-20,-0.011926490432254334,0.0009673936023210447,0.0009673936023210447
2020-11-23,-0.006664898817000993,0.01768167753010382,0.01768167753010382
2020-11-24,0.011003554549486023,0.013190879644656676,0.013190879644656676
2020-11-25,0.0010185985537493865,0.004410470219529031,0.004410470219529031
2020-11-27,0.004607612872887146,0.00650401055943235,0.00650401055943235
2020-11-30,0.0024533837027660645,-0.005812643911786587,-0.005812643911786587
2020-12-01,0.012827638463728419,0.008367318438996454,0.008367318438996454
2020-12-02,-0.0067113592741053175,-0.004019816663794959,-0.004019816663794959
2020-12-03,0.00021229788329520173,0.001344361296004439,0.001344361296004439
2020-12-04,0.004183133438076291,0.016138878336564726,0.016138878336564726
2020-12-07,0.004999567520974799,0.0016491096072522155,0.0016491096072522155
2020-12-08,0.002043275495035278,0.011573493534489271,0.011573493534489271
2020-12-09,-0.023297990668170836,-0.015900488559178357,-0.015900488559178357
2020-12-10,0.005975660555971407,0.00641668534920531,0.00641668534920531
2020-12-11,0.003178052822712059,0.003560253131725775,0.003560253131725775
2020-12-14,0.000898459242023751,0.001157581725368491,0.001157581725368491
2020-12-15,0.016287474116438754,0.013572852676035401,0.013572852676035401
2020-12-16,0.0071706463945686695,0.007225573162762844,0.007225573162762844
2020-12-17,0.004994601349058836,0.011024186702317479,0.011024186702317479
2020-12-18,-0.0033231727936497224,0.009246866384790215,0.009246866384790215
2020-12-21,0.005995481901287382,0.002539113013050588,0.002539113013050588
2020-12-22,0.011632849967740496,0.025882684251342984,0.025882684251342984
2020-12-23,-0.008052468573865892,-0.001056038829194341,-0.001056038829194341
2020-12-24,0.0024375285500627154,0.00297047505033374,0.00297047505033374
2020-12-28,0.01659527998640351,0.005727320285425356,0.005727320285425356
2020-12-29,-0.005254023719459272,-0.007367574147256797,-0.007367574147256797
2020-12-30,-0.00324800530144579,0.0033523349214435397,0.0033523349214435397
2020-12-31,-0.001083771938357597,0.003480769522667026,0.003480769522667026
2021-01-04,-0.017544531166110648,-0.012153893534830488,-0.012153893534830488
2021-01-05,0.009785358353959467,0.014215051313977881,0.014215051313977881
2021-01-06,-0.02625427889123337,-0.0027896705065429766,-0.0027896705065429766
2021-01-07,0.027632526194263117,0.031284519634417064,0.031284519634417064
2021-01-08,0.007718396931260322,0.002077861468674109,0.002077861468674109
2021-01-11,-0.01182789051288045,-0.006214300792293657,-0.006214300792293657
2021-01-12,-0.005831974141597964,-0.004059780719760921,-0.004059780719760921
2021-01-13,0.009070349577645367,0.004736137540013322,0.004736137540013322
2021-01-14,-0.013953684880710093,-0.005629252656178536,-0.005629252656178536
2021-01-15,-0.01064224534291634,-0.00997819324653096,-0.00997819324653096
2021-01-19,0.012631692631413855,0.0099910286020618,0.0099910286020618
2021-01-20,0.03665614734232215,0.026021157395886788,0.026021157395886788
2021-01-21,0.01432007180646434,0.0006369330840721192,0.0006369330840721192
2021-01-22,0.004936509006783868,0.0037100732247197696,0.0037100732247197696
2021-01-25,0.006900652248979161,0.0020647516622967345,0.0020647516622967345
2021-01-26,-0.0002690094785819603,-0.0033942495057144957,-0.0033942495057144957
2021-01-27,-0.02109339961324057,-0.02140893725004598,-0.02140893725004598
2021-01-28,0.0034786939151930617,0.01119999936515667,0.01119999936515667
2021-01-29,-0.019523591749377636,-0.013631120563774001,-0.013631120563774001
2021-02-01,0.023315295086733214,0.022783581951242773,0.022783581951242773
2021-02-02,0.01490764726220525,0.016377331327271497,0.016377331327271497
2021-02-03,0.004188199918433232,0.011562582913029303,0.011562582913029303
2021-02-04,0.013698097405074924,0.010663372931442665,0.010663372931442665
2021-02-05,0.0018858038037769644,0.0052626483220901184,0.0052626483220901184
2021-02-08,0.007801903870725291,0.0261725968620995,0.0261725968620995
2021-02-09,-0.004258244808192686,0.0013763442563109868,0.0013763442563109868
2021-02-10,0.0036188040368063576,0.0004951727726463694,0.0004951727726463694
2021-02-11,0.006163998379337165,0.004888430021842668,0.004888430021842668
2021-02-12,4.8857161088168944e-05,0.0104081158200655,0.0104081158200655
2021-02-16,0.0019453403069819727,0.00013147858437600581,0.00013147858437600581
2021-02-17,-0.007180663911852886,-0.004208101896533135,-0.004208101896533135
2021-02-18,-0.0041837739378911025,-0.007847054460378857,-0.007847054460378857
2021-02-19,-0.003994718786317796,-0.00022975860700380526,-0.00022975860700380526
2021-02-22,-0.023016807002862835,-0.012502562536568122,-0.012502562536568122
2021-02-23,-0.0036841153124428146,-0.00743217820746756,-0.00743217820746756
2021-02-24,0.005667121277397003,0.0060879148391882664,0.0060879148391882664
2021-02-25,-0.037244565481226934,-0.02941559355506846,-0.02941559355506846
2021-02-26,1.4662797225080965e-05,0.0011856995937925454,0.0011856995937925454
2021-03-01,0.027782619807813415,0.030623294642243913,0.030623294642243913
2021-03-02,-0.016380443895685444,-0.010667557723648712,-0.010667557723648712
2021-03-03,-0.027983467877741884,-0.01990858436816999,-0.01990858436816999
2021-03-04,-0.012609733757468043,-0.012981053561489214,-0.012981053561489214
2021-03-05,0.014333363673334652,0.010392836633520372,0.010392836633520372
2021-03-08,-0.02916816515400195,-0.012397434714994536,-0.012397434714994536
2021-03-09,0.034423650691853644,0.02604253514579904,0.02604253514579904
2021-03-10,-0.00419522532783233,0.007861372509573366,0.007861372509573366
2021-03-11,0.0231929601666308,0.023151876538303296,0.023151876538303296
2021-03-12,-0.01057221744521629,0.00022465287518676832,0.00022465287518676832
2021-03-15,0.009925342996227106,0.01031722257340609,0.01031722257340609
2021-03-16,0.007465635113709873,0.0014292046861408391,0.0014292046861408391
2021-03-17,0.0004342549594100567,0.003565793172155249,0.003565793172155249
2021-03-18,-0.03266309948077228,-0.034156665821970876,-0.034156665821970876
2021-03-19,0.002347011900901747,0.008097067872378657,0.008097067872378657
2021-03-22,0.01814220291919021,0.008373031998962223,0.008373031998962223
2021-03-23,-0.0020153953028807627,-0.013229877375124932,-0.013229877375124932
2021-03-24,-0.01794744797442802,-0.026531418771540725,-0.026531418771540725
2021-03-25,-0.004888021511785421,-0.0019429408457547327,-0.0019429408457547327
2021-03-26,0.008529896745325989,-0.0037502675059850514,-0.0037502675059850514
2021-03-29,0.0030207128509756914,-0.007396017757029731,-0.007396017757029731
2021-03-30,-0.006921391648751647,0.0008244277733970948,0.0008244277733970948
2021-03-31,0.015836719410480864,0.010025293984588884,0.010025293984588884
2021-04-01,0.022514758936384837,0.02397545044636091,0.01653979640481118
2021-04-05,0.019980680022301203,0.014106322847669427,0.016131543116236186
2021-04-06,0.0006542998095076009,0.0014764553051896247,0.003965577970212574
2021-04-07,0.0101813104755927,0.0009449821683268022,0.0015063051955806874
2021-04-08,0.013392553340876443,0.005467700833444462,-0.0023772582374437536
2021-04-09,0.015090207267209789,0.0037897357269924274,0.0033960918411120172
2021-04-12,0.00044665643258616,0.0010442077186654751,-0.00370747893508066
2021-04-13,0.015850772474541197,0.000809804198716595,-0.005890283769970928
2021-04-14,-0.014989145242323776,-0.0010131859118986712,0.0015718292446379536
2021-04-15,0.021799325074106726,0.010380135631238945,0.006004028939860192
2021-04-16,-0.001473824209095118,0.002344936862006203,0.004878645547596835
2021-04-19,-0.004942943097009745,-0.0037846930060097483,0.0006016728555646204
2021-04-20,-0.011236332413409534,-0.012094341015380428,-0.005993502273649835
2021-04-21,0.004938282802840334,0.006498744200398905,0.006073548186733826
2021-04-22,-0.010880582817295295,0.004969719645744451,0.022310359958877094
2021-04-23,0.015078342884834714,0.008615245163239414,0.006378932213633459
2021-04-26,0.008594022481139465,0.012510206452303508,-0.0031070572016834437
2021-04-27,-0.003201909883950556,-0.0014938601415753442,-0.00372717467325265
2021-04-28,0.0009515703893431835,0.0068320168359155085,0.011127726241084579
2021-04-29,0.00021825503645010565,0.012696740939273633,0.014062070548401757
2021-04-30,-0.011551545879841502,-0.007093192293485402,-0.0033636477570390595
2021-05-03,-0.006444607666899272,-0.0008655115268802015,-0.0072369191275483
2021-05-04,-0.02468579836870927,-0.00475156279956856,-0.008016211803606007
2021-05-05,-0.0028140019603736105,-0.007040411077242144,-0.006322508608793332
2021-05-06,0.0087821605685959,-0.013440384546216011,-0.0023960651928058214
2021-05-07,0.006169739992071331,-0.019666282049630987,0.0011424388228681468
2021-05-10,-0.023576501060007988,-0.015064666917159795,-0.020388211206291428
2021-05-11,-0.0001557277120582834,-0.011603268719538295,0.003133264221189062
2021-05-12,-0.026684481904561196,-0.029976440835803066,-0.027778543301435754
2021-05-13,0.007992249775777605,0.004855445263138719,0.006957097830001176
2021-05-14,0.023107544505363717,0.013154687770163794,0.010189000637485278
2021-05-17,-0.004907185687032792,-0.013080606889512033,-0.0026396476077143577
2021-05-18,-0.007913999582718208,-0.026676687956735154,-0.018480358034472462
2021-05-19,0.0041128610379083845,-0.011301917348940062,-0.002437922822932876
2021-05-20,0.01802595894060639,0.009095537943037874,0.015849364127882817
2021-05-21,-0.002167498304128983,0.0012300704464982377,0.00029624261256053566
2021-05-24,0.019850788409719145,0.00865617952957197,0.01110771749755616
2021-05-25,0.0010626064682278903,-0.009839686907920284,-0.002145871313495687
2021-05-26,0.003274611456741088,0.006830648091227436,-0.0018343817537034256
2021-05-27,-0.008776996122963898,0.0035035319408883744,0.004613355315614002
2021-05-28,0.009321505186866764,-0.0023166512031099064,0.003945444854338075
2021-06-01,-0.0014539248484695868,-0.00045748726180765636,0.0004117354950847351
2021-06-02,0.0045853223668825775,-0.0009136200423254852,-0.0033338627604717094
2021-06-03,-0.009002301304802129,-0.0119140016589652,-0.006865030231764881
2021-06-04,0.018132901695711322,0.003670457301509983,0.004786679786083347
2021-06-07,0.0029042229530133884,-0.0004293858503884072,-0.0012910565293155166
2021-06-08,0.0012999409267640241,-0.005082664852875034,-0.0037912067866318856
2021-06-09,0.0006658693091208574,-0.0015346453966937291,-0.004289636401953734
2021-06-10,0.007779778582924003,0.017604914296965403,0.012987816679788544
2021-06-11,0.006562738002429442,0.007558407003728907,0.006301850126431055
2021-06-14,0.014548872951320456,0.00476618381858187,0.0031891218777740627
2021-06-15,-0.007870025858753339,-0.009747401188612854,-0.008407031714564684
2021-06-16,0.0010452644460807808,-0.0016028679460164525,-0.004394825756942986
2021-06-17,0.016245704836444465,0.009828834952570593,0.008187562395393049
2021-06-18,-0.006704810933601416,-0.00476637002911278,-0.009190972981923748
2021-06-21,0.006264444312330776,0.0023088225349476967,0.004659106138094001
2021-06-22,0.01128182361790117,0.014043206156599292,0.009268666619101645
2021-06-23,-0.00021363757772117656,-0.004061143968627876,-0.0010234370577456152
2021-06-24,0.0019153179497024564,0.012052601844203625,0.012656738235968742
2021-06-25,-0.003808598229693214,0.0008142119698052072,0.00209220955047207
2021-06-28,0.013030218946710338,0.004645363293683331,0.0007761929099979546
2021-06-29,0.004986088322170861,0.00036050788572984313,-0.0022897120751346842
2021-06-30,-0.0010788384389059315,-0.0026294033550327695,0.0009238722414461875
2021-07-01,0.003243235194761279,-0.0035118671994990784,-0.0016239801456620145
2021-07-02,0.017110301273179338,0.005527531487400721,0.008677626562545736
2021-07-06,0.01466503689832192,0.006193564752306076,0.005468167525437551
2021-07-07,0.004178091226803027,-0.0038116993551593,-0.0014160267418271758
2021-07-08,-0.009105734175468994,-0.012205661650778224,-0.011239370198223055
2021-07-09,0.006433706412254227,0.009875507818939982,0.011482813367253021
2021-07-12,0.0023104253837953155,0.0016983959632197088,0.0012644826991977946
2021-07-13,0.001910654679844681,-0.00742755626578689,-0.00251163187750487
2021-07-14,0.004958505694980307,-0.011152828536184278,-0.0017495053403243632
2021-07-15,-0.012028594901544199,-0.012454796141877632,-0.01177769047980453
2021-07-16,-0.011744900659033636,-0.007749763470927666,-0.007825062380960039
2021-07-19,-0.010947249167117885,-0.0018569442384912547,-0.005597693166653264
2021-07-20,0.01326891701272984,0.011597463645127004,0.012692005719578011
2021-07-21,0.0063285187952120524,0.0005650994234558112,-0.000758424273017275
2021-07-22,0.0116530272201926,-0.0003751317885263743,-9.323826465753873e-05
2021-07-23,0.011009171167546104,0.005584903599199727,0.008595785074928992
2021-07-26,0.0007154962690292133,-0.008104155941763037,-0.004075102479427319
2021-07-27,-0.012100450373168826,-0.00799112072590269,-0.006173745898980625
2021-07-28,0.0021199930024340765,0.014240628388002954,0.01130970443272155
2021-07-29,0.0007524974555227802,0.004365136900380157,0.0073440767294615985
2021-07-30,-0.012564702173559324,-0.00546146538809545,-0.005037076301148468
2021-08-02,-0.0002825393361835393,-0.0010883459458715778,-0.00264673169333563
2021-08-03,0.005868786865539751,-0.005431413703752839,-0.004277979823973297
2021-08-04,0.0036119101467336737,0.004705856197040219,0.001796661057535144
2021-08-05,0.009597332320940224,0.012651394272665968,0.0102351058526592
2021-08-06,-0.005419426877562281,-0.0008190252986531708,-0.0014053419902540782
2021-08-09,-0.0002562518073040379,0.005495995380716871,0.0020708747035915356
2021-08-10,-0.009282047466706132,-0.0042172807911167705,-0.004403572581037541
2021-08-11,-0.004450791834949336,-0.005720643712050454,-0.004525511425788287
2021-08-12,0.012274031242840905,0.0007153517189989411,-1.9161182203702214e-06
2021-08-13,0.005108037190422956,0.0003622261809902381,0.003978988233540463
2021-08-16,0.0015799068700006948,-0.00835732614242547,-0.006912479324173678
2021-08-17,-0.010602618871810306,-0.008406846297518113,-0.00861888919295171
2021-08-18,-0.011491852094446312,-0.004537463711702896,-0.006343650996465287
2021-08-19,0.00831441138549788,-0.006183413184445177,-0.004977293524541315
2021-08-20,0.016004029966624745,0.013665886563690575,0.01197280773483234
2021-08-23,0.017785273102693202,0.016308572506727164,0.012157444449736278
2021-08-24,0.006605868048844769,0.017023731559680295,0.020225431583733612
2021-08-25,0.0015044580203147243,0.00331229883159222,0.0012966386505141234
2021-08-26,0.00022361921034841565,-0.005559287802979429,-0.005736376238830759
2021-08-27,0.009908651715359245,0.015819267031196498,0.012979015051905855
2021-08-30,0.01227198997151866,0.0006771942312376173,0.001265911186331997
2021-08-31,-0.0024688540149993858,0.009224316202636957,0.007317290972447764
2021-09-01,0.0034576471682372808,-0.003248529936176613,0.00225193697931211
2021-09-02,-0.0025808127472854137,-0.0027798983606630258,-0.0027497174541377145
2021-09-03,0.00594343897723125,0.0060625932406202735,0.006359558942884561
2021-09-07,0.0039014729213547625,-0.004640370960454056,-0.0008802331549129231
2021-09-08,-0.005641987683661871,-0.010054048629868797,-0.007420760149329775
2021-09-09,-0.006223686200783231,-5.852435888483305e-05,-0.0015178108923408267
2021-09-10,-0.013201611430047958,-0.00625605419685954,-0.009232965296799562
2021-09-13,-0.0010668523990634367,-0.0074115805054594764,-0.006699487828151149
2021-09-14,-0.0021697057490776234,-0.00039286966688202205,-0.0029333353128507362
2021-09-15,0.00819311939581971,0.007217260040868204,0.007941681765765991
2021-09-16,0.0017510766611878845,0.004614158165502246,0.004171828167391323
2021-09-17,-0.012456156915421835,-0.006818190091449483,-0.007377524501229963
2021-09-20,-0.021015627175398354,-0.02211494200292621,-0.02226836061530621
2021-09-21,0.0005670245921733914,0.0007854101720288887,-0.0008389484627012281
2021-09-22,0.015318347345097317,0.017330157693669135,0.014613719479226711
2021-09-23,0.01776422711612933,0.0212104408953252,0.021306246200530846
2021-09-24,0.0032826167045416524,0.002192933362155754,0.004168967005816256
2021-09-27,-0.011731542110766545,-0.007942297226378547,-0.004747114752370194
2021-09-28,-0.02960167274650993,-0.0300429092118683,-0.03009251657068844
2021-09-29,-0.0015910467400095383,-0.008610036661191676,-0.007450310961785167
2021-09-30,-0.0034409753737818785,-0.00462146753309146,-0.0027890858004134657
2021-10-01,0.012976223504457568,0.022153547116550053,0.021064420263294137
2021-10-04,-0.025545051351536063,-0.011293963039516243,-0.013920186654347294
2021-10-05,0.016356624640965278,0.020174295958165514,0.02293555586243873
2021-10-06,0.010341676863666629,0.010754422272414492,0.009335597469322695
2021-10-07,0.009140604398668827,0.007425952228375042,0.007917380855307443
2021-10-08,-0.003919006087722995,-0.0017264315769670044,0.0007046018913561112
2021-10-11,-0.0042341969496210285,-0.0059107900099302476,-0.009540565424255307
2021-10-12,-0.0019648710409454215,0.0027115692523419412,-0.002081887762303835
2021-10-13,0.006849261619358511,-0.003791703905033743,-0.005159642763713673
2021-10-14,0.019889314233355413,0.007343147557338012,0.009582966584414336
2021-10-15,0.009167249978116642,0.010337586764946049,0.00822929632188289
2021-10-18,0.009732523286272571,0.007782741318558695,0.004285660653597903
2021-10-19,0.005864920225021869,0.010293786258400077,0.009599396774057783
2021-10-20,-0.003725449771478849,-0.0011666362152726515,-0.0010144867613743759
2021-10-21,0.005886936320410936,0.010038796637836163,0.004678149619244719
2021-10-22,-0.00620464787887603,0.016583882552849923,0.011941424421515415
2021-10-25,0.0014456052506520924,-0.003337275987271316,0.0004932261764425817
2021-10-26,0.012776312920927768,-0.00969359473259979,-0.007950283814667395
2021-10-27,0.005652637938628991,-0.01583479008328364,-0.019961104449780956
2021-10-28,0.012400226849987872,-0.0013911631291861095,-0.0013877713292752619
2021-10-29,0.0010171532113942613,0.007902105328961545,0.006067076148244333
2021-11-01,-0.0062442525626593874,0.001942942833498914,0.002646528940872952
2021-11-02,0.006348870234287972,0.0003668551360261947,-0.00021323962307542857
2021-11-03,0.00728784806240894,0.004569318645398767,0.0025407885712991703
2021-11-04,0.01974989534445777,0.022116615756385113,0.020196926887212474
2021-11-05,0.002684330028714624,-0.020461941214953427,-0.010448820521028968
2021-11-08,0.005912875565731401,0.01782993568665437,0.009757393727370665
2021-11-09,0.0031585939607825173,-0.00039381087265487964,0.0032186083042283643
2021-11-10,-0.02225140204844015,-0.023635998947517264,-0.023751906368013994
2021-11-11,0.0034171380473082377,0.009656493984150053,0.011093083072128737
2021-11-12,0.012531538977672138,0.009730270803135951,0.012009701815466714
2021-11-15,-0.0038287494260166566,-0.008469521607442968,-0.0056263107552003795
2021-11-16,0.005341235602054835,0.006396398983061058,0.008946716146316223
2021-11-17,0.000905437578796604,-0.009217594844947056,-0.0022042354472028547
2021-11-18,0.02071893972380891,0.01188492266186641,0.0032257682355304514
2021-11-19,0.006868967611983544,0.0010373817299917747,0.0004462574804216906
2021-11-22,-0.013698557909382085,-0.02038812335024631,-0.019185385906961953
2021-11-23,-0.004482701544231961,-0.0033166313001014324,-0.00924000438562643
2021-11-24,0.005485084582214379,0.007325549282166598,0.0022653695375534446
2021-11-26,-0.026669493249216455,-0.024767398472023642,-0.01982008485403879
2021-11-29,0.024877076944708462,0.025322283098136233,0.033050718037870186
2021-11-30,-0.008194680406467996,-0.024557403612717525,-0.030688931909564055
2021-12-01,-0.02622905272864309,-0.032164426267024315,-0.02469953199061647
2021-12-02,0.01088627620565371,0.03128925376914775,0.02023225344013129
2021-12-03,-0.017266243146896204,-0.01780122066772065,-0.025632411123039902
2021-12-06,0.008497394253688331,0.0005749058099126087,-0.01272011970011056
2021-12-07,0.035985405300703814,0.02500294182173033,0.04320528368575182
2021-12-08,0.00680131615939736,0.012851704176326023,0.0028122780860400224
2021-12-09,-0.010792653479902808,-0.016525694092049598,-0.01536200754652523
2021-12-10,0.009709931885437593,0.0015275107324770514,0.0020645052531060976
2021-12-13,-0.019393686056296607,-0.010768216048593888,-0.014950719423609184
2021-12-14,-0.012858693792734549,-0.011762363212665989,-0.012991862604506063
2021-12-15,0.028452382632362338,0.013171676203063433,0.04167421089808349
2021-12-16,-0.03151859574370319,-0.009997436080044374,-0.02676885845182785
2021-12-17,-0.0058742654740933185,0.00520977042347156,-0.0029412180477943286
2021-12-20,-0.00975357222433455,-0.01482216873333377,-0.00908787673299267
2021-12-21,0.023529944279499566,0.030191179541570093,0.029976132590485278
2021-12-22,0.011932685631085835,0.012072731059548886,0.016683145279330805
2021-12-23,0.004258583630825364,0.005457990487751133,0.009234205607095121
2021-12-27,0.016436529667036428,0.011411653118549407,0.018475939517365654
2021-12-28,-0.006082831175452108,-0.008718381036401698,-0.006948836055087665
2021-12-29,-0.002514530269282755,-0.004575878315830268,-0.004690395512717576
2021-12-30,-0.004208195449428624,0.0008069700904245555,-0.00793914612041937
2021-12-31,-0.006900931153574768,-0.004352263247252603,-0.006060088928713834
2022-01-03,0.012450296878799342,0.021638396350982414,0.015333884960975533
2022-01-04,-0.01575179639371756,0.002045498583545997,-0.001729471302377364
2022-01-05,-0.03888554117335006,-0.021706295438545745,-0.015119728015147068
2022-01-06,-0.0010306239018535084,-0.0022228580169607773,0.0054077472196992
2022-01-07,-0.005730515531290685,0.02736226932796927,0.00838996977474358
2022-01-10,0.001411699000138618,-0.01193194176051628,-0.007384475128331281
2022-01-11,0.014538536181061358,0.01203572321124806,0.011637903022528507
2022-01-12,0.004532516209084305,0.0032060266460404406,0.0005603366697981604
2022-01-13,-0.030033546902295812,-0.015777941713157,-0.014477212557093052
2022-01-14,0.006934283371324742,0.008804375696386636,-0.0010650148556892688
2022-01-18,-0.021462522560664277,-0.019034039284204614,-0.014636856373719526
2022-01-19,-0.01155589879581801,-0.012838004235007104,-0.007416923435885826
2022-01-20,-0.015326960196655479,-0.014711767551715889,-0.009454702552974124
2022-01-21,-0.0317935022316284,-0.03882634506378925,-0.04049528883768171
2022-01-24,0.0033449433800176575,0.006770061578749112,0.00292451223114461
2022-01-25,-0.024341340317364502,-0.012035009398811929,-0.006235192827416256
2022-01-26,0.003865108876040132,-0.02638512638402793,-0.015470805605683471
2022-01-27,-0.0009159062757557202,0.005851800076386674,0.005061495540858896
2022-01-28,0.045595849210378854,0.047427725170613416,0.03966643818011431
2022-01-31,0.03458128814371625,0.028806308808235006,0.02419630530716274
2022-02-01,0.005664389206456065,0.007100734814126905,0.009305995450335783
2022-02-02,0.008310372389478314,-0.0007418030409073642,0.010173114183526453
2022-02-03,-0.03773064978309691,-0.027173966638588794,-0.02891989586763537
2022-02-04,0.024535281228864298,0.0237691306961881,0.010758773837558674
2022-02-07,-0.00573548370865972,-0.002900424241648666,-0.006419357733174143
2022-02-08,0.012262488377490811,0.010545853371770421,0.012703456580000468
2022-02-09,0.020312680252730964,0.034323729983552084,0.023609511172039688
2022-02-10,-0.02025637166330202,-0.014959807090441916,-0.02057328253851012
2022-02-11,-0.03297806836397174,-0.026516103327635567,-0.025187870185666348
2022-02-14,0.004303766659660306,-0.00020447574368463034,-0.0007341958713952736
2022-02-15,0.029020696377451048,0.026812391379379946,0.025060413026609846
2022-02-16,-0.0014331614539377828,-0.006650081239111124,-0.0023698416593278602
2022-02-17,-0.0359841770259553,-0.036791153295672334,-0.03311103941551113
2022-02-18,-0.01485239345500201,-0.016831264554491143,-0.012067023147266627
2022-02-22,-0.011694200082041853,-0.01865050261048027,-0.012880176311429643
2022-02-23,-0.026724356907249492,-0.01344172184229287,-0.020326875741955328
2022-02-24,0.043423217751976446,0.05923606995468762,0.04034840798301792
2022-02-25,0.014659286117562979,0.029213935742618085,0.019798514934120312
2022-02-28,0.006260640397288553,0.022277325217797603,0.011188134708813689
2022-03-01,-0.01685182498705653,-0.022877214414001968,-0.01886882620538775
2022-03-02,0.014106579018832142,0.008106569662026794,0.011916343195885064
2022-03-03,-0.014271222693114248,-0.017273864773810724,-0.01758285111938123
2022-03-04,-0.020730012943328262,-0.013804390103238768,-0.01222925462855733
2022-03-07,-0.04141244373794414,-0.03792743130319292,-0.03432465430641656
2022-03-08,-0.008810453321757762,0.0009682977351948404,0.002498098993427347
2022-03-09,0.045081275919903296,0.040179768885788246,0.04036452235821694
2022-03-10,-0.004906356892948368,-0.006228695039914173,-0.005129111172534944
2022-03-11,-0.018528946430397045,-0.018571462447618082,-0.014831031851857763
2022-03-14,-0.023707968200971673,-0.02932607912420075,-0.029996638859406493
2022-03-15,0.03498018770280515,0.022361101738563812,0.017339618617798876
2022-03-16,0.03616263725680712,0.031045582045863208,0.02788377577196768
2022-03-17,0.014240468459981486,0.02775989668817708,0.02907662073574301
2022-03-18,0.028206370014548465,0.020289797964773204,0.018980900177256035
2022-03-21,-0.0011732790805661932,-0.008589596746885817,-0.010931430973134862
2022-03-22,0.01853640096108206,0.017163489942698094,0.014944732214697715
2022-03-23,-0.01087808509258856,-0.01506808761485336,-0.014869971985814688
2022-03-24,0.02564861702687789,0.013328546309154034,0.012758929138397908
2022-03-25,-0.0017797999530490497,0.0019219962510879662,0.0037653893787696286
2022-03-28,0.011929016812433732,0.007715874967640709,0.0055523408274749785
2022-03-29,0.015573014848871969,0.013345088905292218,0.014559600465036031
2022-03-30,-0.013412515318879789,-0.00977902904400315,-0.005345355730438952
2022-03-31,-0.01608858730727487,-0.010336392403085022,-0.01103943869380779
2022-04-01,-0.0009441306401707165,0.006690932403439249,0.0072713957504257016
2022-04-04,0.0232798399580103,0.01891396052506457,0.013745765622472428
2022-04-05,-0.024839112314393477,-0.020767064183856942,-0.020442058278650907
2022-04-06,-0.031777752638706566,-0.025994434116684936,-0.019086353636102855
2022-04-07,-0.0012997653808688927,4.145987552564244e-05,0.0023282603385712326
2022-04-08,-0.016731831822240036,-0.00727343605562994,0.00023503127577422506
2022-04-11,-0.026347043854140613,-0.0008796110629144993,0.011990993923169326
2022-04-12,-0.0020303049369262594,-0.00013101967267784096,0.005684770417657501
2022-04-13,0.020608090431478043,0.02283321352793657,0.02791187996179758
2022-04-14,-0.027090998813003985,-0.017811506318392723,-0.013803103646226982
2022-04-18,0.0010241021252867355,-0.009444284370533426,-0.01242621120280916
2022-04-19,0.01994699158848998,0.015061534807448982,0.01219127551685108
2022-04-20,-0.02133713582312888,-0.021340864608879035,-0.009484716896280599
2022-04-21,-0.027664274031105326,-0.019992197786372828,-0.009270358914021459
2022-04-22,-0.029827291287722324,-0.02640189402973656,-0.027064762320172783
2022-04-25,0.01632251377880209,0.016656901665524675,0.016848602439095153
2022-04-26,-0.039598473632031624,-0.038074517836382604,-0.034834993967265755
2022-04-27,0.0004931492895256706,0.005204931146174246,0.0017942498091032685
2022-04-28,0.044058545531007035,0.03182002680044511,0.025451361541347146
2022-04-29,-0.0542268325140797,-0.041033655081883634,-0.038430835032785333
2022-05-02,0.01538866482019444,0.02322848085061501,0.020213746804074617
2022-05-03,0.001763763735968458,-0.012567409171694393,-0.010225396269574428
2022-05-04,0.032692285339911246,0.021319600779597547,0.026187286822601616
2022-05-05,-0.05911210327067614,-0.05670267542345599,-0.05248763000387302
2022-05-06,-0.010581229908263764,-0.029058663350336817,-0.018183955318701768
2022-05-09,-0.046227852574791096,-0.05951000831788481,-0.044073642107247596
2022-05-10,0.018744696587554437,0.025399828714846636,0.016574850363826183
2022-05-11,-0.03799122650626312,-0.04561951424331034,-0.03556995412399325
2022-05-12,-0.011110040683903777,0.00425249711608539,-0.002588496328717785
2022-05-13,0.044344426208123525,0.0478135581231218,0.036876798755518365
2022-05-16,-0.015060258915457878,-0.027409891523550455,-0.017831128268564513
2022-05-17,0.025221378853495777,0.02063644665852817,0.021334335627058575
2022-05-18,-0.052716856172059345,-0.052943617777289585,-0.046516825210790536
2022-05-19,-0.007659095218649722,0.011414232047290307,0.008301955087958668
2022-05-20,0.002440713784190035,0.018686861365618233,0.010779498771044416
2022-05-23,0.023303053269398993,0.016078108637418296,0.018572653287210934
2022-05-24,-0.028206547977510137,-0.04381545719652023,-0.03441946436247263
2022-05-25,0.017087585474437703,0.033196998294455715,0.026867163077905945
2022-05-26,0.026365457181043692,0.034060490634401835,0.027356177891170213
2022-05-27,0.03586355564627039,0.032120746639191525,0.025366750155123678
2022-05-31,-0.0008326409594104317,-0.006673634469839319,-0.0052701431467592165
2022-06-01,0.008822531731408123,-0.009511783897977992,-0.005300760607222004
2022-06-02,0.034577173364588314,0.033072341367289725,0.013641541327254484
2022-06-03,-0.029455085419968552,-0.027016481459902066,-0.019513977243193755
2022-06-06,0.005244688615180911,0.0026202461506293576,-0.0018683125756946788
2022-06-07,0.011114275920024575,0.018271621463867536,0.011719112023372932
2022-06-08,-0.00426779375525629,-0.01500659129791245,-0.008331103432250278
2022-06-09,-0.029228319196631887,-0.0026283834604210353,-0.011056789960760496
2022-06-10,-0.04353563026854701,-0.044352588277781844,-0.025742973823298303
2022-06-13,-0.0512925370839573,-0.06608773043247547,-0.04574810473681651
2022-06-14,0.0021473720709020345,0.0018393086372082963,-0.0025854099589490754
2022-06-15,0.030090666991352676,0.02701880902216581,0.013123037803160993
2022-06-16,-0.04095511859618039,-0.04495083515673046,-0.037918086831555634
2022-06-17,0.01644603879845333,0.020155958254505318,0.019621703776300015
2022-06-21,0.02798329955397023,0.022585839441007748,0.021557526717724478
2022-06-22,-0.0009407505154466417,-0.004256826468806257,0.005667538565287379
2022-06-23,0.018449442776620688,0.016053837417742776,0.013617682196329244
2022-06-24,0.04111554072332562,0.027450830294775314,0.024355256498549808
2022-06-27,-0.012741325278777386,0.00572068040953092,-0.003957870408773972
2022-06-28,-0.03771097574924803,-0.03739807055814682,-0.02018077171165577
2022-06-29,0.002692082015948505,-0.012848899213501784,0.0046586959581200755
2022-06-30,-0.02078117131407425,-0.013886819082435066,-0.008384251400829776
2022-07-01,0.0107643988071542,0.015148135588378115,0.015190248182276812
2022-07-05,0.024785147945175084,0.02906819912575854,0.016534142533568844
2022-07-06,0.006528818992867045,-0.0035916214439957028,-0.003223089689295655
2022-07-07,0.024302174061175068,0.027579647489415857,0.01761566528002365
2022-07-08,-0.00020024750796863216,0.005289337986793862,0.0016732926607840044
2022-07-11,-0.021507765184810648,-0.027564119098621463,-0.020960990491804055
2022-07-12,-0.015589177531379823,-0.006547341512376611,-0.003614186445335029
2022-07-13,-0.003745592392005905,0.002168900775566209,-0.00045898071709916477
2022-07-14,0.004111152732239431,0.011062221933834705,0.005592238540542977
2022-07-15,0.02250191166814459,0.03242671696822407,0.027073977395433012
2022-07-18,-0.007004284698711806,-0.008177387151558102,-0.007828420079975055
2022-07-19,0.03442350121091212,0.029304534025299395,0.024669820592870397
2022-07-20,0.023380914998130088,0.023292684307797445,0.014855589528475452
2022-07-21,0.013603331692463255,0.013645127791571676,-0.0015143146084553494
2022-07-22,-0.020461675934056407,-0.01845554835097083,-0.01595813895007656
2022-07-25,-0.009770820587674804,-0.0013774837917051447,-0.0005358731176907312
2022-07-26,-0.02719568065498634,-0.01922374597858022,-0.015443368290222647
2022-07-27,0.051586812677019575,0.03340360016620023,0.024276889772878747
2022-07-28,0.009821283656821746,-0.011226644852017846,-0.01638540667834802
2022-07-29,0.028266900096135913,-0.0019810001504903707,-0.004820913352987637
2022-08-01,-0.002439200134023745,-0.000969803084645767,-0.010509579882912566
2022-08-02,-0.004449817995484057,0.022292846035636193,0.013349948379916033
2022-08-03,0.03176639839976581,0.03232598766218812,0.02739156014439239
2022-08-04,0.004632501129348623,0.008750057374263777,0.01915689493178181
2022-08-05,-0.004922251089800601,0.014209892657061135,-0.021784375327570202
2022-08-08,-0.009720226645717466,0.011197630223801222,-0.0027774406866992864
2022-08-09,-0.011200405726923558,-0.029265821306422884,-0.022313842042752278
2022-08-10,0.03380115479894093,0.02721568128126535,0.023130268767540013
2022-08-11,-0.006012953822696425,0.022231388332915887,0.016704014508736178
2022-08-12,0.02261421762255419,0.010865684573591812,0.01337882371174227
2022-08-15,0.006207206483465591,-0.013598548421436632,-0.009230385724481467
2022-08-16,-0.0019234826208118759,-0.0022826394582352847,0.005680259683523766
2022-08-17,-0.008654686522206852,-0.021161232093355468,-0.014164744595357251
2022-08-18,0.0026682468846914316,0.007722399552604935,-0.0006545087906151278
2022-08-19,-0.022495061169965403,-0.020195666054185425,-0.008998648153225763
2022-08-22,-0.030497177066660833,-0.031592996298534376,-0.033015070844567874
2022-08-23,0.001860652412393914,0.0011289589344828513,-0.0020286128947960684
2022-08-24,0.004219856499398019,0.019272479988696366,0.020220578836725726
2022-08-25,0.015116119400376384,0.008367520859018011,0.009735342378181487
2022-08-26,-0.04765682262611114,-0.04076289524173914,-0.03476360314923888
2022-08-29,-0.014382832078480746,-0.003009167323635913,-0.004978936410430733
2022-08-30,-0.010126484950725198,-0.019142496440176043,-0.00957027304912068
2022-08-31,-0.013024430953108715,0.006340129972824662,0.0004913082925021436
2022-09-01,-0.007898532583600388,-0.00708947990198965,-0.011001390790427702
2022-09-02,-0.011966652446659516,-0.011011899593164082,-0.010159583075966788
2022-09-06,-0.010368317907600991,-0.020015673776727038,-0.012930676463861751
2022-09-07,0.017213037369052202,0.018546474687726484,0.01776732363876079
2022-09-08,0.0030966152713435666,0.005038742114090194,0.009887996300595996
2022-09-09,0.025664123467378553,0.03442864362514303,0.03516115449108495
2022-09-12,0.01982500575005273,0.017137842726680317,0.01796904287613247
2022-09-13,-0.06033873901674276,-0.04230358912430418,-0.04054056972584015
2022-09-14,0.007627509723051405,0.001417081958016637,0.0023335790723654527
2022-09-15,-0.019098986251606664,0.014050197889610969,0.004342583702294148
2022-09-16,-0.008783138577443242,-0.022919330666481018,-0.026563711136683463
2022-09-19,0.012293592592903718,0.021909133543140988,0.020552853105999462
2022-09-20,-0.006257595360008877,-0.006223079490600766,-0.0088620558037187
2022-09-21,-0.017631072067952693,-0.04080072645652647,-0.035859800801425534
2022-09-22,-0.008610117787318971,-0.022152996085597208,-0.026871138145101746
2022-09-23,-0.016653127552223656,-0.021072121616450154,-0.018620617752808065
2022-09-26,-0.0037371102500551923,-0.01838992633209065,-0.016655463462567622
2022-09-27,0.0032696728587951565,0.002060762613996806,0.003529382846222004
2022-09-28,0.01439272352777467,0.04774051812935499,0.039899007548449196
2022-09-29,-0.030746562867004997,-0.015044295606044582,-0.01512852602794889
2022-09-30,-0.01999101699076397,-0.015144846568093406,-0.014820526565868176
2022-10-03,0.029728906650003176,0.018511683567584307,0.025243695848888328
2022-10-04,0.03602043906739981,0.03875520162487117,0.03973779815343875
2022-10-05,0.0010785970362839046,-0.007553520022090281,-0.0015430669459866988
2022-10-06,-0.005052256279735532,0.014080570369080753,0.003664987406566139
2022-10-07,-0.04239516482397092,-0.06790160794439278,-0.05095569062598737
2022-10-10,-0.013775961603121894,-0.007824057868364513,-0.019518055789163314
2022-10-11,-0.014442844476505063,-0.038633307381311904,-0.0253598994521553
2022-10-12,-0.0009632266829101408,0.030444530230975854,0.01176442579055991
2022-10-13,0.026614321689689486,0.027094819438257468,0.023520695509442826
2022-10-14,-0.033333444018874586,-0.034935543779861744,-0.02896519494466804
2022-10-17,0.040114623161122964,0.09421861879724988,0.06011595950323864
2022-10-18,0.01469755979920385,0.007536633931359318,0.015907557736260004
2022-10-19,-0.0009243604649494551,0.03031607802406404,0.005253684666661229
2022-10-20,0.0031462045001830956,0.004821970347179728,0.007586129685143558
2022-10-21,0.023778004169153762,0.031567891329967845,0.02324380014055449
2022-10-24,0.009980995518546408,-0.014714369188346699,0.0014561647339348316
2022-10-25,0.02366270800398801,0.053945266926597894,0.034703229861133895
2022-10-26,-0.034271645342593214,0.003056349321226258,-0.03160038717000466
2022-10-27,-0.015462436019733801,0.001884415843100035,-0.006142773787123214
2022-10-28,0.03269276445077534,-0.006612529068792223,0.012789664251712783
2022-10-31,-0.013520023605633934,-0.018058809543165456,-0.01450246944559183
2022-11-01,-0.020387370383233003,-0.003202762235058793,-0.0008951621884380812
2022-11-02,-0.0404344791032852,-0.029111106111809833,-0.025612676928187444
2022-11-03,-0.029156123926185,-0.022974718451086836,-0.024044942784917
2022-11-04,0.007851603993606645,0.0012527273141358793,-0.005876995508652542
2022-11-07,0.0120718892358754,0.005609778348461829,0.005031931122546389
2022-11-08,0.008964488882357723,0.014274896115703864,0.015491598433206402
2022-11-09,-0.03588987036647956,-0.03270259498132485,-0.029372682978322892
2022-11-10,0.09485059225363988,0.0689464436333206,0.05883256955671661
2022-11-11,0.02464692050282074,0.023018246483793584,0.021560953788111306
2022-11-14,-0.008388119245589484,-0.0026023256207851706,-0.0024171724836474923
2022-11-15,0.015036764345395727,0.015141824666331405,0.013119315863666567
2022-11-16,-0.016132060121473835,-0.015281714465952308,-0.011757583165702381
2022-11-17,-0.007993482420355216,-0.008620409389382432,-0.006862420082972514
2022-11-18,-0.0029602967730254872,0.0012179251672455075,0.004998390721994952
2022-11-21,-0.012538874040891823,-0.004943163075571713,-0.004090988959484759
2022-11-22,0.017757043761557192,0.013674041792724011,0.012467628491699627
2022-11-23,0.013599775101450214,0.014368801067534942,0.01409625660093627
2022-11-25,-0.008874315941240829,-0.002957680411658851,0.00014590982552878073
2022-11-28,-0.016040262183832827,-0.013741512704109702,-0.011033803067295145
2022-11-29,-0.012717897533397212,-0.003695899448340176,-0.0038043596724127303
2022-11-30,0.04942407889949271,0.018644076417400096,0.0056311786227866215
2022-12-01,-0.005312983399024015,-0.010248638453922812,-0.006231575586063228
2022-12-02,-0.007148548339413629,-0.0073170664190902405,-0.01015212563787417
2022-12-05,-0.023096295897451533,-0.036414681508955625,-0.027644851877797097
2022-12-06,-0.0239675028321014,-0.019204863311952643,-0.009367280291256963
2022-12-07,-0.008086963376226136,-0.0089279281666096,-0.012319415271277844
2022-12-08,0.01290991444366364,0.003379150867610975,0.005044008372110736
2022-12-09,-0.004085284926010291,0.009027377099367151,0.001076232071054059
2022-12-12,0.018077323870393156,0.014956644841398716,0.01535669797193074
2022-12-13,0.015146341690603023,-0.006757142529176455,-0.001721631982614391
2022-12-14,-0.010366932471016844,-0.007197410003497751,-0.012964057403993269
2022-12-15,-0.04080508145793999,-0.04424105286230198,-0.031331270585222136
2022-12-16,-0.013786933685665465,-0.010960898029315137,-0.008011625076811985
2022-12-19,-0.016716164636221182,-0.02311210872506068,-0.015316731930556543
2022-12-20,0.0007169619122835409,0.0007901547548403446,0.007124195291786494
2022-12-21,0.015913848129834887,0.007286665792928973,0.011065516396715934
2022-12-22,-0.02678484794571898,-0.003935831152975154,-0.011815669435683851
2022-12-23,0.0024882143689180626,0.003191051029959205,0.006493752376533771
2022-12-27,-0.019009431640874815,-0.0017725093769341538,-0.007813275122376498
2022-12-28,-0.018098608051468554,-0.017704420033662096,-0.011796056521236631
2022-12-29,0.03044614243691378,0.03208832785525595,0.02001717926872246
2022-12-30,0.00013914863804195287,1.2071283473122066e-05,-0.0021330708006767137
2023-01-03,-0.0074452101422341505,0.006694923810560548,0.008907397032292676
2023-01-04,0.006934550306828947,0.023640695240467018,0.024926238494883398
2023-01-05,-0.021031855762137244,-0.009841658291964558,-0.007911794205236484
2023-01-06,0.027680470451842052,0.018983089460167538,0.0250752748306965
2023-01-09,0.016967403493408355,0.023790794266521625,0.014799677964481738
2023-01-10,0.009684283067388742,0.01686535514094207,0.014666537533211812
2023-01-11,0.019977412327995728,0.01057642413453924,0.0007465176057715638
2023-01-12,0.009848402203032307,0.012686121343716881,0.012346949027788429
2023-01-13,0.011391998180689063,0.0038608740868608165,0.006659140533553575
2023-01-17,0.005481113701536048,0.01900026016612155,0.0016290337075129423
2023-01-18,-0.010906762034220065,-0.018338342048049648,-0.00884042636581074
2023-01-19,-0.006624332633155279,-0.01822761976873845,-0.008209024945722067
2023-01-20,0.03687939938948939,0.027172917063707138,0.02224408873057525
2023-01-23,0.025346833137547976,0.018614456714126662,0.012545676954184811
2023-01-24,-0.0012005416420706758,-0.009977580788997827,-0.006521836334524111
2023-01-25,-0.0021487323605431864,-0.0024642596669536753,0.00722473225086437
2023-01-26,0.02398939777180248,0.012773891959615277,0.012166926362139277
2023-01-27,0.015175805590833943,0.011946995020399196,0.007842471549899732
2023-01-30,-0.021591317900949595,-0.02116601956513157,-0.009042920531654026
2023-01-31,0.01658957512734703,0.02460936227788826,0.0169196068180904
2023-02-01,0.021313939765324502,0.01514449867849634,0.014097295740040263
2023-02-02,0.04112923512515876,0.00774003296962285,0.016380544618894734
2023-02-03,-0.014837431122283242,-0.0014149737285736133,-0.00847540879019621
2023-02-06,-0.01282593247369973,-0.01389570282068332,-0.013335498391669393
2023-02-07,0.0251497761632913,0.016580439082514248,0.014608574429009893
2023-02-08,-0.01647058145790327,-0.002407137646636566,-0.001208111716861852
2023-02-09,-0.007965500326770953,0.0015888067691322613,-0.00044076239444347255
2023-02-10,-0.013124868868304773,-0.015019974991600064,-0.013847721916741216
2023-02-13,0.018568715219876502,0.016022570140504604,0.015558177783950349
2023-02-14,0.006259351794431478,0.005135265640604484,0.004696850653174672
2023-02-15,0.010078591320607103,0.009941847174773468,0.014305717984309836
2023-02-16,-0.020482312017740215,-0.019574352581640066,-0.019585022578423907
2023-02-17,-0.013242170349559847,-0.01143382591212376,-0.010529688832358587
2023-02-21,-0.025477083706853355,-0.023471877792100814,-0.022913701682657807
2023-02-22,0.007020636678946151,0.02397447770942513,0.029371120776603837
2023-02-23,0.017232246352460272,0.009489129411387267,0.007877416377309002
2023-02-24,-0.01744960590997622,-0.011138435565025544,-0.012251911631797778
2023-02-27,0.006981766626451667,0.0017769194351351166,0.004547661099288661
2023-02-28,-0.0018208085620893145,3.3064400557280474e-05,-0.001667349546232174
2023-03-01,-0.008453357433846991,-0.03985096650315287,-0.038130181293693555
2023-03-02,0.022559909076382695,0.005238244503676457,0.007709971931857179
2023-03-03,0.022535343813656628,0.03232066766612755,0.030627634776991933
2023-03-06,0.0028092998344205005,-0.02154718885180989,-0.021583593360543607
2023-03-07,-0.01075239740083979,-0.0188390322678082,-0.018482980310961905
2023-03-08,0.0081360801475212,0.02984832547255473,0.029280206251281932
2023-03-09,-0.01966757104867079,-0.042570863383590674,-0.04263330233924558
2023-03-10,-0.01813738342611115,-0.015358479903106254,-0.01333975130505899
2023-03-13,0.009111327743322338,0.003355542406690871,0.0032584998832647224
2023-03-14,0.02666237987788835,0.026473747964466558,0.02435247087762029
2023-03-15,0.007496753931812773,-0.004883605828266005,-0.008194886212531305
2023-03-16,0.03089990224379972,0.030787467507114287,0.03159015339050084
2023-03-17,-0.002431733278742462,-0.0008231318318739246,0.0007425398893911905
2023-03-20,0.001603102685239706,-0.0020419405662640863,-0.0031841297036829
2023-03-21,0.018419331835831967,0.022466165240541843,0.025645633543830714
2023-03-22,-0.010262714255864358,-0.02162470112345178,-0.022449157118577704
2023-03-23,0.01332386775364547,0.007780267764575165,0.003383024091144457
2023-03-24,0.0013997295268685713,-0.01913345665085217,-0.02288984766093461
2023-03-27,-0.0077494162943580166,0.011145433829820544,0.012880992106710407
2023-03-28,-0.005843357181459045,-0.0048144768123034405,-0.004659277733695111
2023-03-29,0.019314482913429982,0.014127878956340415,0.012035981987205645
2023-03-30,0.00837124827079533,0.018367844550931895,0.017605644830407715
2023-03-31,0.017885048810962065,0.021890590495488856,0.02381222398367103
2023-04-03,0.00022123708836196387,0.001810942368034496,-0.0029231100235810044
2023-04-04,-0.0009003640029731009,-0.007066958220370502,0.0015585378191419776
2023-04-05,-0.013261739892325057,-0.00218995055106541,-0.0031846876517906673
2023-04-06,0.007952951172878519,0.0013660033765868216,-0.00014446141386201361
2023-04-10,-0.004930324019915566,0.0017563191605348603,-0.0012347256036550857
2023-04-11,-0.01108130835469285,-0.0013295367488132088,-0.004815965482232301
2023-04-12,-0.006415824212200709,-0.006959439714849512,-0.0031800691324575976
2023-04-13,0.025892413128779657,0.022867748352710424,0.017691452675818887
2023-04-14,0.0009907375445397217,-0.007853026002664519,-0.0024055785825103657
2023-04-17,0.0006649042390340253,-0.0011456359770974877,0.004048877953678384
2023-04-18,0.0035896363157110643,-0.0016941228571105886,0.0029822164848476913
2023-04-19,0.0027390982398102152,-0.009362454629231867,-0.0030823825580296687
2023-04-20,-0.007272149539538894,-0.014003348909888084,-0.025423468694356553
2023-04-21,0.002628605593870089,0.0023770171607950335,0.0071389295588288266
2023-04-24,-0.005107476944877322,-0.00897918513991202,-0.01667681112266274
2023-04-25,-0.021859109617690786,-0.02251237353773429,-0.018746764430114384
2023-04-26,0.013678791755910743,-0.007250166874682371,-0.0026346619306407497
2023-04-27,0.027145265482231763,0.013954961840434224,0.021469118016856876
2023-04-28,0.0024475373849571123,0.01698803848204364,0.015721967597342207
2023-05-01,-0.001016010573222642,-0.015728043372686077,-0.012679822384259014
2023-05-02,-0.01086622501884817,-0.007902552979045902,-0.012188326401031095
2023-05-03,-0.0043698386800776375,0.0011710238230026677,0.0020232932331467894
2023-05-04,-0.005033041072961421,-0.006187427879825163,-0.004733984034827794
2023-05-05,0.02971412805464035,0.02037749373916276,0.01355998606390873
2023-05-08,0.007943949813799577,0.019232280775590138,0.017910212335343154
2023-05-09,-0.0037901285702669377,-0.010408129491792338,-0.0031350485731556576
2023-05-10,0.016932923673706444,0.015197357667842068,0.015905631332727384
2023-05-11,0.0025975815363254184,-0.0029001938444349097,0.007781254229510099
2023-05-12,-0.005381984045790716,-0.011607687537745,-0.007980092255204269
2023-05-15,0.0034026343004225673,0.005688644232402821,-0.0029685529201752643
2023-05-16,0.0058435931296860364,0.0016599284870256483,0.0021680606263967213
2023-05-17,0.014301585666777732,0.017603294060349207,0.016429966099792838
2023-05-18,0.02100139439132213,0.029175839426334553,0.04468730063051981
2023-05-19,-0.005656914450775035,-0.012447667033384121,-0.012975846226064675
2023-05-22,0.0010779574480840194,0.002876063841528465,0.0016439109795665097
2023-05-23,-0.015387699868564145,-0.013722819162700564,-0.016799942124964697
2023-05-24,0.0033118797293246295,0.007736499174407091,0.007051718694880521
2023-05-25,0.03455835381020893,-0.010164109993115357,-0.004781128969529312
2023-05-26,0.021988624494501834,0.02840463429616171,0.03165016563094915
2023-05-30,0.009527434587074555,0.012171167128575668,0.013574493582422301
2023-05-31,-0.006191719031633527,-0.0017739464918238063,-0.0006550131453011838
2023-06-01,0.011085220128471336,0.01551455041411081,0.009203329801808111
2023-06-02,0.003997707383917312,0.01256708471527339,0.004902133283103607
2023-06-05,-0.00046882722039860155,0.007170723627494346,0.006063068862458485
2023-06-06,0.0016527140609403613,0.01040651075349356,0.006107721336654915
2023-06-07,-0.023621245355674815,-0.02464543556615962,-0.019445859553714147
2023-06-08,0.013966670483196034,0.007936601778456663,0.008914974041752606
2023-06-09,0.004314871859971738,-0.003125115541382752,-0.0004712943860054985
2023-06-12,0.013739730382133788,0.014477218740127975,0.00725286895680701
2023-06-13,0.0039183063147503845,0.008555143790876449,0.012202037963320797
2023-06-14,0.007774989260925465,0.0010713768547192968,0.005008944839275463
2023-06-15,0.011403202390413005,0.014249899502612849,0.0176472447293026
2023-06-16,-0.007701023438745189,-0.003917646638557521,-0.008903300676346461
2023-06-20,0.0025122230108236493,-0.004691878338215476,-0.005087402670228815
2023-06-21,-0.014771303596805016,-0.015407711544336134,-0.018659658783348094
2023-06-22,0.01719100697328969,0.015508721409462906,0.008550962203141154
2023-06-23,-0.008320472903433504,-0.012245591891509769,-0.011625126966240863
2023-06-26,-0.016383808287256583,-0.010154018203898666,-0.012905805409971431
2023-06-27,0.01409665038952199,0.01405671367213726,0.013830998446502984
2023-06-28,0.004739880085887706,0.0020504181209407366,0.0027891946734899522
2023-06-29,-0.00274752829512935,0.00040747867549189936,0.00498018846393726
2023-06-30,0.01775454078482226,0.014723197891335357,0.014010358817156414
2023-07-03,-0.0018150585184467998,0.00033972246959063876,0.0011383965010134073
2023-07-05,0.001468239274861194,0.00015004212056314546,-0.0014311758495693285
2023-07-06,-0.006091188422473304,-0.012139909731920147,-0.009689967367911579
2023-07-07,-0.0021827727192122674,0.007987374884607698,0.00046840736500600936
2023-07-10,-0.007546472296901984,0.009057445355574368,0.0027464570662498458
2023-07-11,0.008179563846700181,0.006276507090806865,0.004459665199258808
2023-07-12,0.012910579477212535,-0.006952987528136854,-0.003661058191888866
2023-07-13,0.02020847283958397,0.016321919780967094,0.010075928698156112
2023-07-14,-0.0009142348166232553,-0.017745336327732522,-0.013333087866667028
2023-07-17,0.006596954091736843,0.01115824359162102,0.0011556398494469594
2023-07-18,0.006550960725285984,0.011671503386030438,0.00529993343699864
2023-07-19,0.004366382412251388,-0.00481638296451736,0.008662319604324838
2023-07-20,-0.0234774185016537,-0.012857143580181774,-0.0056284303742304065
2023-07-21,-0.005647527568635202,-0.00899227241276768,-0.007808315920307795
2023-07-24,0.0010744481157276828,-0.0062481436614326355,-0.0018383522752427536
2023-07-25,0.006448351707065851,-0.004909954305633175,-0.0043544555911957114
2023-07-26,0.002533630098151556,0.005889200831618447,0.0036797064956896166
2023-07-27,-0.0044591412727548315,-0.010822942539917979,-0.006024136359443377
2023-07-28,0.017114891224851176,0.016932555534189556,0.010774988670687055
2023-07-31,0.004288573965486025,0.009573656639811558,0.010636525033205708
2023-08-01,-0.0034520000496868993,-0.0014009249907883652,0.0018023379659817176
2023-08-02,-0.025443601630134916,-0.03127758127044702,-0.03253967847697557
2023-08-03,-0.0034730583313788443,-0.013997046704141083,-0.011125105880314574
2023-08-04,-0.006866244988007034,-0.010767006556276581,-0.023162549319521247
2023-08-07,0.004801029191252852,0.009325558536318695,0.0018321555741649628
2023-08-08,-0.007418457733064747,-0.010261883332237784,-0.01063336097066439
2023-08-09,-0.016780176630560764,-0.01463585383151431,-0.008835616821242606
2023-08-10,0.003229755996443886,0.0014669694642577855,0.00232701635267056
2023-08-11,-0.00508750970971125,-0.006807504915599951,-0.0012738483164396787
2023-08-14,0.018488667452630295,0.019924703121990166,0.015927562919234615
2023-08-15,-0.01139793907276497,-0.013185141024306055,-0.01396034341725384
2023-08-16,-0.008174460631683821,-0.006440608501947268,-0.006787008435437932
2023-08-17,-0.009875056919042752,-0.0066497016811635215,-0.010369304939571672
2023-08-18,-0.0010258201483133924,-0.0025737660865883727,0.00031365690968030276
2023-08-21,0.022804639244999404,0.026571159603995045,0.03654278123690173
2023-08-22,-0.002359999603450478,-0.0020669833377064055,-0.00551090786378155
2023-08-23,0.01795317264931142,0.018904957593221354,0.016001200610504973
2023-08-24,-0.021430341729826854,-0.02005059189656174,-0.022351590495827543
2023-08-25,0.007574246884425823,0.005007460395122072,0.008903073671655262
2023-08-28,0.006963229535985086,0.0050422031225389324,0.004896487682289345
2023-08-29,0.018900884348616517,0.022160054863901605,0.016488157113265196
2023-08-30,0.010638908323134017,0.009985584105228734,0.01134046768807315
2023-08-31,0.008298547951392427,0.013064922412836986,0.016934689236807823
2023-09-01,0.0003641610278298694,0.004066336669352382,0.002286818476025283
2023-09-05,0.0009619917956793726,0.0062239725067668,0.006484080324061019
2023-09-06,-0.015028629612307142,0.0006855545748026424,0.004622525183077465
2023-09-07,-0.008296868450450023,-0.007437313163801864,-0.003737634312969901
2023-09-08,0.004139228682982226,0.003045276627110085,0.003224671336694904
2023-09-11,0.008273436734589324,0.002041337910253957,5.438231155969452e-05
2023-09-12,-0.013322796712544459,-0.0027137520313484194,-0.00031039667449417465
2023-09-13,0.0008586004750928245,-0.01229857424684702,-0.011911272194145804
2023-09-14,0.0045181428745888624,0.0001852774130467909,0.0002500871440632112
2023-09-15,-0.015206109879658201,-0.0042664050229537336,-0.0016069440448872295
2023-09-18,0.004642389036104641,0.0029908254027068122,0.0038696968361124884
2023-09-19,-0.002750786010510662,-0.007390058740718029,-0.008531017772589368
2023-09-20,-0.019692964855257185,-0.015055361620023557,-0.013667669434623154
2023-09-21,-0.018422960763325506,-0.019931467570050397,-0.020741248749604767
2023-09-22,-0.0004707316194514601,-0.004154809594200426,-0.004791072101923965
2023-09-25,0.006094743878716218,0.008176922721499905,0.006520094321375489
2023-09-26,-0.019391243776463795,-0.0056314278238111986,-0.0029216476912548943
2023-09-27,0.001632031252454776,-0.0020081564928758192,-0.002138320735725227
2023-09-28,0.005182435460793323,0.008141517366526648,0.008748966254940494
2023-09-29,0.0024963780567077987,0.005770609448149121,0.0069717661362254804
2023-10-02,0.015965998939301736,0.010305581997083842,0.007236201724824615
2023-10-03,-0.01943567780038016,-0.02261843770839909,-0.020762603113571993
2023-10-04,0.01239699897208051,0.012958679001761736,0.012829816130854757
2023-10-05,0.0035348109689300545,0.002143965650715579,0.0019736704172247936
2023-10-06,0.020916335336810633,0.03144616971832703,0.028797081934099276
2023-10-09,0.004820549116612466,0.011725571127414514,0.008572103257389925
2023-10-10,0.0011127092189492061,0.008723614668103436,0.008370581378161183
2023-10-11,0.010428231751207611,0.012141116074412699,0.012126688296285935
2023-10-12,-0.0007876807006358931,-0.0028383459905496453,-0.003082674213953181
2023-10-13,-0.012519729514214772,-0.015088357902584568,-0.018433129322532472
2023-10-16,0.010897989056529165,0.009951285142524139,0.008728072486202996
2023-10-17,-0.007412974241998015,-0.0019517102510323828,-0.0015464880846112904
2023-10-18,-0.016277678523809902,-0.010375950045015292,-0.01178514842478047
2023-10-19,0.0029551402474102917,-0.007405540568415649,-0.002126024711009279
2023-10-20,-0.01794786924827102,-0.020652163573864218,-0.019323077444166392
2023-10-23,0.007386292691809537,0.0037836177252877244,-0.00017845625114735016
2023-10-24,0.009797871793889287,0.02202290904976437,0.02597588174550894
2023-10-25,-0.028861769563059296,-0.04210965403942754,-0.04178617028988172
2023-10-26,-0.022695322723570503,-0.026416716647868748,-0.01739562853464724
2023-10-27,0.010355174494370843,0.004512784399362359,0.0017592944040351595
2023-10-30,0.01827576396586145,0.013104643691482062,0.013029839308787783
2023-10-31,0.0027776787463431934,0.008263029159295405,0.006870083197541553
2023-11-01,0.020511260727698603,0.017993500723176573,0.012830811583079436
2023-11-02,0.017450879935270558,0.017823253034844774,0.020730741137493337
2023-11-03,0.006873107893704965,0.013204714522100197,0.01224630848075065
2023-11-06,0.007908348595922493,0.0016380148822429427,0.004296253133278456
2023-11-07,0.012748515663088126,0.008127246254158279,0.00645188933013381
2023-11-08,0.0043935941548052535,0.010106707432647664,0.004059844143049465
2023-11-09,-0.0031186369074254925,-0.00454483808425173,-0.0029696248979912514
2023-11-10,0.021713609075346398,0.022646895097892694,0.019193465766569988
2023-11-13,-0.0022001807070689446,-0.0005709166512888024,-0.003421777614434862
2023-11-14,0.017149210475893937,0.015141113475772124,0.011541847942062838
2023-11-15,-0.0016390977871433227,0.0014559321426962965,0.008753013585002495
2023-11-16,0.0073784530487988245,-0.0008678107319035152,0.0004259158541792588
2023-11-17,-0.0006086956305965195,0.0030792163550313737,0.005780243034013351
2023-11-20,0.013220544841694338,0.014668242102603243,0.009733670220764816
2023-11-21,-0.0048759702897754114,-0.003425922529847325,-0.00514819766259405
2023-11-22,0.0036704078610651134,0.0048377046495128645,0.008411586176046575
2023-11-24,-0.004531080680097588,-0.00020844749481614588,0.00260855647557894
2023-11-27,0.001794839169672878,0.005233341600268772,0.0013838314023122671
2023-11-28,0.0016760257103324175,0.0012749564464842242,-0.004054717632617245
2023-11-29,0.0019504377535253712,0.005412226601228844,0.0032537650077430484
2023-11-30,0.007412387546263705,0.0013409866078675033,0.005860528747837388
2023-12-01,0.00455674571366337,0.015392668070850046,0.00533381898989867
2023-12-04,-0.016497415182142653,-0.007687924583770893,-0.01086724483463898
2023-12-05,0.01255935911592223,-0.0007324264078798823,0.0028653959751065473
2023-12-06,-0.009898525937282309,-0.012672653487439145,-0.01336144578904303
2023-12-07,0.015258817564068144,0.0051934594312666,0.00553116320172935
2023-12-08,0.00596819836917806,0.013063128982473672,0.0038085405434165887
2023-12-11,-0.007728982088394208,0.0019050435999426328,0.004085555323402426
2023-12-12,0.009375783132048216,0.015060059246741819,0.010848894510947931
2023-12-13,0.010418569074921407,0.023108216562234968,0.01733036657291926
2023-12-14,-0.003969740064615718,-0.002273024430851528,-0.006418650213812325
2023-12-15,0.007577865047670695,0.005308233286236113,0.005619020240045908
2023-12-18,0.008541554403819103,0.00573961279221967,0.007806564426621531
2023-12-19,0.0027652261831820255,0.00708702254140435,0.00720443190995371
2023-12-20,-0.011774054782655008,-0.019744038385863378,-0.014818570520831723
2023-12-21,0.010027877011364029,0.006071844025827864,0.008005984790154724
2023-12-22,-0.002007883812951428,0.005161974423279439,0.002507780281472797
2023-12-26,0.001055973033116107,0.007750212669777069,0.005805788166765036
2023-12-27,-0.0007641655320276325,-0.0011297810507496537,-0.0012238970615348094
2023-12-28,0.0005841302667949618,-0.0026482996143951023,-0.0013368586631810203
2023-12-29,-0.004407225724746768,-0.008666722491810618,-0.005110967508420703
2024-01-02,-0.022554435156848802,-0.011820338998177804,-0.006823602251282662
2024-01-03,-0.00659178979341989,-0.009687433169625372,-0.007310804195675697
2024-01-04,-0.008575327390011536,-0.00021933229658012665,-0.0014674499078065155
2024-01-05,0.0019108002039768734,0.007261445433507827,0.005281641313403099
2024-01-08,0.029117977485212044,0.017741120528551722,0.011512570293894405
2024-01-09,0.006174122646366143,0.00019322372076910807,-0.001784692724018193
2024-01-10,0.011728821880186932,-0.001384386242290155,-0.0013629273215762148
2024-01-11,0.006050950269670498,0.003049507520443385,-0.0036082916690014836
2024-01-12,0.0015247655077964644,0.0016241477261218454,0.0027416696185150976
2024-01-16,-0.0012624797457771904,-0.009531863639058353,-0.006970729453055065
2024-01-17,-0.004817968673646272,0.003166163721526369,0.0019419977059737703
2024-01-18,0.018555129680984085,0.017438954014864463,0.01019948927470811
2024-01-19,0.018554121603288162,0.025612741783823216,0.020171253933816934
2024-01-22,0.004416037849074363,0.002840317519608242,0.0056770042731340165
2024-01-23,0.003218804629227414,0.007167600015679271,0.007175860397929776
2024-01-24,0.007044819646216722,0.007527524440089416,-0.0037017133138122094
2024-01-25,0.005504204416098338,-0.0021241111001539543,0.0021460800702424693
2024-01-26,-0.0006077844078346541,-3.6812674653628935e-05,0.0009739098993848149
2024-01-29,0.011172305535723142,0.0072948679995216755,0.006187385771000038
2024-01-30,-0.008231754898221562,-0.008436078003945623,-0.003344304384995883
2024-01-31,-0.026670047764420137,-0.014132147749924818,-0.016355596312649583
2024-02-01,0.014972048837444143,0.01409861455958775,0.01480087970216906
2024-02-02,0.01767095263921174,0.005864787956190453,0.015871191207877774
2024-02-05,0.00691669749685374,-0.0007353885902861009,0.0011072354457717344
2024-02-06,-0.0004702489788348012,-0.001606515337438655,-0.004579156237757672
2024-02-07,0.012372639426856015,0.0021168802822288633,0.007422865455400602
2024-02-08,0.0012220802188933557,-0.022319202726501317,-0.008948009783887339
2024-02-09,0.013399441491693025,0.0169515631979961,0.01776001499675602
2024-02-12,-0.008634452721094582,0.0018196983003986127,-0.0034577031949251207
2024-02-13,-0.013030195396478698,-0.012163739762378343,-0.014154970375632146
2024-02-14,0.010487955258100078,0.01310635374566457,0.012118941061290984
2024-02-15,-0.004209731827759493,0.0033599539784301964,-0.003859952047110717
2024-02-16,-0.007757558903173146,-0.00846729819044322,-0.007385877500516261
2024-02-20,-0.010490636443804725,-0.008771779430083122,-0.008360722868222453
2024-02-21,-0.010284930465578905,-0.005829045252876134,-0.0031528041226495667
2024-02-22,0.03703905532140666,0.02539474119953521,0.035309535937731104
2024-02-23,-0.0015403256334924384,0.005817543363800155,0.0027677338426008017
2024-02-26,-0.0019734138855681607,-0.0018313243987671105,-0.0034323602331851597
2024-02-27,0.0035910739166860844,0.00672289016751108,0.00177013840561962
2024-02-28,-0.005070347353974064,-0.0008696167901341532,-0.0028364824017105294
2024-02-29,0.010374681443862705,0.007296147165774795,0.012433423066008942
2024-03-01,0.005782207529005828,0.013035719151350718,0.010061776079631334
2024-03-04,-0.00813169414094239,0.000690652474977367,-0.0017146108034812291
2024-03-05,-0.02178576542881623,-0.014933378404541316,-0.010433828959580754
2024-03-06,0.0034248696344640556,0.0033751386969374957,0.0039993124426323514
2024-03-07,0.01241216980588681,0.008102903524114581,0.004632710054390185
2024-03-08,-0.004041021878372463,-0.002740966101970008,-0.0008868317362570748
2024-03-11,0.0006764697336944852,0.00272416071177501,0.004210215889678151
2024-03-12,0.016825340552478436,0.00877677441926594,0.006547291640952912
2024-03-13,-0.002708722992165903,0.00029612581576684085,-0.0008535902074106498
2024-03-14,0.005162489896000327,-0.0022152186372450975,-0.0037301598157237974
2024-03-15,-0.012921537001747294,-0.007817004457020436,-0.006261018474468971
2024-03-18,0.012216274469791233,0.012494960548485267,0.009561685691742844
2024-03-19,0.007015192986139739,-0.00025966628194324325,-0.0014502155813967993
2024-03-20,0.013051026371673234,0.01417454422082923,0.012961231247490393
2024-03-21,-0.008353695110864147,0.0031559275901966626,0.003769590705251286
2024-03-22,0.006266069516836635,-0.00569604253265777,-0.008606569468827565
2024-03-25,-0.0034824196284823743,0.0043565856528616585,0.0026402300193901175
2024-03-26,-0.00501789421258343,0.0018599450080827615,0.0015939839643209072
2024-03-27,0.0017684318330709505,0.00097027979501724,0.006541595953215369
2024-03-28,-0.0025736116264944695,0.0008392856269265039,0.0021655953723893734
2024-04-01,0.0021610471308451287,0.0006881920609744928,0.001615496565474574
2024-04-02,-0.004725997100989022,-0.0032730080047414147,4.2596956562509754e-05
2024-04-03,0.001622188519084201,-0.0022248601826449265,-0.0016050187995805061
2024-04-04,-0.017529556371553207,-0.015681630745442796,-0.01846922955151749
2024-04-05,0.016123583135805832,0.012812443927829384,0.014092711487606567
2024-04-08,-0.001779416102213535,0.0064659861598935124,0.006167238741798316
2024-04-09,0.001852760098665149,0.004944038766749455,0.0016007010549794261
2024-04-10,-0.0031978971993069896,-0.0028179027271286014,-0.0005577796139520244
2024-04-11,0.023167359295857764,0.0031403889651738974,0.004462490845277541
2024-04-12,-0.009086165546834894,-0.01641767613893997,-0.016953228182902576
2024-04-15,-0.02554038877494938,-0.017366824726266158,-0.014829621802322675
2024-04-16,-0.0013035693820759,-0.001846699246143083,-0.0028301323563313914
2024-04-17,-0.008840607816476012,-0.004897720922928506,-0.0020913124357019265
2024-04-18,-0.005506764487166095,-0.00418534792173648,-0.0014570733328359152
2024-04-19,-0.022718977222133806,-0.007905201403381593,-0.006212024058120854
2024-04-22,0.01282521603791057,0.008237185590291945,0.009837321072714627
2024-04-23,0.015783118037604776,0.016900153149399837,0.015211171843765938
2024-04-24,-0.002042742160352653,-0.0001558948220411251,0.001641431052819202
2024-04-25,-0.003262781417762937,-0.007398544531695706,-0.008757515201631132
2024-04-26,0.024392785818609354,0.029398418612555342,0.0257263166939748
2024-04-29,0.003713410132853759,-0.00020276613839313102,-0.0009390278396457912
2024-04-30,-0.021926589578812123,-0.014745121032971823,-0.013963217182489064
2024-05-01,-0.0015718440215195648,-0.006119924138495925,-0.001925390543497156
2024-05-02,0.02032062307156274,0.02871315936766031,0.035189407931119764
2024-05-03,0.026557810114177443,0.010379906944167754,0.009474470351644752
2024-05-06,0.00945340490606697,0.010668904693119024,0.009240815684576508
2024-05-07,-0.000666769508554798,-0.00264318156141741,-0.0032711016965517943
2024-05-08,-0.0002241182320099795,-0.004584003797942432,-0.004717954694226225
2024-05-09,0.0006399863024109675,-0.0003034085144225244,-0.0005026105637531558
2024-05-10,-0.00036970255702403065,0.0022561228496595464,0.002460358984944857
2024-05-13,0.00562456874715376,0.01017238288667133,0.011317999165100397
2024-05-14,0.005297793565185415,0.013859421598720728,0.015230965450149998
2024-05-15,0.01611564856278058,0.012577558304839106,0.011793873155399535
2024-05-16,-0.002204955789348523,-0.001277940641964563,-0.0018184511770891196
2024-05-17,0.0009220720763430193,0.0015465399430767892,0.0028721464698514896
2024-05-20,0.007498359456534933,0.010553249337091536,0.010744406899443022
2024-05-21,0.001989990536293001,-0.0005531938698505076,0.002381191941183025
2024-05-22,-0.0044745100655913216,-0.007851903625733021,-0.008113751903532224
2024-05-23,-0.002938528961577836,0.004046589725049211,-0.0017646907816446342
2024-05-24,0.008992665883859776,0.017267133465785754,0.01919205027813797
2024-05-28,0.0072664694317830306,0.006366929349841057,0.005025795323054765
2024-05-29,0.0008859434983452819,-0.0037438740213374217,-0.004895672468805072
2024-05-30,-0.035594145354324966,-0.0138017225273348,-0.011404647218264192
2024-05-31,0.008466916345246664,0.004922739474857933,0.0012181054240497642
2024-06-03,0.009016005516494532,-0.005052285788236457,0.0018529769151916032
2024-06-04,0.002404501355986597,-0.0015690476901257828,-0.0015718513747814784
2024-06-05,0.01659396989774737,0.03591565254498316,0.024972481910601557
2024-06-06,0.0028271336076919657,0.006429872039461501,-0.0018542868475492314
2024-06-07,0.0017641873683363757,-0.009227195804608741,-0.007392581638124864
2024-06-10,0.0008512464981705183,-0.0017656083730632627,-0.0016718657144551272
2024-06-11,0.021283664227478235,0.014696144042954024,0.0068455418584625555
2024-06-12,0.012515045306224212,0.011964371773946622,0.010468709721287512
2024-06-13,-0.0018533861857393666,-0.004785208630827793,0.001367360232309372
2024-06-14,0.0029274658627626796,-0.007941076517856862,-0.004857128505041809
2024-06-17,0.007525272633030438,-0.0050806770272942385,0.002961925971897635
2024-06-18,-0.0008933700038010036,0.0005973549408904937,0.005162412239909318
2024-06-20,-0.0029557228326882712,0.004340397406005019,-0.005198695539206997
2024-06-21,0.0010758318989356086,0.006265174157478423,0.0012307867009210864
2024-06-24,-0.012778665251339796,-0.021523072363048745,-0.021804260386767634
2024-06-25,0.014876266932282858,0.009134054605973137,0.010408764182366277
2024-06-26,0.011141058084444787,0.015212177668516631,0.01009196904142318
2024-06-27,0.008047840605433305,0.00709133060412742,0.001669902807597015
2024-06-28,-0.01032908863722564,-0.013131610135323655,-0.006070250162832168
2024-07-01,0.014308923636723448,0.006439165383158981,0.008281016416556715
2024-07-02,0.007170192236563342,0.0037883709848707324,0.004139495283888233
2024-07-03,0.00876370815585939,0.0034388794083840147,-0.0025634113244259777
2024-07-05,0.011298447201102235,0.005571636452404919,0.003030380155378468
2024-07-08,-0.001107126445551038,-0.0027857081860517,-0.004130371765655807
2024-07-09,4.765322995098863e-06,0.0006719024853026882,0.0023337385449108757
2024-07-10,0.010592510679813504,0.005063956532911495,0.0033262340680961793
2024-07-11,-0.023771138722694207,-0.015109239423049708,-0.013573034873915726
2024-07-12,0.006646177536187676,0.008000849713193743,0.005944379782505624
2024-07-15,0.005334295321592378,0.004973875415685984,0.00823505140717714
2024-07-16,-0.0017810651899239306,0.0036561972069480667,0.0050249089304543
2024-07-17,-0.024409002111615227,-0.011882675705988966,-0.0035496239386449266
2024-07-18,-0.012129221485874234,-0.011998575267515058,-0.01540402395917802
2024-07-19,-0.007407612091302468,-0.00366480957527148,0.0007676051140530518
2024-07-22,0.009296858687615945,0.002834831450567691,0.002919489793553642
2024-07-23,0.003679989357885703,0.0015258990926400734,-0.0008689718166470501
2024-07-24,-0.035491515575317156,-0.025221483943736203,-0.019774936669616296
2024-07-25,-0.007825945445453607,-0.0035785135123161367,-0.0037632012990308347
2024-07-26,0.00951262787865316,0.008583027951252528,0.006413132956225748
2024-07-29,0.00047975969611540557,0.0014608860589633854,0.004009206827867586
2024-07-30,-0.010283384707133502,-0.006265975079628157,0.0014488183623719124
2024-07-31,0.022780773402884646,0.012731279933173582,0.005386380377409523
2024-08-01,-0.019806987813767593,-0.02373540558034809,-0.02241631076008242
2024-08-02,-0.023487822237781668,-0.03664716471336154,-0.03873013926803052
2024-08-05,-0.039864826545328816,-0.027928143251807026,-0.03407344464660827
2024-08-06,0.005894338297386092,0.00658656387423487,0.0006940684381083595
2024-08-07,-0.0020956420478014932,3.1991701643261266e-05,0.0022884675225511098
2024-08-08,0.025088867734021955,0.012483281762118163,0.010819779241734424
2024-08-09,0.009783055870076529,0.009368870043897793,0.015155636107266536
2024-08-12,0.004724199558885916,-0.010701783821072609,-0.013075871136300625
2024-08-13,0.02127582574108793,0.02286665713694498,0.019861259385876646
2024-08-14,0.003311035759800363,0.006275566550721354,0.002724287505411689
2024-08-15,0.021251006629221036,0.022993667491098498,0.021674547342100337
2024-08-16,0.0038405657087615583,0.0055850507374694104,0.004419531065814361
2024-08-19,0.01215450252601659,0.01477114111196145,0.0172164181561118
2024-08-20,0.00022675305103503883,-0.0007450169852309273,-0.0007669641614116747
2024-08-21,0.00032010194605331245,0.005895952425981029,0.003415528716598942
2024-08-22,-0.015301526473703052,-0.012387927887910984,-0.011353550434482992
2024-08-23,0.013526286171394756,0.016953150763018995,0.015999377922029583
2024-08-26,-0.003059925635157074,-0.0006398428440286214,0.0021375612008754864
2024-08-27,0.0007364411597396368,0.0008605951553990176,0.00015550665307685897
2024-08-28,-0.011401345042494033,-0.007709469124657015,-0.004801576067664288
2024-08-29,-0.0008128791219020215,0.007558753263851493,0.009239118732071656
2024-08-30,0.006663737110270415,0.010079530504910526,0.00513535582114556
2024-09-03,-0.031106287570132937,-0.025500680347030992,-0.013385281391995865
2024-09-04,-0.00831800296684215,-0.005440964949200452,-0.006328364891508886
2024-09-05,0.005275817309525728,0.002428905384169061,0.001099792203852757
2024-09-06,-0.021180503780696622,-0.0194603832381296,-0.020652970221220552
2024-09-09,0.009427885017521023,0.014939437128104974,0.02066751759926499
2024-09-10,0.005631866965384093,-0.008179777487906686,-0.011302307042388863
2024-09-11,0.022512788243893047,0.012389311128895368,0.020847535648640277
2024-09-12,0.010602513419164369,0.018933404143821782,0.005897887591484377
2024-09-13,0.004496379830666612,0.02808981102927381,0.01471500616409595
2024-09-16,-0.007695020869230799,0.006692466815765956,0.00791827415305915
2024-09-17,0.0024233694850589937,0.0017167729890154525,0.008788728668037083
2024-09-18,-0.0007158134881848393,-0.007202162000171618,-0.008145091480069313
2024-09-19,0.0289265954906614,0.011461256351213872,0.017399899127264414
2024-09-20,0.0010687154275888123,-0.0016150020600566707,0.0013382970621811715
2024-09-23,-0.0032382631866668308,-0.0011385071873373624,-0.0016087317951046381
2024-09-24,0.006658189038381174,0.003148958508451992,-0.0025568654998904604
2024-09-25,0.0013979047735773866,-0.0030430666458343223,-0.0013711842237984862
2024-09-26,0.002314919432549293,0.002874795831581861,0.0036574337872997756
2024-09-27,-0.0028158214332425183,0.006111854662472822,0.008031761322937493
2024-09-30,0.006373480569751036,0.002558957079750734,0.003580244386462742
2024-10-01,-0.017950248332256818,-0.017209463402927255,-0.010935399494649854
2024-10-02,0.005155679665605619,0.016281243749721692,0.01641667008008252
2024-10-03,0.001107642594892544,0.012069807760325247,0.007790796293795668
2024-10-04,0.012350161104518368,0.013954327025068797,0.013077596123765241
2024-10-07,-0.015584085659260265,-0.0013636179616940206,-0.004730818582621482
2024-10-08,0.018301276269549582,0.011652281675105715,0.004888761751964634
2024-10-09,0.005556559326149691,0.0028352349167092205,0.007529025145588509
2024-10-10,0.004066499389442879,0.001839658236871991,-0.002770198410589163
2024-10-11,0.0009609341395913699,0.007164938034982365,0.00851486798356886
2024-10-14,0.00952528409311333,0.008415816694259096,0.003755196611289989
2024-10-15,-0.004052868469633297,-0.008953645811582926,0.0024173056481438483
2024-10-16,0.0023526531645411165,0.006861392516157485,-0.0059091184877232425
2024-10-17,0.001006251720952629,0.00564415977533618,0.008088364935309489
2024-10-18,0.0085435367777469,0.0005186014499450348,0.0006298527943865909
2024-10-21,0.005753063191409491,0.0060874986182980935,0.00029856678629188946
2024-10-22,0.001205317421499072,-0.004429818068894707,-0.0056875830003057974
2024-10-23,-0.018622121907965722,-0.010969858250044567,-0.004640178031458961
2024-10-24,0.0029846327631262706,0.0021493982882193185,0.0007131031893025551
2024-10-25,0.006373966495059528,0.003444867898331058,-0.001711818974965731
2024-10-28,0.004369266754632127,0.007862263297223573,0.008523634904272069
2024-10-29,0.008715621495882023,0.008455448871504385,0.01095639532014995
2024-10-30,-0.002371391110725823,-0.00423942049813187,0.001196528652034207
2024-10-31,-0.025001407930110055,-0.014263786563422422,-0.005199889285922484
2024-11-01,0.008718825066159031,0.003020629536735024,0.0006400767724789172
2024-11-04,-0.003124995711705746,-0.0055541625605012605,-0.013543662658535852
2024-11-05,0.010364810958713729,0.012294841634615037,0.010145624743939534
2024-11-06,0.025139822178558525,0.03697234757489765,0.04371856276995566
2024-11-07,0.016071910734590647,0.0110447932763657,0.0003657073260957636
2024-11-08,-9.56017256203989e-05,-0.0013966750429084077,-0.0011864707704195507
2024-11-11,0.004200857770888139,0.021041786958012735,0.02680393577051732
2024-11-12,0.005457658028904708,-0.005725897615224178,-0.0013008669698779485
2024-11-13,0.002476600325942788,-0.006679377999018316,-0.008525892970636804
2024-11-14,-0.0013699839888501799,-0.006684144056474712,-0.009659868304490343
2024-11-15,-0.019936232247233183,-0.025038869595285753,-0.021319854569794957
2024-11-18,0.003596230440862494,0.008071606107496245,0.005260222856698857
2024-11-19,0.011391206060242194,0.0054685459643521945,0.007221506944184
2024-11-20,-0.0013421103644084811,-0.0021695606169589068,-0.0001813565753831848
2024-11-21,-0.0028959544027379385,-0.0030181856440212843,-0.008756533143699419
2024-11-22,-0.0002803167324252123,0.004158114255513924,0.002384834636726739
2024-11-25,0.0024797256512953014,0.0061811419978859,-0.000948796186667447
2024-11-26,0.01231223066748734,0.0012691309287405769,0.001701404843018708
2024-11-27,-0.009255307032561276,0.004937794881670381,-0.0028088947743422398
2024-11-29,0.006857223329286185,0.002181173611405203,0.007201030621935957
2024-12-02,0.008983789723033755,-0.0003496972432910802,-0.002443111918900628
2024-12-03,0.0065794755730494104,-0.002392114476672662,0.006140380158972391
2024-12-04,0.02467770623691664,0.01102066983773631,0.002714882386816955
2024-12-05,-0.00042809502049404415,-0.0014752890719683808,0.0034110627514271352
2024-12-06,0.00402264518966305,0.009523328231986818,0.00409937492267937
2024-12-09,-0.005004637549855849,-0.012034693865374627,-0.009915334922493049
2024-12-10,0.0025938111615195765,0.0004718721410805635,0.0024396214569662416
2024-12-11,0.016999582459496208,0.011704943842360224,0.004699995428453714
2024-12-12,-0.0013614591873797883,-0.0023590433824809453,0.0038140552051556887
2024-12-13,-0.00671974137484116,-0.005272191038698069,-0.005063629656102786
2024-12-16,0.01218130798046486,0.006515330427159358,-0.0010224267305027738
2024-12-17,-0.002216983284923484,-0.005618481045172509,-0.002301938409193174
2024-12-18,-0.03148263124577232,-0.03807204516997312,-0.029273847907166695
2024-12-19,0.005888091624885497,0.0020761207465694338,0.003442428814223698
2024-12-20,0.015334770601839746,0.009177110873548321,0.010197755199483214
2024-12-23,0.006369530583068397,-0.0010598551122185914,-0.0006352375774708929
2024-12-24,0.010058996214513212,0.011468693475430237,0.010223365940878344
2024-12-26,-0.0020982108400350646,0.0034047151296572858,0.002067721295409767
2024-12-27,-0.014427750259321132,-0.011484104579734792,-0.009602262985546676
2024-12-30,-0.009523640706699726,-0.015480485873799785,-0.01029091876829201
2024-12-31,-0.008970774036800362,-0.0039137398449775405,-0.0020577988446466547
2025-01-02,-0.005468304871757525,0.010684728067623415,0.01283447199931075
2025-01-03,0.011597597137070105,0.010630120746078617,0.01424316871089744
2025-01-06,0.010752663543243604,0.01627784948147846,0.01960089502764007
2025-01-07,-0.018243830750953708,-0.009424285235651591,-0.01116736244782056
2025-01-08,0.0002951189252683276,-0.005732921918946059,-0.0023433192540222533
2025-01-10,-0.02073578920190999,-0.026915411978327333,-0.02487280443659841
2025-01-13,-0.0070113248735184305,-0.0021910008845906627,-0.0037826998003392073
2025-01-14,-0.0014383485124240178,-0.0002243508482790053,0.0012959017848708711
2025-01-15,0.021421264883488424,0.02123621393342086,0.022147884440282664
2025-01-16,-0.01727673511611722,-0.005372486458101915,-0.0035754521142547452
2025-01-17,0.013461579013915231,0.010027965604592624,0.011720073693365375
2025-01-21,0.0006745130523078625,0.015379495857755705,0.014592549330765234
2025-01-22,0.01939037771462492,0.04215555270941546,0.04180163494525707
2025-01-23,0.0024741047303544835,0.007352003143448852,0.0023327656569745647
2025-01-24,-0.004590369836001009,0.011527715722822865,0.013115145809477041
2025-01-27,-0.012257811167460072,-0.027498869485768795,-0.044609411270325264
2025-01-28,0.03341956551300822,0.01282317061266383,0.023278042049893716
2025-01-29,-0.00799215972585171,0.003907075161137367,-0.00010152666021257202
2025-01-30,-0.00900984649821796,0.015535990536471592,0.017057546205497938
2025-01-31,-0.003887563522593692,-0.008039498629385477,-0.008787228740239615
2025-02-03,-0.016100196776674607,-0.012466866542010747,-0.00884068335936746
2025-02-04,0.015520569429125013,0.029391874779245222,0.026920039343422106
2025-02-05,-0.0022224993196778677,0.015441461211533903,0.011421808795590576
2025-02-06,0.0011169925927962043,-0.02412987597028805,-0.03223110992954559
2025-02-07,-0.017014334152854232,-0.007104067351054284,-0.008209423807821074
2025-02-10,0.007699599880021082,-0.0009434231059224175,-0.0034907555562770903
2025-02-11,0.002958474449036977,-0.004552722513188839,-0.0003640938745658499
2025-02-12,0.0013540293770230168,-0.0017760007246408966,-0.006784969421884794
2025-02-13,0.015761367706184984,0.01601159826780311,0.013850690987577208
2025-02-14,0.003875674664254154,0.0031397643449494156,0.004799379592250871
2025-02-18,0.000608678397832806,-0.002531717298392349,-0.002028544599879625
2025-02-19,0.0005923084721209591,-0.00734418528528997,-0.011357536138334286
2025-02-20,-0.004941388639048848,-0.013186186528898072,-0.01231949518050398
2025-02-21,-0.02095543233553326,-0.02732898059927779,-0.02606185699945442
2025-02-24,-0.006418206080535691,-0.01142649952492952,-0.007795139014369908
2025-02-25,-0.009915993833531605,-0.0540403599948972,-0.03923057758880854
2025-02-26,-0.0017042333792078067,-0.001801738071752867,-0.0037791904077570594
2025-02-27,-0.02712422298928871,-0.0006863464838856099,0.005946868318053908
2025-02-28,0.01844263470607443,0.022255013879721952,0.025327627168622895
2025-03-03,-0.02666057972231134,-0.03726368104781379,-0.014142021460683458
2025-03-04,-0.0028552757252766924,0.001738472646730028,-0.022223082276901392
2025-03-05,0.009648050955730698,0.0088192189035634,0.005477088311327479
2025-03-06,-0.020955613182030968,-0.04904078560221037,-0.03845203749743485
2025-03-07,0.0036754449961086803,0.017378336373679724,0.0054284566802774705
2025-03-10,-0.04069793911144075,-0.04507110524202598,-0.026758248842315636
2025-03-11,-0.003943589642976173,-0.0171399168710494,-0.04281668223021292
2025-03-12,0.012232831106416877,0.018672289797735695,0.00809498759477748
2025-03-13,-0.02539556433192202,-0.029598723405413373,-0.02361825150369061
2025-03-14,0.026273264428049583,0.03234604850734179,0.020562603225592967
2025-03-17,-0.0003856815087564372,0.011670622146715128,0.010174453750765615
2025-03-18,-0.013048282887133045,-0.011925690407789034,-0.002158810808824747
2025-03-19,0.01437270319144668,0.02825498635172552,0.015976256726439365
2025-03-20,-0.0034088437702464894,-0.012473177932899246,-0.01521176242022119
2025-03-21,0.007844728679418048,0.0029346867258362892,0.006739790809648483
2025-03-24,0.01874041984784074,0.019744843603482193,0.00928179829479729
2025-03-25,0.010666459147468693,0.0032908762597340605,0.011703151497051284
2025-03-26,-0.02248667199452767,-0.015913921408521197,-0.006484689422587646
2025-03-27,-0.0038180153225877175,-0.008018313129117587,-0.0027753278221453598
2025-03-28,-0.029910306296899933,-0.035096005803077694,-0.029376261541316836
2025-03-31,0.0016840560119591008,0.011942990958403394,0.009920588570774687
2025-04-01,0.009447618957317622,0.008563515471306076,0.009267305043605208
2025-04-02,0.005507965806253926,0.0064595013974423614,-0.0008922571311527301
2025-04-03,-0.06748975853877336,-0.043690945631470086,-0.020778909982799493
2025-04-04,-0.058188631279232884,-0.06525832693737635,-0.06757156328734766
2025-04-07,-0.0015312711893244292,-0.0027210830703157758,-0.0032090777982004782
2025-04-08,-0.022337164662600946,-0.016272662390449725,-0.01654776619277722
2025-04-09,0.12787503958852198,0.09530649123985357,0.06245727154695454
2025-04-10,-0.041160159465369016,-0.02735857315488047,-0.014459051630621653
2025-04-11,0.024155447053668722,0.01859034994784976,0.01633947044969958
2025-04-14,0.006473021738267081,0.006139090402832143,0.010168765151477343
2025-04-15,-2.672982792765665e-05,0.007150325089456067,0.008948714840791572
2025-04-16,-0.03396485190013307,-0.020517849898824523,-0.01745969584224565
2025-04-17,-0.004057359416776272,0.0015333195448303742,0.004918648717361057
2025-04-21,-0.02773503979745084,-0.026539644088655407,-0.026181761402952388
2025-04-22,0.029361811899877542,0.030189106839118997,0.02822462781771005
2025-04-23,0.027867741325429417,0.01917160580958327,0.012386991566036364
2025-04-24,0.03146456055736186,0.025246299223775765,0.019189708237436168
2025-04-25,0.01316663885529354,0.0014350689637738182,-0.008601887386514639
2025-04-28,-0.0034958662383850624,0.0015124185381130374,0.006480136174988202
2025-04-29,0.005205091639501514,0.0072067175094526655,0.005188200816922857
2025-04-30,-9.26300427197789e-05,0.002788769188197398,0.008018691744437641
2025-05-01,0.01807809389728348,-0.002513120020037403,-0.0024091884577295665
2025-05-02,0.002325350528996945,0.014930500514322723,0.011189454338348448
2025-05-05,-0.012497441178889453,-0.00720985063375,-0.004120301287822501
2025-05-06,-0.002935719335568082,0.005493057909219661,0.0009731130719887636
2025-05-07,-0.0016189092629714321,0.0020123262553087815,0.0021606396193770945
2025-05-08,0.009805617112485142,0.017171351845252775,0.009082985672407704
2025-05-09,-0.0021672255596263215,-0.011085359591920049,-0.0026893150646418542
2025-05-12,0.049290870530696654,0.039336919514701134,0.026394090371049634
2025-05-13,0.01320722974672018,0.010692084360922467,0.001945468220847434
2025-05-14,0.009104063557505305,-0.00788972520400013,-0.00023320497831935946
2025-05-15,-0.004029582398241599,0.007974318394776077,0.007854508796214068
2025-05-16,0.0035569458474199304,0.007313295303203718,0.003694397058066035
2025-05-19,-0.0024411734804464123,0.0007555742216743861,0.001909268591062812
2025-05-20,-0.006811988546526919,0.0007484510372194332,0.0019619744904554688
2025-05-21,-0.014577385089812663,-0.03709181675113179,-0.03708002595932549
2025-05-22,0.004666601182759774,0.010209411552232612,0.009990770668337862
2025-05-23,-0.0179977309562154,0.0006877061847162219,-0.003747301806680662
2025-05-27,0.024143128360064544,0.019055074402233453,0.019276660583279478
2025-05-28,-0.003053924395257232,0.00899101574017187,0.004631392194767159
2025-05-29,-0.000990385270724698,-0.008241847333962795,-0.005199173986705502
2025-05-30,-0.00046637583658037745,0.012680916903843707,0.016270199839414037
2025-06-02,0.0020435068476899873,0.00683088795219665,0.009716408550570623
2025-06-03,0.0055251160123954484,0.0021409245203708378,0.003524172988112935
2025-06-04,0.00043520516664720957,-0.008426520275973093,-0.004750217305945091
2025-06-05,-0.00099452209743712,-0.002638474616903715,0.00492520844522049
2025-06-06,0.018143154411663056,0.01811744653073654,0.017476074240623606
2025-06-09,-0.000582884815499634,-0.009612975374576846,-0.005464638509759391
2025-06-10,0.0031900932110091548,0.022489887763371408,0.010650841676856173
2025-06-11,-0.009100034834872765,0.018456101195962974,0.008759922139718655
2025-06-12,0.0032984520445670314,-0.011699921617752504,-0.006821200696743498
2025-06-13,-0.014516781331776587,-0.007357977409320058,-0.0033977809225441973
2025-06-16,0.013552776864924175,0.03608196402387865,0.025944800147427602
2025-06-17,-0.005724414229748175,-0.0034907874745220765,0.001140621257494536
2025-06-18,-0.0026813583516391874,-0.0032504927536790105,-0.003114500244143509
2025-06-20,-0.0012102768890744464,-0.012852710468789627,-0.011953357606910364
2025-06-23,0.004713016368023383,0.009145551030603943,0.007248462504383956
2025-06-24,0.010672220685274573,0.013954872181334635,0.012006260876513387
2025-06-25,0.008187186336608792,0.009764962365256112,0.0071962527997016645
2025-06-26,0.0084140732312509,0.01757034656834927,0.013987282399618503
2025-06-27,0.009994507328503575,0.013350789115579312,0.012436667885277874
2025-06-30,0.0047855747219907796,0.005189591391785477,0.0026010874552308385
2025-07-01,-0.003117837943616289,-0.007942928335247814,-0.00878001934713341
2025-07-02,0.009446623654734738,0.00964509688360266,0.007832049256297907
2025-07-03,0.010725909083169798,0.009141775029287752,0.009832105272389579
2025-07-07,-0.009767636319037112,-0.010281511419821076,-0.010117856939587697
2025-07-08,-0.0016573680886315429,-0.0018731118286118703,-0.002938730465005732
2025-07-09,0.007816270200356338,0.005074984161982007,0.004060673478699797
2025-07-10,-0.003074058863403911,0.0018971083794618877,-0.000810779960446011
2025-07-11,-0.0028071846126769906,-0.00977192487556415,-0.012194300209043446
2025-07-14,-0.0007721939434956689,0.0064435714509130364,0.006350624800886874
2025-07-15,0.0041085156118008895,-0.0007247235605186777,-0.002559443065710661
2025-07-16,0.0013252364733194481,0.0035376064330635538,0.004035096888116468
2025-07-17,0.005511214966286485,0.0107977261490821,0.011977346113311188
2025-07-18,0.002539256264320338,-0.008502208573361841,-0.010821269062374614
2025-07-21,0.00649408151145292,0.003190524148674577,0.0035473569091083916
2025-07-22,-0.0023974704932770785,-0.005303237151033817,-0.004993308113075583
2025-07-23,0.004278270947903232,0.009280570354350502,0.007945712394577403
2025-07-24,0.005894075374158241,0.005060126060549822,0.003767016720045002
2025-07-25,0.0020680878310565852,-0.0013453691787969585,0.0009000046005236432
2025-07-28,0.002811296830591615,0.002692708772919721,0.0011524710979900906
2025-07-29,-0.007159916954962005,-0.01841680699105707,-0.019112774058951475
2025-07-30,-0.0029603747930602863,-0.0009751149243698547,-0.004251382871786154
2025-07-31,-0.004487614676980415,-0.007781954813509271,-0.009683887908804652
2025-08-01,-0.02825021207057582,-0.025175254239236305,-0.022069544624566735
2025-08-04,0.01217197641622181,0.013229883240941669,0.017086073864323252
2025-08-05,-0.006870524731227741,-0.01089646272673315,-0.014180550962933176
2025-08-06,0.021787067952353287,0.004320563666758921,0.0027980452695301034
2025-08-07,0.002662951983848027,-0.008619091950449432,-0.002559061026176206
2025-08-08,0.01672764229160399,0.0027910307907902062,0.008766215336013879
2025-08-11,-0.007206544029097329,-0.008363023510915868,-0.0040600629463117925
2025-08-12,0.009018579866396518,0.02021550595221709,0.014508812765590271
2025-08-13,0.006123770682582438,0.002172434919103581,-0.010116239770440264
2025-08-14,0.0017993405301022203,-0.0007652071521363376,0.0013293105224063512
2025-08-15,0.0022831828136148694,-0.0001365135779825126,-0.002873380709751161
2025-08-18,0.00041097701485208894,0.0037067351524174776,0.003209810660134315
2025-08-19,-0.008159273017610835,-0.015763794596499018,-0.014507909259911364
2025-08-20,-0.00900672058118638,-0.0014267809112104982,-0.0014623754201021596
2025-08-21,-0.00361200122014175,-0.0036512094612925925,-0.0035330202294217784
2025-08-22,0.017078605789138734,0.020897439908593343,0.015816615009713205
2025-08-25,-1.9521190271423547e-05,0.0018805953803084832,0.0023625659620947004
2025-08-26,0.0016491876092606882,0.0015904827376953712,0.0024744189795167407
2025-08-27,0.006569271570104963,0.004896262891598605,0.0011207830602806286
2025-08-28,0.00958653479073234,0.0031342137093161504,0.004867269437202109
2025-08-29,-0.005545961788501668,-0.0118305444503668,-0.008377037637293444
2025-09-02,-0.010140843904057372,-0.0075853611321294485,-0.006755385558096342
2025-09-03,0.022688075069944743,0.004429320268006329,0.012725990117088783
2025-09-04,0.004370151295117828,0.012079373626785383,0.007687080958558942
2025-09-05,-0.004084487987674056,-0.006632083869838055,-0.004295856729016164
2025-09-08,0.002573247978153632,-0.004032618842203472,-0.0005749334364262787
2025-09-09,0.0012602931121054853,0.006892295904609837,0.005184776154322678
2025-09-10,-0.013665048573735973,0.004808477427333331,-0.0007158404751538009
2025-09-11,0.0072192807467303275,0.014699239549827381,0.011991390780743608
2025-09-12,0.003926893765899753,-0.003192569771091455,0.0009366162106859323
2025-09-15,0.012133081230920401,0.011039788276596343,0.011702500628828265
2025-09-16,-0.001983679655119439,0.007105961347908325,0.00026221093498031927
2025-09-17,-8.7364875623048e-05,0.005771630657518876,0.004169487864409016
2025-09-18,0.006310804822294651,0.011460304836449506,0.010978097402419866
2025-09-19,0.014572594653507588,0.003211737489803132,0.007856247350030644
2025-09-22,0.013623005639437235,0.008291871700415262,0.011454192425655903
2025-09-23,-0.013780848670733368,-0.006299019257023534,-0.00975834186542486
2025-09-24,-0.005410122700624039,-0.0041018691635232975,-0.005742273664797916
2025-09-25,0.00053775280536233,-0.0025393718969274467,-0.00026837991933010175
2025-09-26,0.003124635481631301,0.012357276733118032,0.0065509726686316305
2025-09-29,0.003841529486034636,-0.009478975116415737,-0.002372845984640877
2025-09-30,-0.0025500541276956743,-0.008262853776820922,-0.0035121150856524085
2025-10-01,0.002288105567605396,-0.006563054498971394,-0.00607956233854596
2025-10-02,0.004662999783185177,0.006157543807201749,0.007793911669235506
2025-10-03,-0.000952974597148869,-0.009709528687964172,-0.004774130589487019
2025-10-06,0.0065913218036346465,0.0006388544568673701,0.0007968345108392622
2025-10-07,-0.006159743808585405,-0.005551063162048775,-0.005804644732877619
2025-10-08,0.008077884170677268,0.010759747054662984,0.009057673846532346
2025-10-09,-0.0013014604920382907,-0.0009517443491295502,-0.0017414873841505411
2025-10-10,-0.03054587315603155,-0.029918531487501364,-0.03221267080860689
2025-10-13,0.01738283168043768,0.02817798036773445,0.019340552828740136
2025-10-14,-0.010437426254216278,0.00950361996880895,0.007313183491674741
2025-10-15,0.0017583788479958687,0.015316579536338859,0.0046250582607179
2025-10-16,-2.128937145297872e-05,-0.01983936649028177,-0.01702630339186887
2025-10-17,0.008558436232008103,-0.009723782198879014,0.013389094370531844
2025-10-20,0.02274670028386811,0.023652716536926723,0.015344060188999488
2025-10-21,0.005627427332636341,-0.005607836384171181,0.0024592700096162635
2025-10-22,-0.012609977670894985,-0.02065190309065303,-0.0171261515787634
2025-10-23,0.005496038408335045,0.017915076339944287,0.013721618655998311
2025-10-24,0.011369195961194,0.01641744076841201,0.011875834054928818
2025-10-27,0.017924926557585864,0.0031841457928959037,0.00952464999099332
2025-10-28,0.008782276733360657,0.0017034875424674263,0.003266619985920241
2025-10-29,0.004452178912147142,-0.004269382419484347,-0.004147852783321056
2025-10-30,-0.002712411856412544,-0.03220685857929825,-0.018957447915831857
2025-10-31,0.010586087399178377,0.010346489026899873,0.010048216508880879
2025-11-03,0.00621976093009279,0.0127224254639268,0.006314854023775525
2025-11-04,-0.013118893028588123,-0.023904620798001697,-0.015956917675039227
2025-11-05,-0.000588980164190403,0.0011705745371398029,0.0026670196898401903
2025-11-06,-0.016767928592685416,-0.016711556044384172,-0.011267637928754516
2025-11-07,-0.0016275615836610965,-7.106442087908008e-05,-0.0008875490387038017
2025-11-10,0.018728749078147398,0.03266435979007833,0.025162809985006338
2025-11-11,0.006991288815677641,-0.004757194741366585,0.0023785452569649295
2025-11-12,-0.00434611238685904,-0.008342483734354604,-0.011701063182160827
2025-11-13,-0.019223903983847896,-0.028607726896169923,-0.02138525426131469
2025-11-14,0.0003150787814487467,0.0057814027243638785,0.005397565346931861
2025-11-17,-0.010712531019276213,-0.008912094048064735,-0.008955021346120992
2025-11-18,-0.01350650534691485,-0.015241289869578708,-0.006507572745303802
2025-11-19,0.0028687011764343337,0.014273637763974324,0.009761062167123347
2025-11-20,-0.017469858291501033,-0.02645288196443556,-0.022210650060739183
2025-11-21,0.010162653459519312,0.0038854878919441557,0.009313730538529127
2025-11-24,0.01825565659572956,0.025288604140670603,0.023028325566914483
2025-11-25,0.0071425548051221015,0.0004711693736996707,0.0047369195772585925
2025-11-26,-0.0002453778167227681,0.0034548281285229215,0.002175464899022243
2025-11-28,0.005841983121033457,0.0017724267968670714,0.003916891898148884
2025-12-01,0.004077973544240904,-0.009401453735793928,-0.007466630159415516
2025-12-02,0.006853551768919546,0.007211942094636932,0.004001422256167301
2025-12-03,-0.003298054123852244,0.0039639704354686315,0.0038423171819504335
2025-12-04,0.0011766221138508064,0.0004537253273363412,-0.0012580073854629836
2025-12-05,0.005348647017050842,0.012332902837938432,0.007044873871775845
2025-12-08,-0.002924553766339471,0.0030339626846706907,-0.007633951121977439
2025-12-09,0.0015907029006980837,0.008551109090776974,0.003864501234051322
2025-12-10,0.002076647015556245,0.01539715131070766,0.0124569806141989
2025-12-11,-0.00316398133833682,0.0035358673799571797,0.017617703987787132
2025-12-12,-0.008095674956604655,-0.004235789739957195,-0.0014426688917796395
2025-12-15,-0.011726350429006476,-0.008733805071708735,-0.006222750230547974
2025-12-16,0.0021366425361939944,-0.006561259910269035,-0.0047796867252350335
2025-12-17,-0.01176164155811247,-0.013024652076778645,-0.009564196825477283
2025-12-18,0.0099647789252212,0.0022953921790943095,0.0023861048880128694
2025-12-19,0.009879232872591275,0.00968997170237346,0.007162953607493393
2025-12-22,0.0030314063485172202,0.013430103305618666,0.008077226804962893
2025-12-23,0.008237186728372134,0.007873452201673257,0.00592625160843959
2025-12-24,0.002633280362393055,0.0022906758040159496,0.0033222629573049843
2025-12-26,0.001078174889108076,-0.0034968154932534133,-0.0028833573385491874
2025-12-29,-0.002064335757114954,-0.004078990144372929,-0.004643047236475653
2025-12-30,-0.0010283921104860757,-0.0007394021770781438,-0.0020725774005530247
